year,period,rank,company,value_musd,ref_url,table_note,wiki_revision
2026,Q1,1,Nvidia,4238000.0,,This list is up to date as of 30 June 2026 [update] . Indicated changes in market value are relative to the previous quarter.,1371146339
2026,Q2,1,Nvidia,4846000.0,,This list is up to date as of 30 June 2026 [update] . Indicated changes in market value are relative to the previous quarter.,1371146339
2026,Q1,2,Apple,3730000.0,,This list is up to date as of 30 June 2026 [update] . Indicated changes in market value are relative to the previous quarter.,1371146339
2026,Q2,2,Alphabet,4311000.0,,This list is up to date as of 30 June 2026 [update] . Indicated changes in market value are relative to the previous quarter.,1371146339
2026,Q1,3,Alphabet,3470000.0,,This list is up to date as of 30 June 2026 [update] . Indicated changes in market value are relative to the previous quarter.,1371146339
2026,Q2,3,Apple,4249000.0,,This list is up to date as of 30 June 2026 [update] . Indicated changes in market value are relative to the previous quarter.,1371146339
2026,Q1,4,Microsoft,2751000.0,,This list is up to date as of 30 June 2026 [update] . Indicated changes in market value are relative to the previous quarter.,1371146339
2026,Q2,4,Microsoft,2770000.0,,This list is up to date as of 30 June 2026 [update] . Indicated changes in market value are relative to the previous quarter.,1371146339
2026,Q1,5,Amazon,2235000.0,,This list is up to date as of 30 June 2026 [update] . Indicated changes in market value are relative to the previous quarter.,1371146339
2026,Q2,5,Amazon,2563000.0,,This list is up to date as of 30 June 2026 [update] . Indicated changes in market value are relative to the previous quarter.,1371146339
2026,Q1,6,TSMC,1752000.0,,This list is up to date as of 30 June 2026 [update] . Indicated changes in market value are relative to the previous quarter.,1371146339
2026,Q2,6,TSMC,2475000.0,,This list is up to date as of 30 June 2026 [update] . Indicated changes in market value are relative to the previous quarter.,1371146339
2026,Q1,7,Broadcom,1467000.0,,This list is up to date as of 30 June 2026 [update] . Indicated changes in market value are relative to the previous quarter.,1371146339
2026,Q2,7,Broadcom,1797000.0,,This list is up to date as of 30 June 2026 [update] . Indicated changes in market value are relative to the previous quarter.,1371146339
2026,Q1,8,Meta,1447000.0,,This list is up to date as of 30 June 2026 [update] . Indicated changes in market value are relative to the previous quarter.,1371146339
2026,Q2,8,Tesla,1579000.0,,This list is up to date as of 30 June 2026 [update] . Indicated changes in market value are relative to the previous quarter.,1371146339
2026,Q1,9,Tesla,1394000.0,,This list is up to date as of 30 June 2026 [update] . Indicated changes in market value are relative to the previous quarter.,1371146339
2026,Q2,9,Meta,1429000.0,,This list is up to date as of 30 June 2026 [update] . Indicated changes in market value are relative to the previous quarter.,1371146339
2026,Q1,10,Berkshire Hathaway,1033000.0,,This list is up to date as of 30 June 2026 [update] . Indicated changes in market value are relative to the previous quarter.,1371146339
2026,Q2,10,Samsung,1416000.0,,This list is up to date as of 30 June 2026 [update] . Indicated changes in market value are relative to the previous quarter.,1371146339
2025,Q1,1,Apple,3337000.0,,This list is up to date as of 31 December 2025 [update] . Indicated changes in market value are relative to the previous quarter.,1371146339
2025,Q2,1,Nvidia,3850000.0,,This list is up to date as of 31 December 2025 [update] . Indicated changes in market value are relative to the previous quarter.,1371146339
2025,Q3,1,Nvidia,4542000.0,,This list is up to date as of 31 December 2025 [update] . Indicated changes in market value are relative to the previous quarter.,1371146339
2025,Q4,1,Nvidia,4638000.0,,This list is up to date as of 31 December 2025 [update] . Indicated changes in market value are relative to the previous quarter.,1371146339
2025,Q1,2,Microsoft,2791000.0,,This list is up to date as of 31 December 2025 [update] . Indicated changes in market value are relative to the previous quarter.,1371146339
2025,Q2,2,Microsoft,3700000.0,,This list is up to date as of 31 December 2025 [update] . Indicated changes in market value are relative to the previous quarter.,1371146339
2025,Q3,2,Microsoft,3850000.0,,This list is up to date as of 31 December 2025 [update] . Indicated changes in market value are relative to the previous quarter.,1371146339
2025,Q4,2,Apple,4057000.0,,This list is up to date as of 31 December 2025 [update] . Indicated changes in market value are relative to the previous quarter.,1371146339
2025,Q1,3,Nvidia,2644000.0,,This list is up to date as of 31 December 2025 [update] . Indicated changes in market value are relative to the previous quarter.,1371146339
2025,Q2,3,Apple,3060000.0,,This list is up to date as of 31 December 2025 [update] . Indicated changes in market value are relative to the previous quarter.,1371146339
2025,Q3,3,Apple,3794000.0,,This list is up to date as of 31 December 2025 [update] . Indicated changes in market value are relative to the previous quarter.,1371146339
2025,Q4,3,Alphabet,3802000.0,,This list is up to date as of 31 December 2025 [update] . Indicated changes in market value are relative to the previous quarter.,1371146339
2025,Q1,4,Amazon,2016000.0,,This list is up to date as of 31 December 2025 [update] . Indicated changes in market value are relative to the previous quarter.,1371146339
2025,Q2,4,Amazon,2330000.0,,This list is up to date as of 31 December 2025 [update] . Indicated changes in market value are relative to the previous quarter.,1371146339
2025,Q3,4,Alphabet,2975000.0,,This list is up to date as of 31 December 2025 [update] . Indicated changes in market value are relative to the previous quarter.,1371146339
2025,Q4,4,Microsoft,3625000.0,,This list is up to date as of 31 December 2025 [update] . Indicated changes in market value are relative to the previous quarter.,1371146339
2025,Q1,5,Alphabet,1895000.0,,This list is up to date as of 31 December 2025 [update] . Indicated changes in market value are relative to the previous quarter.,1371146339
2025,Q2,5,Alphabet,2150000.0,,This list is up to date as of 31 December 2025 [update] . Indicated changes in market value are relative to the previous quarter.,1371146339
2025,Q3,5,Amazon,2341000.0,,This list is up to date as of 31 December 2025 [update] . Indicated changes in market value are relative to the previous quarter.,1371146339
2025,Q4,5,Amazon,2485000.0,,This list is up to date as of 31 December 2025 [update] . Indicated changes in market value are relative to the previous quarter.,1371146339
2025,Q1,6,Meta,1460000.0,,This list is up to date as of 31 December 2025 [update] . Indicated changes in market value are relative to the previous quarter.,1371146339
2025,Q2,6,Meta,1860000.0,,This list is up to date as of 31 December 2025 [update] . Indicated changes in market value are relative to the previous quarter.,1371146339
2025,Q3,6,Meta,1845000.0,,This list is up to date as of 31 December 2025 [update] . Indicated changes in market value are relative to the previous quarter.,1371146339
2025,Q4,6,Meta,1671000.0,,This list is up to date as of 31 December 2025 [update] . Indicated changes in market value are relative to the previous quarter.,1371146339
2025,Q1,7,Berkshire Hathaway,1140000.0,,This list is up to date as of 31 December 2025 [update] . Indicated changes in market value are relative to the previous quarter.,1371146339
2025,Q2,7,Broadcom,1300000.0,,This list is up to date as of 31 December 2025 [update] . Indicated changes in market value are relative to the previous quarter.,1371146339
2025,Q3,7,Broadcom,1589000.0,,This list is up to date as of 31 December 2025 [update] . Indicated changes in market value are relative to the previous quarter.,1371146339
2025,Q4,7,Broadcom,1669000.0,,This list is up to date as of 31 December 2025 [update] . Indicated changes in market value are relative to the previous quarter.,1371146339
2025,Q1,8,Tesla,833529.0,,This list is up to date as of 31 December 2025 [update] . Indicated changes in market value are relative to the previous quarter.,1371146339
2025,Q2,8,TSMC,1170000.0,,This list is up to date as of 31 December 2025 [update] . Indicated changes in market value are relative to the previous quarter.,1371146339
2025,Q3,8,Tesla,1478000.0,,This list is up to date as of 31 December 2025 [update] . Indicated changes in market value are relative to the previous quarter.,1371146339
2025,Q4,8,Tesla,1580000.0,,This list is up to date as of 31 December 2025 [update] . Indicated changes in market value are relative to the previous quarter.,1371146339
2025,Q1,9,Broadcom,787247.0,,This list is up to date as of 31 December 2025 [update] . Indicated changes in market value are relative to the previous quarter.,1371146339
2025,Q2,9,Berkshire Hathaway,1050000.0,,This list is up to date as of 31 December 2025 [update] . Indicated changes in market value are relative to the previous quarter.,1371146339
2025,Q3,9,TSMC,1448000.0,,This list is up to date as of 31 December 2025 [update] . Indicated changes in market value are relative to the previous quarter.,1371146339
2025,Q4,9,TSMC,1570000.0,,This list is up to date as of 31 December 2025 [update] . Indicated changes in market value are relative to the previous quarter.,1371146339
2025,Q1,10,Eli Lilly,782950.0,,This list is up to date as of 31 December 2025 [update] . Indicated changes in market value are relative to the previous quarter.,1371146339
2025,Q2,10,Tesla,1020000.0,,This list is up to date as of 31 December 2025 [update] . Indicated changes in market value are relative to the previous quarter.,1371146339
2025,Q3,10,Berkshire Hathaway,1086000.0,,This list is up to date as of 31 December 2025 [update] . Indicated changes in market value are relative to the previous quarter.,1371146339
2025,Q4,10,Berkshire Hathaway,1074000.0,,This list is up to date as of 31 December 2025 [update] . Indicated changes in market value are relative to the previous quarter.,1371146339
2024,Q1,1,Microsoft,3126000.0,,This list is up to date as of 31 December 2024 [update] . Indicated changes in market value are relative to the previous quarter.,1371146339
2024,Q2,1,Apple,3322000.0,,This list is up to date as of 31 December 2024 [update] . Indicated changes in market value are relative to the previous quarter.,1371146339
2024,Q3,1,Microsoft,3543000.0,,This list is up to date as of 31 December 2024 [update] . Indicated changes in market value are relative to the previous quarter.,1371146339
2024,Q4,1,Apple,3785000.0,,This list is up to date as of 31 December 2024 [update] . Indicated changes in market value are relative to the previous quarter.,1371146339
2024,Q1,2,Apple,2648000.0,,This list is up to date as of 31 December 2024 [update] . Indicated changes in market value are relative to the previous quarter.,1371146339
2024,Q2,2,Microsoft,3230000.0,,This list is up to date as of 31 December 2024 [update] . Indicated changes in market value are relative to the previous quarter.,1371146339
2024,Q3,2,Apple,3198000.0,,This list is up to date as of 31 December 2024 [update] . Indicated changes in market value are relative to the previous quarter.,1371146339
2024,Q4,2,Nvidia,3289000.0,,This list is up to date as of 31 December 2024 [update] . Indicated changes in market value are relative to the previous quarter.,1371146339
2024,Q1,3,Nvidia,2259000.0,,This list is up to date as of 31 December 2024 [update] . Indicated changes in market value are relative to the previous quarter.,1371146339
2024,Q2,3,Nvidia,3182000.0,,This list is up to date as of 31 December 2024 [update] . Indicated changes in market value are relative to the previous quarter.,1371146339
2024,Q3,3,Nvidia,2979000.0,,This list is up to date as of 31 December 2024 [update] . Indicated changes in market value are relative to the previous quarter.,1371146339
2024,Q4,3,Microsoft,3134000.0,,This list is up to date as of 31 December 2024 [update] . Indicated changes in market value are relative to the previous quarter.,1371146339
2024,Q1,4,Alphabet,1893000.0,,This list is up to date as of 31 December 2024 [update] . Indicated changes in market value are relative to the previous quarter.,1371146339
2024,Q2,4,Alphabet,2267000.0,,This list is up to date as of 31 December 2024 [update] . Indicated changes in market value are relative to the previous quarter.,1371146339
2024,Q3,4,Alphabet,2058000.0,,This list is up to date as of 31 December 2024 [update] . Indicated changes in market value are relative to the previous quarter.,1371146339
2024,Q4,4,Alphabet,2331000.0,,This list is up to date as of 31 December 2024 [update] . Indicated changes in market value are relative to the previous quarter.,1371146339
2024,Q1,5,Amazon,1874000.0,,This list is up to date as of 31 December 2024 [update] . Indicated changes in market value are relative to the previous quarter.,1371146339
2024,Q2,5,Amazon,2011000.0,,This list is up to date as of 31 December 2024 [update] . Indicated changes in market value are relative to the previous quarter.,1371146339
2024,Q3,5,Amazon,1956000.0,,This list is up to date as of 31 December 2024 [update] . Indicated changes in market value are relative to the previous quarter.,1371146339
2024,Q4,5,Amazon,2307000.0,,This list is up to date as of 31 December 2024 [update] . Indicated changes in market value are relative to the previous quarter.,1371146339
2024,Q1,6,Meta,1238000.0,,This list is up to date as of 31 December 2024 [update] . Indicated changes in market value are relative to the previous quarter.,1371146339
2024,Q2,6,Meta,1279000.0,,This list is up to date as of 31 December 2024 [update] . Indicated changes in market value are relative to the previous quarter.,1371146339
2024,Q3,6,Meta,1448000.0,,This list is up to date as of 31 December 2024 [update] . Indicated changes in market value are relative to the previous quarter.,1371146339
2024,Q4,6,Meta,1478000.0,,This list is up to date as of 31 December 2024 [update] . Indicated changes in market value are relative to the previous quarter.,1371146339
2024,Q1,7,Berkshire Hathaway,912130.0,,This list is up to date as of 31 December 2024 [update] . Indicated changes in market value are relative to the previous quarter.,1371146339
2024,Q2,7,TSMC,901390.0,,This list is up to date as of 31 December 2024 [update] . Indicated changes in market value are relative to the previous quarter.,1371146339
2024,Q3,7,Berkshire Hathaway,993020.0,,This list is up to date as of 31 December 2024 [update] . Indicated changes in market value are relative to the previous quarter.,1371146339
2024,Q4,7,Tesla,1296000.0,,This list is up to date as of 31 December 2024 [update] . Indicated changes in market value are relative to the previous quarter.,1371146339
2024,Q1,8,Eli Lilly,739660.0,,This list is up to date as of 31 December 2024 [update] . Indicated changes in market value are relative to the previous quarter.,1371146339
2024,Q2,8,Berkshire Hathaway,879670.0,,This list is up to date as of 31 December 2024 [update] . Indicated changes in market value are relative to the previous quarter.,1371146339
2024,Q3,8,TSMC,900670.0,,This list is up to date as of 31 December 2024 [update] . Indicated changes in market value are relative to the previous quarter.,1371146339
2024,Q4,8,Broadcom,1087000.0,,This list is up to date as of 31 December 2024 [update] . Indicated changes in market value are relative to the previous quarter.,1371146339
2024,Q1,9,TSMC,705690.0,,This list is up to date as of 31 December 2024 [update] . Indicated changes in market value are relative to the previous quarter.,1371146339
2024,Q2,9,Eli Lilly,815210.0,,This list is up to date as of 31 December 2024 [update] . Indicated changes in market value are relative to the previous quarter.,1371146339
2024,Q3,9,Tesla,835810.0,,This list is up to date as of 31 December 2024 [update] . Indicated changes in market value are relative to the previous quarter.,1371146339
2024,Q4,9,TSMC,1024000.0,,This list is up to date as of 31 December 2024 [update] . Indicated changes in market value are relative to the previous quarter.,1371146339
2024,Q1,10,Broadcom,614220.0,,This list is up to date as of 31 December 2024 [update] . Indicated changes in market value are relative to the previous quarter.,1371146339
2024,Q2,10,Broadcom,747360.0,,This list is up to date as of 31 December 2024 [update] . Indicated changes in market value are relative to the previous quarter.,1371146339
2024,Q3,10,Broadcom,805670.0,,This list is up to date as of 31 December 2024 [update] . Indicated changes in market value are relative to the previous quarter.,1371146339
2024,Q4,10,Berkshire Hathaway,978890.0,,This list is up to date as of 31 December 2024 [update] . Indicated changes in market value are relative to the previous quarter.,1371146339
2023,Q1,1,Apple,2609000.0,,This list is up to date as of 31 December 2023. Indicated changes in market value are relative to the previous quarter.,1371146339
2023,Q2,1,Apple,3050000.0,,This list is up to date as of 31 December 2023. Indicated changes in market value are relative to the previous quarter.,1371146339
2023,Q3,1,Apple,2677000.0,,This list is up to date as of 31 December 2023. Indicated changes in market value are relative to the previous quarter.,1371146339
2023,Q4,1,Apple,2994000.0,,This list is up to date as of 31 December 2023. Indicated changes in market value are relative to the previous quarter.,1371146339
2023,Q1,2,Microsoft,2146000.0,,This list is up to date as of 31 December 2023. Indicated changes in market value are relative to the previous quarter.,1371146339
2023,Q2,2,Microsoft,2532000.0,,This list is up to date as of 31 December 2023. Indicated changes in market value are relative to the previous quarter.,1371146339
2023,Q3,2,Microsoft,2346000.0,,This list is up to date as of 31 December 2023. Indicated changes in market value are relative to the previous quarter.,1371146339
2023,Q4,2,Microsoft,2795000.0,,This list is up to date as of 31 December 2023. Indicated changes in market value are relative to the previous quarter.,1371146339
2023,Q1,3,Alphabet,1332000.0,,This list is up to date as of 31 December 2023. Indicated changes in market value are relative to the previous quarter.,1371146339
2023,Q2,3,Alphabet,1530000.0,,This list is up to date as of 31 December 2023. Indicated changes in market value are relative to the previous quarter.,1371146339
2023,Q3,3,Alphabet,1662000.0,,This list is up to date as of 31 December 2023. Indicated changes in market value are relative to the previous quarter.,1371146339
2023,Q4,3,Alphabet,1764000.0,,This list is up to date as of 31 December 2023. Indicated changes in market value are relative to the previous quarter.,1371146339
2023,Q1,4,Amazon,1058000.0,,This list is up to date as of 31 December 2023. Indicated changes in market value are relative to the previous quarter.,1371146339
2023,Q2,4,Amazon,1337000.0,,This list is up to date as of 31 December 2023. Indicated changes in market value are relative to the previous quarter.,1371146339
2023,Q3,4,Amazon,1312000.0,,This list is up to date as of 31 December 2023. Indicated changes in market value are relative to the previous quarter.,1371146339
2023,Q4,4,Amazon,1570000.0,,This list is up to date as of 31 December 2023. Indicated changes in market value are relative to the previous quarter.,1371146339
2023,Q1,5,Nvidia,686090.0,,This list is up to date as of 31 December 2023. Indicated changes in market value are relative to the previous quarter.,1371146339
2023,Q2,5,Nvidia,1044000.0,,This list is up to date as of 31 December 2023. Indicated changes in market value are relative to the previous quarter.,1371146339
2023,Q3,5,Nvidia,1074000.0,,This list is up to date as of 31 December 2023. Indicated changes in market value are relative to the previous quarter.,1371146339
2023,Q4,5,Nvidia,1223000.0,,This list is up to date as of 31 December 2023. Indicated changes in market value are relative to the previous quarter.,1371146339
2023,Q1,6,Berkshire Hathaway,677770.0,,This list is up to date as of 31 December 2023. Indicated changes in market value are relative to the previous quarter.,1371146339
2023,Q2,6,Tesla,829670.0,,This list is up to date as of 31 December 2023. Indicated changes in market value are relative to the previous quarter.,1371146339
2023,Q3,6,Tesla,794200.0,,This list is up to date as of 31 December 2023. Indicated changes in market value are relative to the previous quarter.,1371146339
2023,Q4,6,Meta,909000.0,,This list is up to date as of 31 December 2023. Indicated changes in market value are relative to the previous quarter.,1371146339
2023,Q1,7,Tesla,656420.0,,This list is up to date as of 31 December 2023. Indicated changes in market value are relative to the previous quarter.,1371146339
2023,Q2,7,Berkshire Hathaway,745010.0,,This list is up to date as of 31 December 2023. Indicated changes in market value are relative to the previous quarter.,1371146339
2023,Q3,7,Meta,772490.0,,This list is up to date as of 31 December 2023. Indicated changes in market value are relative to the previous quarter.,1371146339
2023,Q4,7,Tesla,789930.0,,This list is up to date as of 31 December 2023. Indicated changes in market value are relative to the previous quarter.,1371146339
2023,Q1,8,Meta,549480.0,,This list is up to date as of 31 December 2023. Indicated changes in market value are relative to the previous quarter.,1371146339
2023,Q2,8,Meta,735450.0,,This list is up to date as of 31 December 2023. Indicated changes in market value are relative to the previous quarter.,1371146339
2023,Q3,8,Berkshire Hathaway,769260.0,,This list is up to date as of 31 December 2023. Indicated changes in market value are relative to the previous quarter.,1371146339
2023,Q4,8,Berkshire Hathaway,783550.0,,This list is up to date as of 31 December 2023. Indicated changes in market value are relative to the previous quarter.,1371146339
2023,Q1,9,TSMC,482410.0,,This list is up to date as of 31 December 2023. Indicated changes in market value are relative to the previous quarter.,1371146339
2023,Q2,9,TSMC,523410.0,,This list is up to date as of 31 December 2023. Indicated changes in market value are relative to the previous quarter.,1371146339
2023,Q3,9,Eli Lilly,509890.0,,This list is up to date as of 31 December 2023. Indicated changes in market value are relative to the previous quarter.,1371146339
2023,Q4,9,Eli Lilly,553370.0,,This list is up to date as of 31 December 2023. Indicated changes in market value are relative to the previous quarter.,1371146339
2023,Q1,10,Visa,473870.0,,This list is up to date as of 31 December 2023. Indicated changes in market value are relative to the previous quarter.,1371146339
2023,Q2,10,Visa,497370.0,,This list is up to date as of 31 December 2023. Indicated changes in market value are relative to the previous quarter.,1371146339
2023,Q3,10,Visa,480990.0,,This list is up to date as of 31 December 2023. Indicated changes in market value are relative to the previous quarter.,1371146339
2023,Q4,10,TSMC,539390.0,,This list is up to date as of 31 December 2023. Indicated changes in market value are relative to the previous quarter.,1371146339
2022,Q1,1,Apple,2850000.0,,This list is as of 31 December 2022. Indicated changes in market value are relative to the previous quarter.,1371146339
2022,Q2,1,Apple,2212000.0,,This list is as of 31 December 2022. Indicated changes in market value are relative to the previous quarter.,1371146339
2022,Q3,1,Apple,2221000.0,,This list is as of 31 December 2022. Indicated changes in market value are relative to the previous quarter.,1371146339
2022,Q4,1,Apple,2066000.0,,This list is as of 31 December 2022. Indicated changes in market value are relative to the previous quarter.,1371146339
2022,Q1,2,Microsoft,2311000.0,,This list is as of 31 December 2022. Indicated changes in market value are relative to the previous quarter.,1371146339
2022,Q2,2,Microsoft,1920000.0,,This list is as of 31 December 2022. Indicated changes in market value are relative to the previous quarter.,1371146339
2022,Q3,2,Microsoft,1737000.0,,This list is as of 31 December 2022. Indicated changes in market value are relative to the previous quarter.,1371146339
2022,Q4,2,Microsoft,1787000.0,,This list is as of 31 December 2022. Indicated changes in market value are relative to the previous quarter.,1371146339
2022,Q1,3,Alphabet,1846000.0,,This list is as of 31 December 2022. Indicated changes in market value are relative to the previous quarter.,1371146339
2022,Q2,3,Alphabet,1435000.0,,This list is as of 31 December 2022. Indicated changes in market value are relative to the previous quarter.,1371146339
2022,Q3,3,Alphabet,1254000.0,,This list is as of 31 December 2022. Indicated changes in market value are relative to the previous quarter.,1371146339
2022,Q4,3,Alphabet,1145000.0,,This list is as of 31 December 2022. Indicated changes in market value are relative to the previous quarter.,1371146339
2022,Q1,4,Amazon,1659000.0,,This list is as of 31 December 2022. Indicated changes in market value are relative to the previous quarter.,1371146339
2022,Q2,4,Amazon,1080000.0,,This list is as of 31 December 2022. Indicated changes in market value are relative to the previous quarter.,1371146339
2022,Q3,4,Amazon,1151000.0,,This list is as of 31 December 2022. Indicated changes in market value are relative to the previous quarter.,1371146339
2022,Q4,4,Amazon,856940.0,,This list is as of 31 December 2022. Indicated changes in market value are relative to the previous quarter.,1371146339
2022,Q1,5,Tesla,1114000.0,,This list is as of 31 December 2022. Indicated changes in market value are relative to the previous quarter.,1371146339
2022,Q2,5,Tesla,697660.0,,This list is as of 31 December 2022. Indicated changes in market value are relative to the previous quarter.,1371146339
2022,Q3,5,Tesla,831150.0,,This list is as of 31 December 2022. Indicated changes in market value are relative to the previous quarter.,1371146339
2022,Q4,5,Berkshire Hathaway,681770.0,,This list is as of 31 December 2022. Indicated changes in market value are relative to the previous quarter.,1371146339
2022,Q1,6,Berkshire Hathaway,779150.0,,This list is as of 31 December 2022. Indicated changes in market value are relative to the previous quarter.,1371146339
2022,Q2,6,Berkshire Hathaway,602450.0,,This list is as of 31 December 2022. Indicated changes in market value are relative to the previous quarter.,1371146339
2022,Q3,6,Berkshire Hathaway,596410.0,,This list is as of 31 December 2022. Indicated changes in market value are relative to the previous quarter.,1371146339
2022,Q4,6,UnitedHealth,495370.0,,This list is as of 31 December 2022. Indicated changes in market value are relative to the previous quarter.,1371146339
2022,Q1,7,Nvidia,684880.0,,This list is as of 31 December 2022. Indicated changes in market value are relative to the previous quarter.,1371146339
2022,Q2,7,UnitedHealth,481870.0,,This list is as of 31 December 2022. Indicated changes in market value are relative to the previous quarter.,1371146339
2022,Q3,7,UnitedHealth,472410.0,,This list is as of 31 December 2022. Indicated changes in market value are relative to the previous quarter.,1371146339
2022,Q4,7,Johnson & Johnson,461840.0,,This list is as of 31 December 2022. Indicated changes in market value are relative to the previous quarter.,1371146339
2022,Q1,8,Meta,605250.0,,This list is as of 31 December 2022. Indicated changes in market value are relative to the previous quarter.,1371146339
2022,Q2,8,Johnson & Johnson,467090.0,,This list is as of 31 December 2022. Indicated changes in market value are relative to the previous quarter.,1371146339
2022,Q3,8,Johnson & Johnson,429500.0,,This list is as of 31 December 2022. Indicated changes in market value are relative to the previous quarter.,1371146339
2022,Q4,8,ExxonMobil,454240.0,,This list is as of 31 December 2022. Indicated changes in market value are relative to the previous quarter.,1371146339
2022,Q1,9,TSMC,540670.0,,This list is as of 31 December 2022. Indicated changes in market value are relative to the previous quarter.,1371146339
2022,Q2,9,Tencent,445990.0,,This list is as of 31 December 2022. Indicated changes in market value are relative to the previous quarter.,1371146339
2022,Q3,9,Visa,374380.0,,This list is as of 31 December 2022. Indicated changes in market value are relative to the previous quarter.,1371146339
2022,Q4,9,Visa,439950.0,,This list is as of 31 December 2022. Indicated changes in market value are relative to the previous quarter.,1371146339
2022,Q1,10,UnitedHealth,479830.0,,This list is as of 31 December 2022. Indicated changes in market value are relative to the previous quarter.,1371146339
2022,Q2,10,Meta,436390.0,,This list is as of 31 December 2022. Indicated changes in market value are relative to the previous quarter.,1371146339
2022,Q3,10,Meta,364650.0,,This list is as of 31 December 2022. Indicated changes in market value are relative to the previous quarter.,1371146339
2022,Q4,10,Tencent,405090.0,,This list is as of 31 December 2022. Indicated changes in market value are relative to the previous quarter.,1371146339
2021,Q1,1,Apple,2050000.0,,"This list is up to date as of December 31, 2021 [update] . Indicated changes in market value are relative to the previous quarter.",1371146339
2021,Q2,1,Apple,2286000.0,,"This list is up to date as of December 31, 2021 [update] . Indicated changes in market value are relative to the previous quarter.",1371146339
2021,Q3,1,Apple,2339000.0,,"This list is up to date as of December 31, 2021 [update] . Indicated changes in market value are relative to the previous quarter.",1371146339
2021,Q4,1,Apple,2913000.0,,"This list is up to date as of December 31, 2021 [update] . Indicated changes in market value are relative to the previous quarter.",1371146339
2021,Q1,2,Microsoft,1778000.0,,"This list is up to date as of December 31, 2021 [update] . Indicated changes in market value are relative to the previous quarter.",1371146339
2021,Q2,2,Microsoft,2040000.0,,"This list is up to date as of December 31, 2021 [update] . Indicated changes in market value are relative to the previous quarter.",1371146339
2021,Q3,2,Microsoft,2119000.0,,"This list is up to date as of December 31, 2021 [update] . Indicated changes in market value are relative to the previous quarter.",1371146339
2021,Q4,2,Microsoft,2525000.0,,"This list is up to date as of December 31, 2021 [update] . Indicated changes in market value are relative to the previous quarter.",1371146339
2021,Q1,3,Amazon,1558000.0,,"This list is up to date as of December 31, 2021 [update] . Indicated changes in market value are relative to the previous quarter.",1371146339
2021,Q2,3,Amazon,1735000.0,,"This list is up to date as of December 31, 2021 [update] . Indicated changes in market value are relative to the previous quarter.",1371146339
2021,Q3,3,Alphabet,1777000.0,,"This list is up to date as of December 31, 2021 [update] . Indicated changes in market value are relative to the previous quarter.",1371146339
2021,Q4,3,Alphabet,1922000.0,,"This list is up to date as of December 31, 2021 [update] . Indicated changes in market value are relative to the previous quarter.",1371146339
2021,Q1,4,Alphabet,1395000.0,,"This list is up to date as of December 31, 2021 [update] . Indicated changes in market value are relative to the previous quarter.",1371146339
2021,Q2,4,Alphabet,1680000.0,,"This list is up to date as of December 31, 2021 [update] . Indicated changes in market value are relative to the previous quarter.",1371146339
2021,Q3,4,Amazon,1664000.0,,"This list is up to date as of December 31, 2021 [update] . Indicated changes in market value are relative to the previous quarter.",1371146339
2021,Q4,4,Amazon,1691000.0,,"This list is up to date as of December 31, 2021 [update] . Indicated changes in market value are relative to the previous quarter.",1371146339
2021,Q1,5,Meta,838720.0,,"This list is up to date as of December 31, 2021 [update] . Indicated changes in market value are relative to the previous quarter.",1371146339
2021,Q2,5,Meta,985920.0,,"This list is up to date as of December 31, 2021 [update] . Indicated changes in market value are relative to the previous quarter.",1371146339
2021,Q3,5,Meta,956890.0,,"This list is up to date as of December 31, 2021 [update] . Indicated changes in market value are relative to the previous quarter.",1371146339
2021,Q4,5,Tesla,1061000.0,,"This list is up to date as of December 31, 2021 [update] . Indicated changes in market value are relative to the previous quarter.",1371146339
2021,Q1,6,Tencent,766970.0,,"This list is up to date as of December 31, 2021 [update] . Indicated changes in market value are relative to the previous quarter.",1371146339
2021,Q2,6,Tencent,721460.0,,"This list is up to date as of December 31, 2021 [update] . Indicated changes in market value are relative to the previous quarter.",1371146339
2021,Q3,6,Tesla,776850.0,,"This list is up to date as of December 31, 2021 [update] . Indicated changes in market value are relative to the previous quarter.",1371146339
2021,Q4,6,Meta,935640.0,,"This list is up to date as of December 31, 2021 [update] . Indicated changes in market value are relative to the previous quarter.",1371146339
2021,Q1,7,Tesla,641110.0,,"This list is up to date as of December 31, 2021 [update] . Indicated changes in market value are relative to the previous quarter.",1371146339
2021,Q2,7,Tesla,654780.0,,"This list is up to date as of December 31, 2021 [update] . Indicated changes in market value are relative to the previous quarter.",1371146339
2021,Q3,7,Berkshire Hathaway,619950.0,,"This list is up to date as of December 31, 2021 [update] . Indicated changes in market value are relative to the previous quarter.",1371146339
2021,Q4,7,Nvidia,732920.0,,"This list is up to date as of December 31, 2021 [update] . Indicated changes in market value are relative to the previous quarter.",1371146339
2021,Q1,8,Alibaba Group,615010.0,,"This list is up to date as of December 31, 2021 [update] . Indicated changes in market value are relative to the previous quarter.",1371146339
2021,Q2,8,Berkshire Hathaway,637280.0,,"This list is up to date as of December 31, 2021 [update] . Indicated changes in market value are relative to the previous quarter.",1371146339
2021,Q3,8,TSMC,579030.0,,"This list is up to date as of December 31, 2021 [update] . Indicated changes in market value are relative to the previous quarter.",1371146339
2021,Q4,8,Berkshire Hathaway,668630.0,,"This list is up to date as of December 31, 2021 [update] . Indicated changes in market value are relative to the previous quarter.",1371146339
2021,Q1,9,TSMC,613410.0,,"This list is up to date as of December 31, 2021 [update] . Indicated changes in market value are relative to the previous quarter.",1371146339
2021,Q2,9,TSMC,623160.0,,"This list is up to date as of December 31, 2021 [update] . Indicated changes in market value are relative to the previous quarter.",1371146339
2021,Q3,9,Tencent,574460.0,,"This list is up to date as of December 31, 2021 [update] . Indicated changes in market value are relative to the previous quarter.",1371146339
2021,Q4,9,TSMC,623930.0,,"This list is up to date as of December 31, 2021 [update] . Indicated changes in market value are relative to the previous quarter.",1371146339
2021,Q1,10,Berkshire Hathaway,590050.0,,"This list is up to date as of December 31, 2021 [update] . Indicated changes in market value are relative to the previous quarter.",1371146339
2021,Q2,10,Alibaba Group,615140.0,,"This list is up to date as of December 31, 2021 [update] . Indicated changes in market value are relative to the previous quarter.",1371146339
2021,Q3,10,Nvidia,517900.0,,"This list is up to date as of December 31, 2021 [update] . Indicated changes in market value are relative to the previous quarter.",1371146339
2021,Q4,10,Tencent,559900.0,,"This list is up to date as of December 31, 2021 [update] . Indicated changes in market value are relative to the previous quarter.",1371146339
2020,Q1,1,Microsoft,1200000.0,,"This Financial Times –based list is up to data as of December 31, 2020 [update] . Indicated changes in market value are relative to the previous quarter.",1371146339
2020,Q2,1,Apple,1576000.0,,"This Financial Times –based list is up to data as of December 31, 2020 [update] . Indicated changes in market value are relative to the previous quarter.",1371146339
2020,Q3,1,Apple,1981000.0,,"This Financial Times –based list is up to data as of December 31, 2020 [update] . Indicated changes in market value are relative to the previous quarter.",1371146339
2020,Q4,1,Apple,2254000.0,,"This Financial Times –based list is up to data as of December 31, 2020 [update] . Indicated changes in market value are relative to the previous quarter.",1371146339
2020,Q1,2,Apple,1113000.0,,"This Financial Times –based list is up to data as of December 31, 2020 [update] . Indicated changes in market value are relative to the previous quarter.",1371146339
2020,Q2,2,Microsoft,1551000.0,,"This Financial Times –based list is up to data as of December 31, 2020 [update] . Indicated changes in market value are relative to the previous quarter.",1371146339
2020,Q3,2,Microsoft,1592000.0,,"This Financial Times –based list is up to data as of December 31, 2020 [update] . Indicated changes in market value are relative to the previous quarter.",1371146339
2020,Q4,2,Microsoft,1682000.0,,"This Financial Times –based list is up to data as of December 31, 2020 [update] . Indicated changes in market value are relative to the previous quarter.",1371146339
2020,Q1,3,Amazon,970590.0,,"This Financial Times –based list is up to data as of December 31, 2020 [update] . Indicated changes in market value are relative to the previous quarter.",1371146339
2020,Q2,3,Amazon,1432590.0,,"This Financial Times –based list is up to data as of December 31, 2020 [update] . Indicated changes in market value are relative to the previous quarter.",1371146339
2020,Q3,3,Amazon,1577000.0,,"This Financial Times –based list is up to data as of December 31, 2020 [update] . Indicated changes in market value are relative to the previous quarter.",1371146339
2020,Q4,3,Amazon,1634000.0,,"This Financial Times –based list is up to data as of December 31, 2020 [update] . Indicated changes in market value are relative to the previous quarter.",1371146339
2020,Q1,4,Alphabet,799180.0,,"This Financial Times –based list is up to data as of December 31, 2020 [update] . Indicated changes in market value are relative to the previous quarter.",1371146339
2020,Q2,4,Alphabet,979700.0,,"This Financial Times –based list is up to data as of December 31, 2020 [update] . Indicated changes in market value are relative to the previous quarter.",1371146339
2020,Q3,4,Alphabet,999570.0,,"This Financial Times –based list is up to data as of December 31, 2020 [update] . Indicated changes in market value are relative to the previous quarter.",1371146339
2020,Q4,4,Alphabet,1185000.0,,"This Financial Times –based list is up to data as of December 31, 2020 [update] . Indicated changes in market value are relative to the previous quarter.",1371146339
2020,Q1,5,Alibaba Group,521740.0,,"This Financial Times –based list is up to data as of December 31, 2020 [update] . Indicated changes in market value are relative to the previous quarter.",1371146339
2020,Q2,5,Facebook,675690.0,,"This Financial Times –based list is up to data as of December 31, 2020 [update] . Indicated changes in market value are relative to the previous quarter.",1371146339
2020,Q3,5,Alibaba Group,795400.0,,"This Financial Times –based list is up to data as of December 31, 2020 [update] . Indicated changes in market value are relative to the previous quarter.",1371146339
2020,Q4,5,Facebook,776590.0,,"This Financial Times –based list is up to data as of December 31, 2020 [update] . Indicated changes in market value are relative to the previous quarter.",1371146339
2020,Q1,6,Facebook,475460.0,,"This Financial Times –based list is up to data as of December 31, 2020 [update] . Indicated changes in market value are relative to the previous quarter.",1371146339
2020,Q2,6,Tencent,620920.0,,"This Financial Times –based list is up to data as of December 31, 2020 [update] . Indicated changes in market value are relative to the previous quarter.",1371146339
2020,Q3,6,Facebook,746100.0,,"This Financial Times –based list is up to data as of December 31, 2020 [update] . Indicated changes in market value are relative to the previous quarter.",1371146339
2020,Q4,6,Tencent,683470.0,,"This Financial Times –based list is up to data as of December 31, 2020 [update] . Indicated changes in market value are relative to the previous quarter.",1371146339
2020,Q1,7,Tencent,471660.0,,"This Financial Times –based list is up to data as of December 31, 2020 [update] . Indicated changes in market value are relative to the previous quarter.",1371146339
2020,Q2,7,Alibaba Group,579740.0,,"This Financial Times –based list is up to data as of December 31, 2020 [update] . Indicated changes in market value are relative to the previous quarter.",1371146339
2020,Q3,7,Tencent,646790.0,,"This Financial Times –based list is up to data as of December 31, 2020 [update] . Indicated changes in market value are relative to the previous quarter.",1371146339
2020,Q4,7,Tesla,668080.0,,"This Financial Times –based list is up to data as of December 31, 2020 [update] . Indicated changes in market value are relative to the previous quarter.",1371146339
2020,Q1,8,Berkshire Hathaway,440830.0,,"This Financial Times –based list is up to data as of December 31, 2020 [update] . Indicated changes in market value are relative to the previous quarter.",1371146339
2020,Q2,8,Berkshire Hathaway,432570.0,,"This Financial Times –based list is up to data as of December 31, 2020 [update] . Indicated changes in market value are relative to the previous quarter.",1371146339
2020,Q3,8,Berkshire Hathaway,509470.0,,"This Financial Times –based list is up to data as of December 31, 2020 [update] . Indicated changes in market value are relative to the previous quarter.",1371146339
2020,Q4,8,Alibaba Group,628650.0,,"This Financial Times –based list is up to data as of December 31, 2020 [update] . Indicated changes in market value are relative to the previous quarter.",1371146339
2020,Q1,9,Visa,357020.0,,"This Financial Times –based list is up to data as of December 31, 2020 [update] . Indicated changes in market value are relative to the previous quarter.",1371146339
2020,Q2,9,Visa,412710.0,,"This Financial Times –based list is up to data as of December 31, 2020 [update] . Indicated changes in market value are relative to the previous quarter.",1371146339
2020,Q3,9,Visa,425510.0,,"This Financial Times –based list is up to data as of December 31, 2020 [update] . Indicated changes in market value are relative to the previous quarter.",1371146339
2020,Q4,9,TSMC,565280.0,,"This Financial Times –based list is up to data as of December 31, 2020 [update] . Indicated changes in market value are relative to the previous quarter.",1371146339
2020,Q1,10,Johnson & Johnson,345700.0,,"This Financial Times –based list is up to data as of December 31, 2020 [update] . Indicated changes in market value are relative to the previous quarter.",1371146339
2020,Q2,10,Johnson & Johnson,370590.0,,"This Financial Times –based list is up to data as of December 31, 2020 [update] . Indicated changes in market value are relative to the previous quarter.",1371146339
2020,Q3,10,TSMC,420440.0,,"This Financial Times –based list is up to data as of December 31, 2020 [update] . Indicated changes in market value are relative to the previous quarter.",1371146339
2020,Q4,10,Berkshire Hathaway,544780.0,,"This Financial Times –based list is up to data as of December 31, 2020 [update] . Indicated changes in market value are relative to the previous quarter.",1371146339
2019,Q1,1,Microsoft,904860.0,,"This Financial Times –based list is up to date as of December 31, 2019 [update] . Indicated changes in market value are relative to the previous quarter.",1371146339
2019,Q2,1,Microsoft,1028000.0,,"This Financial Times –based list is up to date as of December 31, 2019 [update] . Indicated changes in market value are relative to the previous quarter.",1371146339
2019,Q3,1,Microsoft,1062000.0,,"This Financial Times –based list is up to date as of December 31, 2019 [update] . Indicated changes in market value are relative to the previous quarter.",1371146339
2019,Q4,1,Apple,1305000.0,,"This Financial Times –based list is up to date as of December 31, 2019 [update] . Indicated changes in market value are relative to the previous quarter.",1371146339
2019,Q1,2,Apple,835670.0,,"This Financial Times –based list is up to date as of December 31, 2019 [update] . Indicated changes in market value are relative to the previous quarter.",1371146339
2019,Q2,2,Amazon,928540.0,,"This Financial Times –based list is up to date as of December 31, 2019 [update] . Indicated changes in market value are relative to the previous quarter.",1371146339
2019,Q3,2,Apple,1012000.0,,"This Financial Times –based list is up to date as of December 31, 2019 [update] . Indicated changes in market value are relative to the previous quarter.",1371146339
2019,Q4,2,Microsoft,1203000.0,,"This Financial Times –based list is up to date as of December 31, 2019 [update] . Indicated changes in market value are relative to the previous quarter.",1371146339
2019,Q1,3,Amazon,874710.0,,"This Financial Times –based list is up to date as of December 31, 2019 [update] . Indicated changes in market value are relative to the previous quarter.",1371146339
2019,Q2,3,Apple,911240.0,,"This Financial Times –based list is up to date as of December 31, 2019 [update] . Indicated changes in market value are relative to the previous quarter.",1371146339
2019,Q3,3,Amazon,858680.0,,"This Financial Times –based list is up to date as of December 31, 2019 [update] . Indicated changes in market value are relative to the previous quarter.",1371146339
2019,Q4,3,Alphabet,922130.0,,"This Financial Times –based list is up to date as of December 31, 2019 [update] . Indicated changes in market value are relative to the previous quarter.",1371146339
2019,Q1,4,Alphabet,818160.0,,"This Financial Times –based list is up to date as of December 31, 2019 [update] . Indicated changes in market value are relative to the previous quarter.",1371146339
2019,Q2,4,Alphabet,751170.0,,"This Financial Times –based list is up to date as of December 31, 2019 [update] . Indicated changes in market value are relative to the previous quarter.",1371146339
2019,Q3,4,Alphabet,838020.0,,"This Financial Times –based list is up to date as of December 31, 2019 [update] . Indicated changes in market value are relative to the previous quarter.",1371146339
2019,Q4,4,Amazon,916150.0,,"This Financial Times –based list is up to date as of December 31, 2019 [update] . Indicated changes in market value are relative to the previous quarter.",1371146339
2019,Q1,5,Berkshire Hathaway,493750.0,,"This Financial Times –based list is up to date as of December 31, 2019 [update] . Indicated changes in market value are relative to the previous quarter.",1371146339
2019,Q2,5,Facebook,551490.0,,"This Financial Times –based list is up to date as of December 31, 2019 [update] . Indicated changes in market value are relative to the previous quarter.",1371146339
2019,Q3,5,Berkshire Hathaway,508530.0,,"This Financial Times –based list is up to date as of December 31, 2019 [update] . Indicated changes in market value are relative to the previous quarter.",1371146339
2019,Q4,5,Facebook,585320.0,,"This Financial Times –based list is up to date as of December 31, 2019 [update] . Indicated changes in market value are relative to the previous quarter.",1371146339
2019,Q1,6,Facebook,475730.0,,"This Financial Times –based list is up to date as of December 31, 2019 [update] . Indicated changes in market value are relative to the previous quarter.",1371146339
2019,Q2,6,Berkshire Hathaway,521100.0,,"This Financial Times –based list is up to date as of December 31, 2019 [update] . Indicated changes in market value are relative to the previous quarter.",1371146339
2019,Q3,6,Facebook,508050.0,,"This Financial Times –based list is up to date as of December 31, 2019 [update] . Indicated changes in market value are relative to the previous quarter.",1371146339
2019,Q4,6,Alibaba Group,569010.0,,"This Financial Times –based list is up to date as of December 31, 2019 [update] . Indicated changes in market value are relative to the previous quarter.",1371146339
2019,Q1,7,Alibaba Group,472940.0,,"This Financial Times –based list is up to date as of December 31, 2019 [update] . Indicated changes in market value are relative to the previous quarter.",1371146339
2019,Q2,7,Alibaba Group,439150.0,,"This Financial Times –based list is up to date as of December 31, 2019 [update] . Indicated changes in market value are relative to the previous quarter.",1371146339
2019,Q3,7,Alibaba Group,435400.0,,"This Financial Times –based list is up to date as of December 31, 2019 [update] . Indicated changes in market value are relative to the previous quarter.",1371146339
2019,Q4,7,Berkshire Hathaway,553530.0,,"This Financial Times –based list is up to date as of December 31, 2019 [update] . Indicated changes in market value are relative to the previous quarter.",1371146339
2019,Q1,8,Tencent,440980.0,,"This Financial Times –based list is up to date as of December 31, 2019 [update] . Indicated changes in market value are relative to the previous quarter.",1371146339
2019,Q2,8,Tencent,432080.0,,"This Financial Times –based list is up to date as of December 31, 2019 [update] . Indicated changes in market value are relative to the previous quarter.",1371146339
2019,Q3,8,Tencent,398840.0,,"This Financial Times –based list is up to date as of December 31, 2019 [update] . Indicated changes in market value are relative to the previous quarter.",1371146339
2019,Q4,8,Tencent,461370.0,,"This Financial Times –based list is up to date as of December 31, 2019 [update] . Indicated changes in market value are relative to the previous quarter.",1371146339
2019,Q1,9,Johnson & Johnson,372230.0,,"This Financial Times –based list is up to date as of December 31, 2019 [update] . Indicated changes in market value are relative to the previous quarter.",1371146339
2019,Q2,9,Visa,379271.0,,"This Financial Times –based list is up to date as of December 31, 2019 [update] . Indicated changes in market value are relative to the previous quarter.",1371146339
2019,Q3,9,Visa,385370.0,,"This Financial Times –based list is up to date as of December 31, 2019 [update] . Indicated changes in market value are relative to the previous quarter.",1371146339
2019,Q4,9,JPMorgan Chase,437230.0,,"This Financial Times –based list is up to date as of December 31, 2019 [update] . Indicated changes in market value are relative to the previous quarter.",1371146339
2019,Q1,10,Visa,353710.0,,"This Financial Times –based list is up to date as of December 31, 2019 [update] . Indicated changes in market value are relative to the previous quarter.",1371146339
2019,Q2,10,Johnson & Johnson,370300.0,,"This Financial Times –based list is up to date as of December 31, 2019 [update] . Indicated changes in market value are relative to the previous quarter.",1371146339
2019,Q3,10,JPMorgan Chase,376310.0,,"This Financial Times –based list is up to date as of December 31, 2019 [update] . Indicated changes in market value are relative to the previous quarter.",1371146339
2019,Q4,10,Visa,416790.0,,"This Financial Times –based list is up to date as of December 31, 2019 [update] . Indicated changes in market value are relative to the previous quarter.",1371146339
2018,Q1,1,Apple,851317.0,,"This Financial Times –based list is up to date  as of December 31, 2018 [update] . Indicated changes in market value are relative to the previous quarter.",1371146339
2018,Q2,1,Apple,909840.0,,"This Financial Times –based list is up to date  as of December 31, 2018 [update] . Indicated changes in market value are relative to the previous quarter.",1371146339
2018,Q3,1,Apple,1091000.0,,"This Financial Times –based list is up to date  as of December 31, 2018 [update] . Indicated changes in market value are relative to the previous quarter.",1371146339
2018,Q4,1,Microsoft,780520.0,,"This Financial Times –based list is up to date  as of December 31, 2018 [update] . Indicated changes in market value are relative to the previous quarter.",1371146339
2018,Q1,2,Alphabet,715404.0,,"This Financial Times –based list is up to date  as of December 31, 2018 [update] . Indicated changes in market value are relative to the previous quarter.",1371146339
2018,Q2,2,Amazon,824790.0,,"This Financial Times –based list is up to date  as of December 31, 2018 [update] . Indicated changes in market value are relative to the previous quarter.",1371146339
2018,Q3,2,Amazon,976650.0,,"This Financial Times –based list is up to date  as of December 31, 2018 [update] . Indicated changes in market value are relative to the previous quarter.",1371146339
2018,Q4,2,Apple,748680.0,,"This Financial Times –based list is up to date  as of December 31, 2018 [update] . Indicated changes in market value are relative to the previous quarter.",1371146339
2018,Q1,3,Microsoft,702760.0,,"This Financial Times –based list is up to date  as of December 31, 2018 [update] . Indicated changes in market value are relative to the previous quarter.",1371146339
2018,Q2,3,Alphabet,774840.0,,"This Financial Times –based list is up to date  as of December 31, 2018 [update] . Indicated changes in market value are relative to the previous quarter.",1371146339
2018,Q3,3,Microsoft,877400.0,,"This Financial Times –based list is up to date  as of December 31, 2018 [update] . Indicated changes in market value are relative to the previous quarter.",1371146339
2018,Q4,3,Amazon,735900.0,,"This Financial Times –based list is up to date  as of December 31, 2018 [update] . Indicated changes in market value are relative to the previous quarter.",1371146339
2018,Q1,4,Amazon,700672.0,,"This Financial Times –based list is up to date  as of December 31, 2018 [update] . Indicated changes in market value are relative to the previous quarter.",1371146339
2018,Q2,4,Microsoft,757640.0,,"This Financial Times –based list is up to date  as of December 31, 2018 [update] . Indicated changes in market value are relative to the previous quarter.",1371146339
2018,Q3,4,Alphabet,839740.0,,"This Financial Times –based list is up to date  as of December 31, 2018 [update] . Indicated changes in market value are relative to the previous quarter.",1371146339
2018,Q4,4,Alphabet,728360.0,,"This Financial Times –based list is up to date  as of December 31, 2018 [update] . Indicated changes in market value are relative to the previous quarter.",1371146339
2018,Q1,5,Tencent,507990.0,,"This Financial Times –based list is up to date  as of December 31, 2018 [update] . Indicated changes in market value are relative to the previous quarter.",1371146339
2018,Q2,5,Facebook,562480.0,,"This Financial Times –based list is up to date  as of December 31, 2018 [update] . Indicated changes in market value are relative to the previous quarter.",1371146339
2018,Q3,5,Berkshire Hathaway,523520.0,,"This Financial Times –based list is up to date  as of December 31, 2018 [update] . Indicated changes in market value are relative to the previous quarter.",1371146339
2018,Q4,5,Berkshire Hathaway,499590.0,,"This Financial Times –based list is up to date  as of December 31, 2018 [update] . Indicated changes in market value are relative to the previous quarter.",1371146339
2018,Q1,6,Berkshire Hathaway,492019.0,,"This Financial Times –based list is up to date  as of December 31, 2018 [update] . Indicated changes in market value are relative to the previous quarter.",1371146339
2018,Q2,6,Tencent,478580.0,,"This Financial Times –based list is up to date  as of December 31, 2018 [update] . Indicated changes in market value are relative to the previous quarter.",1371146339
2018,Q3,6,Facebook,473850.0,,"This Financial Times –based list is up to date  as of December 31, 2018 [update] . Indicated changes in market value are relative to the previous quarter.",1371146339
2018,Q4,6,Facebook,375890.0,,"This Financial Times –based list is up to date  as of December 31, 2018 [update] . Indicated changes in market value are relative to the previous quarter.",1371146339
2018,Q1,7,Alibaba Group,470930.0,,"This Financial Times –based list is up to date  as of December 31, 2018 [update] . Indicated changes in market value are relative to the previous quarter.",1371146339
2018,Q2,7,Alibaba Group,476040.0,,"This Financial Times –based list is up to date  as of December 31, 2018 [update] . Indicated changes in market value are relative to the previous quarter.",1371146339
2018,Q3,7,Alibaba Group,423600.0,,"This Financial Times –based list is up to date  as of December 31, 2018 [update] . Indicated changes in market value are relative to the previous quarter.",1371146339
2018,Q4,7,Tencent,375110.0,,"This Financial Times –based list is up to date  as of December 31, 2018 [update] . Indicated changes in market value are relative to the previous quarter.",1371146339
2018,Q1,8,Facebook,464189.0,,"This Financial Times –based list is up to date  as of December 31, 2018 [update] . Indicated changes in market value are relative to the previous quarter.",1371146339
2018,Q2,8,Berkshire Hathaway,463980.0,,"This Financial Times –based list is up to date  as of December 31, 2018 [update] . Indicated changes in market value are relative to the previous quarter.",1371146339
2018,Q3,8,Tencent,388080.0,,"This Financial Times –based list is up to date  as of December 31, 2018 [update] . Indicated changes in market value are relative to the previous quarter.",1371146339
2018,Q4,8,Alibaba Group,355130.0,,"This Financial Times –based list is up to date  as of December 31, 2018 [update] . Indicated changes in market value are relative to the previous quarter.",1371146339
2018,Q1,9,JPMorgan Chase,377410.0,,"This Financial Times –based list is up to date  as of December 31, 2018 [update] . Indicated changes in market value are relative to the previous quarter.",1371146339
2018,Q2,9,JPMorgan Chase,354780.0,,"This Financial Times –based list is up to date  as of December 31, 2018 [update] . Indicated changes in market value are relative to the previous quarter.",1371146339
2018,Q3,9,JPMorgan Chase,379440.0,,"This Financial Times –based list is up to date  as of December 31, 2018 [update] . Indicated changes in market value are relative to the previous quarter.",1371146339
2018,Q4,9,Johnson & Johnson,346110.0,,"This Financial Times –based list is up to date  as of December 31, 2018 [update] . Indicated changes in market value are relative to the previous quarter.",1371146339
2018,Q1,10,Johnson & Johnson,343780.0,,"This Financial Times –based list is up to date  as of December 31, 2018 [update] . Indicated changes in market value are relative to the previous quarter.",1371146339
2018,Q2,10,ExxonMobil,350270.0,,"This Financial Times –based list is up to date  as of December 31, 2018 [update] . Indicated changes in market value are relative to the previous quarter.",1371146339
2018,Q3,10,Johnson & Johnson,370650.0,,"This Financial Times –based list is up to date  as of December 31, 2018 [update] . Indicated changes in market value are relative to the previous quarter.",1371146339
2018,Q4,10,JPMorgan Chase,324660.0,,"This Financial Times –based list is up to date  as of December 31, 2018 [update] . Indicated changes in market value are relative to the previous quarter.",1371146339
2017,Q1,1,Apple,753718.0,https://markets.ft.com/data/dataarchive/ajax/fetchreport?reportCode=GMKT&documentKey=688_GMKT_170401,"This Financial Times –based list is up to date  as of December 31, 2017 [update] . Indicated changes in market value are relative to the previous quarter.",1371146339
2017,Q2,1,Apple,749124.0,https://markets.ft.com/data/dataarchive/ajax/fetchreport?reportCode=GMKT&documentKey=688_GMKT_170630,"This Financial Times –based list is up to date  as of December 31, 2017 [update] . Indicated changes in market value are relative to the previous quarter.",1371146339
2017,Q3,1,Apple,791726.0,https://markets.ft.com/data/dataarchive/ajax/fetchreport?reportCode=GMKT&documentKey=688_GMKT_170929,"This Financial Times –based list is up to date  as of December 31, 2017 [update] . Indicated changes in market value are relative to the previous quarter.",1371146339
2017,Q4,1,Apple,868880.0,,"This Financial Times –based list is up to date  as of December 31, 2017 [update] . Indicated changes in market value are relative to the previous quarter.",1371146339
2017,Q1,2,Alphabet,573570.0,https://markets.ft.com/data/dataarchive/ajax/fetchreport?reportCode=GMKT&documentKey=688_GMKT_170401,"This Financial Times –based list is up to date  as of December 31, 2017 [update] . Indicated changes in market value are relative to the previous quarter.",1371146339
2017,Q2,2,Alphabet,628610.0,https://markets.ft.com/data/dataarchive/ajax/fetchreport?reportCode=GMKT&documentKey=688_GMKT_170630,"This Financial Times –based list is up to date  as of December 31, 2017 [update] . Indicated changes in market value are relative to the previous quarter.",1371146339
2017,Q3,2,Alphabet,664550.0,https://markets.ft.com/data/dataarchive/ajax/fetchreport?reportCode=GMKT&documentKey=688_GMKT_170929,"This Financial Times –based list is up to date  as of December 31, 2017 [update] . Indicated changes in market value are relative to the previous quarter.",1371146339
2017,Q4,2,Alphabet,727040.0,,"This Financial Times –based list is up to date  as of December 31, 2017 [update] . Indicated changes in market value are relative to the previous quarter.",1371146339
2017,Q1,3,Microsoft,508935.0,https://markets.ft.com/data/dataarchive/ajax/fetchreport?reportCode=GMKT&documentKey=688_GMKT_170401,"This Financial Times –based list is up to date  as of December 31, 2017 [update] . Indicated changes in market value are relative to the previous quarter.",1371146339
2017,Q2,3,Microsoft,528778.0,https://markets.ft.com/data/dataarchive/ajax/fetchreport?reportCode=GMKT&documentKey=688_GMKT_170630,"This Financial Times –based list is up to date  as of December 31, 2017 [update] . Indicated changes in market value are relative to the previous quarter.",1371146339
2017,Q3,3,Microsoft,568965.0,https://markets.ft.com/data/dataarchive/ajax/fetchreport?reportCode=GMKT&documentKey=688_GMKT_170929,"This Financial Times –based list is up to date  as of December 31, 2017 [update] . Indicated changes in market value are relative to the previous quarter.",1371146339
2017,Q4,3,Microsoft,659910.0,,"This Financial Times –based list is up to date  as of December 31, 2017 [update] . Indicated changes in market value are relative to the previous quarter.",1371146339
2017,Q1,4,Amazon,423031.0,https://markets.ft.com/data/dataarchive/ajax/fetchreport?reportCode=GMKT&documentKey=688_GMKT_170401,"This Financial Times –based list is up to date  as of December 31, 2017 [update] . Indicated changes in market value are relative to the previous quarter.",1371146339
2017,Q2,4,Amazon,466471.0,https://markets.ft.com/data/dataarchive/ajax/fetchreport?reportCode=GMKT&documentKey=688_GMKT_170630,"This Financial Times –based list is up to date  as of December 31, 2017 [update] . Indicated changes in market value are relative to the previous quarter.",1371146339
2017,Q3,4,Amazon,459435.0,https://markets.ft.com/data/dataarchive/ajax/fetchreport?reportCode=GMKT&documentKey=688_GMKT_170929,"This Financial Times –based list is up to date  as of December 31, 2017 [update] . Indicated changes in market value are relative to the previous quarter.",1371146339
2017,Q4,4,Amazon,563540.0,,"This Financial Times –based list is up to date  as of December 31, 2017 [update] . Indicated changes in market value are relative to the previous quarter.",1371146339
2017,Q1,5,Berkshire Hathaway,410880.0,https://markets.ft.com/data/dataarchive/ajax/fetchreport?reportCode=GMKT&documentKey=688_GMKT_170401,"This Financial Times –based list is up to date  as of December 31, 2017 [update] . Indicated changes in market value are relative to the previous quarter.",1371146339
2017,Q2,5,Berkshire Hathaway,418880.0,https://markets.ft.com/data/dataarchive/ajax/fetchreport?reportCode=GMKT&documentKey=688_GMKT_170630,"This Financial Times –based list is up to date  as of December 31, 2017 [update] . Indicated changes in market value are relative to the previous quarter.",1371146339
2017,Q3,5,Berkshire Hathaway,451840.0,https://markets.ft.com/data/dataarchive/ajax/fetchreport?reportCode=GMKT&documentKey=688_GMKT_170929,"This Financial Times –based list is up to date  as of December 31, 2017 [update] . Indicated changes in market value are relative to the previous quarter.",1371146339
2017,Q4,5,Facebook,512760.0,,"This Financial Times –based list is up to date  as of December 31, 2017 [update] . Indicated changes in market value are relative to the previous quarter.",1371146339
2017,Q1,6,ExxonMobil,339897.0,https://markets.ft.com/data/dataarchive/ajax/fetchreport?reportCode=GMKT&documentKey=688_GMKT_170401,"This Financial Times –based list is up to date  as of December 31, 2017 [update] . Indicated changes in market value are relative to the previous quarter.",1371146339
2017,Q2,6,Johnson & Johnson,357310.0,https://markets.ft.com/data/dataarchive/ajax/fetchreport?reportCode=GMKT&documentKey=688_GMKT_170630,"This Financial Times –based list is up to date  as of December 31, 2017 [update] . Indicated changes in market value are relative to the previous quarter.",1371146339
2017,Q3,6,Alibaba Group,436850.0,https://markets.ft.com/data/dataarchive/ajax/fetchreport?reportCode=GMKT&documentKey=688_GMKT_170929,"This Financial Times –based list is up to date  as of December 31, 2017 [update] . Indicated changes in market value are relative to the previous quarter.",1371146339
2017,Q4,6,Tencent,493340.0,,"This Financial Times –based list is up to date  as of December 31, 2017 [update] . Indicated changes in market value are relative to the previous quarter.",1371146339
2017,Q1,7,Johnson & Johnson,337947.0,https://markets.ft.com/data/dataarchive/ajax/fetchreport?reportCode=GMKT&documentKey=688_GMKT_170401,"This Financial Times –based list is up to date  as of December 31, 2017 [update] . Indicated changes in market value are relative to the previous quarter.",1371146339
2017,Q2,7,Facebook,357176.0,https://markets.ft.com/data/dataarchive/ajax/fetchreport?reportCode=GMKT&documentKey=688_GMKT_170630,"This Financial Times –based list is up to date  as of December 31, 2017 [update] . Indicated changes in market value are relative to the previous quarter.",1371146339
2017,Q3,7,Tencent,405007.0,https://markets.ft.com/data/dataarchive/ajax/fetchreport?reportCode=GMKT&documentKey=688_GMKT_170929,"This Financial Times –based list is up to date  as of December 31, 2017 [update] . Indicated changes in market value are relative to the previous quarter.",1371146339
2017,Q4,7,Berkshire Hathaway,489490.0,,"This Financial Times –based list is up to date  as of December 31, 2017 [update] . Indicated changes in market value are relative to the previous quarter.",1371146339
2017,Q1,8,Facebook,334552.0,https://markets.ft.com/data/dataarchive/ajax/fetchreport?reportCode=GMKT&documentKey=688_GMKT_170401,"This Financial Times –based list is up to date  as of December 31, 2017 [update] . Indicated changes in market value are relative to the previous quarter.",1371146339
2017,Q2,8,Alibaba Group,356390.0,https://markets.ft.com/data/dataarchive/ajax/fetchreport?reportCode=GMKT&documentKey=688_GMKT_170630,"This Financial Times –based list is up to date  as of December 31, 2017 [update] . Indicated changes in market value are relative to the previous quarter.",1371146339
2017,Q3,8,Facebook,399946.0,https://markets.ft.com/data/dataarchive/ajax/fetchreport?reportCode=GMKT&documentKey=688_GMKT_170929,"This Financial Times –based list is up to date  as of December 31, 2017 [update] . Indicated changes in market value are relative to the previous quarter.",1371146339
2017,Q4,8,Alibaba Group,440712.0,,"This Financial Times –based list is up to date  as of December 31, 2017 [update] . Indicated changes in market value are relative to the previous quarter.",1371146339
2017,Q1,9,JPMorgan Chase,313761.0,https://markets.ft.com/data/dataarchive/ajax/fetchreport?reportCode=GMKT&documentKey=688_GMKT_170401,"This Financial Times –based list is up to date  as of December 31, 2017 [update] . Indicated changes in market value are relative to the previous quarter.",1371146339
2017,Q2,9,Tencent,344879.0,https://markets.ft.com/data/dataarchive/ajax/fetchreport?reportCode=GMKT&documentKey=688_GMKT_170630,"This Financial Times –based list is up to date  as of December 31, 2017 [update] . Indicated changes in market value are relative to the previous quarter.",1371146339
2017,Q3,9,ExxonMobil,348248.0,https://markets.ft.com/data/dataarchive/ajax/fetchreport?reportCode=GMKT&documentKey=688_GMKT_170929,"This Financial Times –based list is up to date  as of December 31, 2017 [update] . Indicated changes in market value are relative to the previous quarter.",1371146339
2017,Q4,9,Johnson & Johnson,375360.0,,"This Financial Times –based list is up to date  as of December 31, 2017 [update] . Indicated changes in market value are relative to the previous quarter.",1371146339
2017,Q1,10,Wells Fargo,278516.0,https://markets.ft.com/data/dataarchive/ajax/fetchreport?reportCode=GMKT&documentKey=688_GMKT_170401,"This Financial Times –based list is up to date  as of December 31, 2017 [update] . Indicated changes in market value are relative to the previous quarter.",1371146339
2017,Q2,10,ExxonMobil,341947.0,https://markets.ft.com/data/dataarchive/ajax/fetchreport?reportCode=GMKT&documentKey=688_GMKT_170630,"This Financial Times –based list is up to date  as of December 31, 2017 [update] . Indicated changes in market value are relative to the previous quarter.",1371146339
2017,Q3,10,Johnson & Johnson,347497.0,https://markets.ft.com/data/dataarchive/ajax/fetchreport?reportCode=GMKT&documentKey=688_GMKT_170929,"This Financial Times –based list is up to date  as of December 31, 2017 [update] . Indicated changes in market value are relative to the previous quarter.",1371146339
2017,Q4,10,JPMorgan Chase,371050.0,,"This Financial Times –based list is up to date  as of December 31, 2017 [update] . Indicated changes in market value are relative to the previous quarter.",1371146339
2016,Q1,1,Apple,607465.0,http://markets.ft.com/Research/Markets/DataArchiveFetchReport?Category=&Type=GMKT&Date=03/31/2016,"This Financial Times –based list is up to date  as of December 31, 2016 [update] . Indicated changes in market value are relative to the previous quarter.",1371146339
2016,Q2,1,Apple,517069.0,https://markets.ft.com/data/dataarchive/ajax/fetchreport?reportCode=GMKT&documentKey=688_GMKT_300616,"This Financial Times –based list is up to date  as of December 31, 2016 [update] . Indicated changes in market value are relative to the previous quarter.",1371146339
2016,Q3,1,Apple,604475.0,https://markets.ft.com/data/dataarchive/ajax/fetchreport?reportCode=GMKT&documentKey=688_GMKT_160930,"This Financial Times –based list is up to date  as of December 31, 2016 [update] . Indicated changes in market value are relative to the previous quarter.",1371146339
2016,Q4,1,Apple,617588.49,https://markets.ft.com/data/dataarchive/ajax/fetchreport?reportCode=GMKT&documentKey=688_GMKT_161231,"This Financial Times –based list is up to date  as of December 31, 2016 [update] . Indicated changes in market value are relative to the previous quarter.",1371146339
2016,Q1,2,Alphabet,535660.0,http://markets.ft.com/Research/Markets/DataArchiveFetchReport?Category=&Type=GMKT&Date=03/31/2016,"This Financial Times –based list is up to date  as of December 31, 2016 [update] . Indicated changes in market value are relative to the previous quarter.",1371146339
2016,Q2,2,Alphabet,475320.0,https://markets.ft.com/data/dataarchive/ajax/fetchreport?reportCode=GMKT&documentKey=688_GMKT_300616,"This Financial Times –based list is up to date  as of December 31, 2016 [update] . Indicated changes in market value are relative to the previous quarter.",1371146339
2016,Q3,2,Alphabet,535660.0,https://markets.ft.com/data/dataarchive/ajax/fetchreport?reportCode=GMKT&documentKey=688_GMKT_160930,"This Financial Times –based list is up to date  as of December 31, 2016 [update] . Indicated changes in market value are relative to the previous quarter.",1371146339
2016,Q4,2,Alphabet,531970.0,https://markets.ft.com/data/dataarchive/ajax/fetchreport?reportCode=GMKT&documentKey=688_GMKT_161231,"This Financial Times –based list is up to date  as of December 31, 2016 [update] . Indicated changes in market value are relative to the previous quarter.",1371146339
2016,Q1,3,Microsoft,439734.0,http://markets.ft.com/Research/Markets/DataArchiveFetchReport?Category=&Type=GMKT&Date=03/31/2016,"This Financial Times –based list is up to date  as of December 31, 2016 [update] . Indicated changes in market value are relative to the previous quarter.",1371146339
2016,Q2,3,Microsoft,397268.0,https://markets.ft.com/data/dataarchive/ajax/fetchreport?reportCode=GMKT&documentKey=688_GMKT_300616,"This Financial Times –based list is up to date  as of December 31, 2016 [update] . Indicated changes in market value are relative to the previous quarter.",1371146339
2016,Q3,3,Microsoft,447290.0,https://markets.ft.com/data/dataarchive/ajax/fetchreport?reportCode=GMKT&documentKey=688_GMKT_160930,"This Financial Times –based list is up to date  as of December 31, 2016 [update] . Indicated changes in market value are relative to the previous quarter.",1371146339
2016,Q4,3,Microsoft,483160.28,https://markets.ft.com/data/dataarchive/ajax/fetchreport?reportCode=GMKT&documentKey=688_GMKT_161231,"This Financial Times –based list is up to date  as of December 31, 2016 [update] . Indicated changes in market value are relative to the previous quarter.",1371146339
2016,Q1,4,ExxonMobil,350991.0,http://markets.ft.com/Research/Markets/DataArchiveFetchReport?Category=&Type=GMKT&Date=03/31/2016,"This Financial Times –based list is up to date  as of December 31, 2016 [update] . Indicated changes in market value are relative to the previous quarter.",1371146339
2016,Q2,4,ExxonMobil,383396.0,https://markets.ft.com/data/dataarchive/ajax/fetchreport?reportCode=GMKT&documentKey=688_GMKT_300616,"This Financial Times –based list is up to date  as of December 31, 2016 [update] . Indicated changes in market value are relative to the previous quarter.",1371146339
2016,Q3,4,Amazon,393030.0,https://markets.ft.com/data/dataarchive/ajax/fetchreport?reportCode=GMKT&documentKey=688_GMKT_160930,"This Financial Times –based list is up to date  as of December 31, 2016 [update] . Indicated changes in market value are relative to the previous quarter.",1371146339
2016,Q4,4,Berkshire Hathaway,404390.0,https://markets.ft.com/data/dataarchive/ajax/fetchreport?reportCode=GMKT&documentKey=688_GMKT_161231,"This Financial Times –based list is up to date  as of December 31, 2016 [update] . Indicated changes in market value are relative to the previous quarter.",1371146339
2016,Q1,5,Berkshire Hathaway,349740.0,http://markets.ft.com/Research/Markets/DataArchiveFetchReport?Category=&Type=GMKT&Date=03/31/2016,"This Financial Times –based list is up to date  as of December 31, 2016 [update] . Indicated changes in market value are relative to the previous quarter.",1371146339
2016,Q2,5,Berkshire Hathaway,345860.0,https://markets.ft.com/data/dataarchive/ajax/fetchreport?reportCode=GMKT&documentKey=688_GMKT_300616,"This Financial Times –based list is up to date  as of December 31, 2016 [update] . Indicated changes in market value are relative to the previous quarter.",1371146339
2016,Q3,5,ExxonMobil,358519.0,https://markets.ft.com/data/dataarchive/ajax/fetchreport?reportCode=GMKT&documentKey=688_GMKT_160930,"This Financial Times –based list is up to date  as of December 31, 2016 [update] . Indicated changes in market value are relative to the previous quarter.",1371146339
2016,Q4,5,ExxonMobil,374280.0,https://markets.ft.com/data/dataarchive/ajax/fetchreport?reportCode=GMKT&documentKey=688_GMKT_161231,"This Financial Times –based list is up to date  as of December 31, 2016 [update] . Indicated changes in market value are relative to the previous quarter.",1371146339
2016,Q1,6,Johnson & Johnson,300604.0,http://markets.ft.com/Research/Markets/DataArchiveFetchReport?Category=&Type=GMKT&Date=03/31/2016,"This Financial Times –based list is up to date  as of December 31, 2016 [update] . Indicated changes in market value are relative to the previous quarter.",1371146339
2016,Q2,6,Amazon,337641.0,https://markets.ft.com/data/dataarchive/ajax/fetchreport?reportCode=GMKT&documentKey=688_GMKT_300616,"This Financial Times –based list is up to date  as of December 31, 2016 [update] . Indicated changes in market value are relative to the previous quarter.",1371146339
2016,Q3,6,Berkshire Hathaway,358300.0,https://markets.ft.com/data/dataarchive/ajax/fetchreport?reportCode=GMKT&documentKey=688_GMKT_160930,"This Financial Times –based list is up to date  as of December 31, 2016 [update] . Indicated changes in market value are relative to the previous quarter.",1371146339
2016,Q4,6,Amazon,356313.12,https://markets.ft.com/data/dataarchive/ajax/fetchreport?reportCode=GMKT&documentKey=688_GMKT_161231,"This Financial Times –based list is up to date  as of December 31, 2016 [update] . Indicated changes in market value are relative to the previous quarter.",1371146339
2016,Q1,7,General Electric,295546.0,http://markets.ft.com/Research/Markets/DataArchiveFetchReport?Category=&Type=GMKT&Date=03/31/2016,"This Financial Times –based list is up to date  as of December 31, 2016 [update] . Indicated changes in market value are relative to the previous quarter.",1371146339
2016,Q2,7,Johnson & Johnson,328234.0,https://markets.ft.com/data/dataarchive/ajax/fetchreport?reportCode=GMKT&documentKey=688_GMKT_300616,"This Financial Times –based list is up to date  as of December 31, 2016 [update] . Indicated changes in market value are relative to the previous quarter.",1371146339
2016,Q3,7,Johnson & Johnson,320836.0,https://markets.ft.com/data/dataarchive/ajax/fetchreport?reportCode=GMKT&documentKey=688_GMKT_160930,"This Financial Times –based list is up to date  as of December 31, 2016 [update] . Indicated changes in market value are relative to the previous quarter.",1371146339
2016,Q4,7,Johnson & Johnson,313432.46,https://markets.ft.com/data/dataarchive/ajax/fetchreport?reportCode=GMKT&documentKey=688_GMKT_161231,"This Financial Times –based list is up to date  as of December 31, 2016 [update] . Indicated changes in market value are relative to the previous quarter.",1371146339
2016,Q1,8,Amazon,281888.0,http://markets.ft.com/Research/Markets/DataArchiveFetchReport?Category=&Type=GMKT&Date=03/31/2016,"This Financial Times –based list is up to date  as of December 31, 2016 [update] . Indicated changes in market value are relative to the previous quarter.",1371146339
2016,Q2,8,General Electric,280927.0,https://markets.ft.com/data/dataarchive/ajax/fetchreport?reportCode=GMKT&documentKey=688_GMKT_300616,"This Financial Times –based list is up to date  as of December 31, 2016 [update] . Indicated changes in market value are relative to the previous quarter.",1371146339
2016,Q3,8,Facebook,297548.0,https://markets.ft.com/data/dataarchive/ajax/fetchreport?reportCode=GMKT&documentKey=688_GMKT_160930,"This Financial Times –based list is up to date  as of December 31, 2016 [update] . Indicated changes in market value are relative to the previous quarter.",1371146339
2016,Q4,8,JPMorgan Chase,308768.42,https://markets.ft.com/data/dataarchive/ajax/fetchreport?reportCode=GMKT&documentKey=688_GMKT_161231,"This Financial Times –based list is up to date  as of December 31, 2016 [update] . Indicated changes in market value are relative to the previous quarter.",1371146339
2016,Q1,9,Facebook,259192.0,http://markets.ft.com/Research/Markets/DataArchiveFetchReport?Category=&Type=GMKT&Date=03/31/2016,"This Financial Times –based list is up to date  as of December 31, 2016 [update] . Indicated changes in market value are relative to the previous quarter.",1371146339
2016,Q2,9,Facebook,263930.0,https://markets.ft.com/data/dataarchive/ajax/fetchreport?reportCode=GMKT&documentKey=688_GMKT_300616,"This Financial Times –based list is up to date  as of December 31, 2016 [update] . Indicated changes in market value are relative to the previous quarter.",1371146339
2016,Q3,9,Tencent,265603.0,https://markets.ft.com/data/dataarchive/ajax/fetchreport?reportCode=GMKT&documentKey=688_GMKT_160930,"This Financial Times –based list is up to date  as of December 31, 2016 [update] . Indicated changes in market value are relative to the previous quarter.",1371146339
2016,Q4,9,General Electric,279545.92,https://markets.ft.com/data/dataarchive/ajax/fetchreport?reportCode=GMKT&documentKey=688_GMKT_161231,"This Financial Times –based list is up to date  as of December 31, 2016 [update] . Indicated changes in market value are relative to the previous quarter.",1371146339
2016,Q1,10,Wells Fargo,246035.0,http://markets.ft.com/Research/Markets/DataArchiveFetchReport?Category=&Type=GMKT&Date=03/31/2016,"This Financial Times –based list is up to date  as of December 31, 2016 [update] . Indicated changes in market value are relative to the previous quarter.",1371146339
2016,Q2,10,AT&T,261035.0,https://markets.ft.com/data/dataarchive/ajax/fetchreport?reportCode=GMKT&documentKey=688_GMKT_300616,"This Financial Times –based list is up to date  as of December 31, 2016 [update] . Indicated changes in market value are relative to the previous quarter.",1371146339
2016,Q3,10,General Electric,261876.0,https://markets.ft.com/data/dataarchive/ajax/fetchreport?reportCode=GMKT&documentKey=688_GMKT_160930,"This Financial Times –based list is up to date  as of December 31, 2016 [update] . Indicated changes in market value are relative to the previous quarter.",1371146339
2016,Q4,10,Wells Fargo,276779.12,https://markets.ft.com/data/dataarchive/ajax/fetchreport?reportCode=GMKT&documentKey=688_GMKT_161231,"This Financial Times –based list is up to date  as of December 31, 2016 [update] . Indicated changes in market value are relative to the previous quarter.",1371146339
2015,Q1,1,Apple,724773.1,http://im.ft-static.com/content/images/b38c350e-169d-11e5-b07f-00144feabdc0.xls,"This Financial Times –based list is up to date  as of December 31, 2015 [update] . Indicated changes in market value are relative to the previous quarter.",1371146339
2015,Q2,1,Apple,722576.9,http://im.ft-static.com/content/images/3738dd34-35da-11e5-b05b-b01debd57852.xls,"This Financial Times –based list is up to date  as of December 31, 2015 [update] . Indicated changes in market value are relative to the previous quarter.",1371146339
2015,Q3,1,Apple,621939.0,http://markets.ft.com/Research/Markets/DataArchiveFetchReport?Category=&Type=GMKT&Date=09/30/2015,"This Financial Times –based list is up to date  as of December 31, 2015 [update] . Indicated changes in market value are relative to the previous quarter.",1371146339
2015,Q4,1,Apple,598344.0,http://markets.ft.com/Research/Markets/DataArchiveFetchReport?Category=&Type=GMKT&Date=12/31/2015,"This Financial Times –based list is up to date  as of December 31, 2015 [update] . Indicated changes in market value are relative to the previous quarter.",1371146339
2015,Q1,2,ExxonMobil,356548.7,http://im.ft-static.com/content/images/b38c350e-169d-11e5-b07f-00144feabdc0.xls,"This Financial Times –based list is up to date  as of December 31, 2015 [update] . Indicated changes in market value are relative to the previous quarter.",1371146339
2015,Q2,2,Microsoft,357154.4,http://im.ft-static.com/content/images/3738dd34-35da-11e5-b05b-b01debd57852.xls,"This Financial Times –based list is up to date  as of December 31, 2015 [update] . Indicated changes in market value are relative to the previous quarter.",1371146339
2015,Q3,2,Google,407870.0,http://markets.ft.com/Research/Markets/DataArchiveFetchReport?Category=&Type=GMKT&Date=09/30/2015,"This Financial Times –based list is up to date  as of December 31, 2015 [update] . Indicated changes in market value are relative to the previous quarter.",1371146339
2015,Q4,2,Alphabet,534090.0,http://markets.ft.com/Research/Markets/DataArchiveFetchReport?Category=&Type=GMKT&Date=12/31/2015,"This Financial Times –based list is up to date  as of December 31, 2015 [update] . Indicated changes in market value are relative to the previous quarter.",1371146339
2015,Q1,3,Berkshire Hathaway,356510.7,http://im.ft-static.com/content/images/b38c350e-169d-11e5-b07f-00144feabdc0.xls,"This Financial Times –based list is up to date  as of December 31, 2015 [update] . Indicated changes in market value are relative to the previous quarter.",1371146339
2015,Q2,3,ExxonMobil,347868.1,http://im.ft-static.com/content/images/3738dd34-35da-11e5-b05b-b01debd57852.xls,"This Financial Times –based list is up to date  as of December 31, 2015 [update] . Indicated changes in market value are relative to the previous quarter.",1371146339
2015,Q3,3,Microsoft,347432.0,http://markets.ft.com/Research/Markets/DataArchiveFetchReport?Category=&Type=GMKT&Date=09/30/2015,"This Financial Times –based list is up to date  as of December 31, 2015 [update] . Indicated changes in market value are relative to the previous quarter.",1371146339
2015,Q4,3,Microsoft,439680.0,http://markets.ft.com/Research/Markets/DataArchiveFetchReport?Category=&Type=GMKT&Date=12/31/2015,"This Financial Times –based list is up to date  as of December 31, 2015 [update] . Indicated changes in market value are relative to the previous quarter.",1371146339
2015,Q1,4,Google,345849.2,http://im.ft-static.com/content/images/b38c350e-169d-11e5-b07f-00144feabdc0.xls,"This Financial Times –based list is up to date  as of December 31, 2015 [update] . Indicated changes in market value are relative to the previous quarter.",1371146339
2015,Q2,4,Google,336014.5,http://im.ft-static.com/content/images/3738dd34-35da-11e5-b05b-b01debd57852.xls,"This Financial Times –based list is up to date  as of December 31, 2015 [update] . Indicated changes in market value are relative to the previous quarter.",1371146339
2015,Q3,4,Berkshire Hathaway,318180.0,http://markets.ft.com/Research/Markets/DataArchiveFetchReport?Category=&Type=GMKT&Date=09/30/2015,"This Financial Times –based list is up to date  as of December 31, 2015 [update] . Indicated changes in market value are relative to the previous quarter.",1371146339
2015,Q4,4,Berkshire Hathaway,323750.0,http://markets.ft.com/Research/Markets/DataArchiveFetchReport?Category=&Type=GMKT&Date=12/31/2015,"This Financial Times –based list is up to date  as of December 31, 2015 [update] . Indicated changes in market value are relative to the previous quarter.",1371146339
2015,Q1,5,Microsoft,333524.8,http://im.ft-static.com/content/images/b38c350e-169d-11e5-b07f-00144feabdc0.xls,"This Financial Times –based list is up to date  as of December 31, 2015 [update] . Indicated changes in market value are relative to the previous quarter.",1371146339
2015,Q2,5,Berkshire Hathaway,336014.5,http://im.ft-static.com/content/images/3738dd34-35da-11e5-b05b-b01debd57852.xls,"This Financial Times –based list is up to date  as of December 31, 2015 [update] . Indicated changes in market value are relative to the previous quarter.",1371146339
2015,Q3,5,ExxonMobil,304245.0,http://markets.ft.com/Research/Markets/DataArchiveFetchReport?Category=&Type=GMKT&Date=09/30/2015,"This Financial Times –based list is up to date  as of December 31, 2015 [update] . Indicated changes in market value are relative to the previous quarter.",1371146339
2015,Q4,5,ExxonMobil,325167.0,http://markets.ft.com/Research/Markets/DataArchiveFetchReport?Category=&Type=GMKT&Date=12/31/2015,"This Financial Times –based list is up to date  as of December 31, 2015 [update] . Indicated changes in market value are relative to the previous quarter.",1371146339
2015,Q1,6,Petro China,329715.1,http://im.ft-static.com/content/images/b38c350e-169d-11e5-b07f-00144feabdc0.xls,"This Financial Times –based list is up to date  as of December 31, 2015 [update] . Indicated changes in market value are relative to the previous quarter.",1371146339
2015,Q2,6,Petro China,319391.6,http://im.ft-static.com/content/images/3738dd34-35da-11e5-b05b-b01debd57852.xls,"This Financial Times –based list is up to date  as of December 31, 2015 [update] . Indicated changes in market value are relative to the previous quarter.",1371146339
2015,Q3,6,Johnson & Johnson,257637.0,http://markets.ft.com/Research/Markets/DataArchiveFetchReport?Category=&Type=GMKT&Date=09/30/2015,"This Financial Times –based list is up to date  as of December 31, 2015 [update] . Indicated changes in market value are relative to the previous quarter.",1371146339
2015,Q4,6,Amazon,323009.0,http://markets.ft.com/Research/Markets/DataArchiveFetchReport?Category=&Type=GMKT&Date=12/31/2015,"This Financial Times –based list is up to date  as of December 31, 2015 [update] . Indicated changes in market value are relative to the previous quarter.",1371146339
2015,Q1,7,Wells Fargo,279919.7,http://im.ft-static.com/content/images/b38c350e-169d-11e5-b07f-00144feabdc0.xls,"This Financial Times –based list is up to date  as of December 31, 2015 [update] . Indicated changes in market value are relative to the previous quarter.",1371146339
2015,Q2,7,ICBC,298531.5,http://im.ft-static.com/content/images/3738dd34-35da-11e5-b05b-b01debd57852.xls,"This Financial Times –based list is up to date  as of December 31, 2015 [update] . Indicated changes in market value are relative to the previous quarter.",1371146339
2015,Q3,7,General Electric,248069.0,http://markets.ft.com/Research/Markets/DataArchiveFetchReport?Category=&Type=GMKT&Date=09/30/2015,"This Financial Times –based list is up to date  as of December 31, 2015 [update] . Indicated changes in market value are relative to the previous quarter.",1371146339
2015,Q4,7,General Electric,313892.0,http://markets.ft.com/Research/Markets/DataArchiveFetchReport?Category=&Type=GMKT&Date=12/31/2015,"This Financial Times –based list is up to date  as of December 31, 2015 [update] . Indicated changes in market value are relative to the previous quarter.",1371146339
2015,Q1,8,Johnson & Johnson,279723.9,http://im.ft-static.com/content/images/b38c350e-169d-11e5-b07f-00144feabdc0.xls,"This Financial Times –based list is up to date  as of December 31, 2015 [update] . Indicated changes in market value are relative to the previous quarter.",1371146339
2015,Q2,8,Wells Fargo,289591.3,http://im.ft-static.com/content/images/3738dd34-35da-11e5-b05b-b01debd57852.xls,"This Financial Times –based list is up to date  as of December 31, 2015 [update] . Indicated changes in market value are relative to the previous quarter.",1371146339
2015,Q3,8,China Mobile,243186.0,http://markets.ft.com/Research/Markets/DataArchiveFetchReport?Category=&Type=GMKT&Date=09/30/2015,"This Financial Times –based list is up to date  as of December 31, 2015 [update] . Indicated changes in market value are relative to the previous quarter.",1371146339
2015,Q4,8,Johnson & Johnson,287153.0,http://markets.ft.com/Research/Markets/DataArchiveFetchReport?Category=&Type=GMKT&Date=12/31/2015,"This Financial Times –based list is up to date  as of December 31, 2015 [update] . Indicated changes in market value are relative to the previous quarter.",1371146339
2015,Q1,9,ICBC,275389.1,http://im.ft-static.com/content/images/b38c350e-169d-11e5-b07f-00144feabdc0.xls,"This Financial Times –based list is up to date  as of December 31, 2015 [update] . Indicated changes in market value are relative to the previous quarter.",1371146339
2015,Q2,9,Johnson & Johnson,270260.8,http://im.ft-static.com/content/images/3738dd34-35da-11e5-b05b-b01debd57852.xls,"This Financial Times –based list is up to date  as of December 31, 2015 [update] . Indicated changes in market value are relative to the previous quarter.",1371146339
2015,Q3,9,Novartis,240373.0,http://markets.ft.com/Research/Markets/DataArchiveFetchReport?Category=&Type=GMKT&Date=09/30/2015,"This Financial Times –based list is up to date  as of December 31, 2015 [update] . Indicated changes in market value are relative to the previous quarter.",1371146339
2015,Q4,9,Wells Fargo,281770.0,http://markets.ft.com/Research/Markets/DataArchiveFetchReport?Category=&Type=GMKT&Date=12/31/2015,"This Financial Times –based list is up to date  as of December 31, 2015 [update] . Indicated changes in market value are relative to the previous quarter.",1371146339
2015,Q1,10,Novartis,267897.0,http://im.ft-static.com/content/images/b38c350e-169d-11e5-b07f-00144feabdc0.xls,"This Financial Times –based list is up to date  as of December 31, 2015 [update] . Indicated changes in market value are relative to the previous quarter.",1371146339
2015,Q2,10,General Electric,267717.4,http://im.ft-static.com/content/images/3738dd34-35da-11e5-b05b-b01debd57852.xls,"This Financial Times –based list is up to date  as of December 31, 2015 [update] . Indicated changes in market value are relative to the previous quarter.",1371146339
2015,Q3,10,Nestlé,233361.0,http://markets.ft.com/Research/Markets/DataArchiveFetchReport?Category=&Type=GMKT&Date=09/30/2015,"This Financial Times –based list is up to date  as of December 31, 2015 [update] . Indicated changes in market value are relative to the previous quarter.",1371146339
2015,Q4,10,JPMorgan Chase,245126.0,http://markets.ft.com/Research/Markets/DataArchiveFetchReport?Category=&Type=GMKT&Date=12/31/2015,"This Financial Times –based list is up to date  as of December 31, 2015 [update] . Indicated changes in market value are relative to the previous quarter.",1371146339
2014,Q1,1,Apple,478766.1,http://im.ft-static.com/content/images/7097ad1a-fded-11e3-bd0e-00144feab7de.xls,"This Financial Times –based list is up to date  as of December 31, 2014 [update] . Indicated changes in market value are relative to the previous quarter.",1371146339
2014,Q2,1,Apple,560337.4,http://im.ft-static.com/content/images/632d8aa6-05da-11e4-9baa-00144feab7de.xls,"This Financial Times –based list is up to date  as of December 31, 2014 [update] . Indicated changes in market value are relative to the previous quarter.",1371146339
2014,Q3,1,Apple,603277.4,http://im.ft-static.com/content/images/e563a0fa-4e14-11e4-adfe-00144feab7de.xls,"This Financial Times –based list is up to date  as of December 31, 2014 [update] . Indicated changes in market value are relative to the previous quarter.",1371146339
2014,Q4,1,Apple,647361.0,http://im.ft-static.com/content/images/07b13826-9739-11e4-9636-00144feabdc0.xls,"This Financial Times –based list is up to date  as of December 31, 2014 [update] . Indicated changes in market value are relative to the previous quarter.",1371146339
2014,Q1,2,ExxonMobil,422098.3,http://im.ft-static.com/content/images/7097ad1a-fded-11e3-bd0e-00144feab7de.xls,"This Financial Times –based list is up to date  as of December 31, 2014 [update] . Indicated changes in market value are relative to the previous quarter.",1371146339
2014,Q2,2,ExxonMobil,432357.3,http://im.ft-static.com/content/images/632d8aa6-05da-11e4-9baa-00144feab7de.xls,"This Financial Times –based list is up to date  as of December 31, 2014 [update] . Indicated changes in market value are relative to the previous quarter.",1371146339
2014,Q3,2,ExxonMobil,401094.1,http://im.ft-static.com/content/images/e563a0fa-4e14-11e4-adfe-00144feab7de.xls,"This Financial Times –based list is up to date  as of December 31, 2014 [update] . Indicated changes in market value are relative to the previous quarter.",1371146339
2014,Q4,2,ExxonMobil,391481.9,http://im.ft-static.com/content/images/07b13826-9739-11e4-9636-00144feabdc0.xls,"This Financial Times –based list is up to date  as of December 31, 2014 [update] . Indicated changes in market value are relative to the previous quarter.",1371146339
2014,Q1,3,Microsoft,340216.8,http://im.ft-static.com/content/images/7097ad1a-fded-11e3-bd0e-00144feab7de.xls,"This Financial Times –based list is up to date  as of December 31, 2014 [update] . Indicated changes in market value are relative to the previous quarter.",1371146339
2014,Q2,3,Google,358347.3,http://im.ft-static.com/content/images/632d8aa6-05da-11e4-9baa-00144feab7de.xls,"This Financial Times –based list is up to date  as of December 31, 2014 [update] . Indicated changes in market value are relative to the previous quarter.",1371146339
2014,Q3,3,Microsoft,381959.7,http://im.ft-static.com/content/images/e563a0fa-4e14-11e4-adfe-00144feab7de.xls,"This Financial Times –based list is up to date  as of December 31, 2014 [update] . Indicated changes in market value are relative to the previous quarter.",1371146339
2014,Q4,3,Microsoft,382880.3,http://im.ft-static.com/content/images/07b13826-9739-11e4-9636-00144feabdc0.xls,"This Financial Times –based list is up to date  as of December 31, 2014 [update] . Indicated changes in market value are relative to the previous quarter.",1371146339
2014,Q1,4,Google,313003.9,http://im.ft-static.com/content/images/7097ad1a-fded-11e3-bd0e-00144feab7de.xls,"This Financial Times –based list is up to date  as of December 31, 2014 [update] . Indicated changes in market value are relative to the previous quarter.",1371146339
2014,Q2,4,Microsoft,344458.8,http://im.ft-static.com/content/images/632d8aa6-05da-11e4-9baa-00144feab7de.xls,"This Financial Times –based list is up to date  as of December 31, 2014 [update] . Indicated changes in market value are relative to the previous quarter.",1371146339
2014,Q3,4,Google,361998.4,http://im.ft-static.com/content/images/e563a0fa-4e14-11e4-adfe-00144feab7de.xls,"This Financial Times –based list is up to date  as of December 31, 2014 [update] . Indicated changes in market value are relative to the previous quarter.",1371146339
2014,Q4,4,Berkshire Hathaway,370652.6,http://im.ft-static.com/content/images/07b13826-9739-11e4-9636-00144feabdc0.xls,"This Financial Times –based list is up to date  as of December 31, 2014 [update] . Indicated changes in market value are relative to the previous quarter.",1371146339
2014,Q1,5,Berkshire Hathaway,308090.6,http://im.ft-static.com/content/images/7097ad1a-fded-11e3-bd0e-00144feab7de.xls,"This Financial Times –based list is up to date  as of December 31, 2014 [update] . Indicated changes in market value are relative to the previous quarter.",1371146339
2014,Q2,5,Berkshire Hathaway,312216.7,http://im.ft-static.com/content/images/632d8aa6-05da-11e4-9baa-00144feab7de.xls,"This Financial Times –based list is up to date  as of December 31, 2014 [update] . Indicated changes in market value are relative to the previous quarter.",1371146339
2014,Q3,5,Berkshire Hathaway,340055.0,http://im.ft-static.com/content/images/e563a0fa-4e14-11e4-adfe-00144feab7de.xls,"This Financial Times –based list is up to date  as of December 31, 2014 [update] . Indicated changes in market value are relative to the previous quarter.",1371146339
2014,Q4,5,Google,329768.5,http://im.ft-static.com/content/images/07b13826-9739-11e4-9636-00144feabdc0.xls,"This Financial Times –based list is up to date  as of December 31, 2014 [update] . Indicated changes in market value are relative to the previous quarter.",1371146339
2014,Q1,6,Johnson & Johnson,277826.2,http://im.ft-static.com/content/images/7097ad1a-fded-11e3-bd0e-00144feab7de.xls,"This Financial Times –based list is up to date  as of December 31, 2014 [update] . Indicated changes in market value are relative to the previous quarter.",1371146339
2014,Q2,6,Johnson & Johnson,295980.1,http://im.ft-static.com/content/images/632d8aa6-05da-11e4-9baa-00144feab7de.xls,"This Financial Times –based list is up to date  as of December 31, 2014 [update] . Indicated changes in market value are relative to the previous quarter.",1371146339
2014,Q3,6,Johnson & Johnson,300614.2,http://im.ft-static.com/content/images/e563a0fa-4e14-11e4-adfe-00144feab7de.xls,"This Financial Times –based list is up to date  as of December 31, 2014 [update] . Indicated changes in market value are relative to the previous quarter.",1371146339
2014,Q4,6,PetroChina,305536.1,http://im.ft-static.com/content/images/07b13826-9739-11e4-9636-00144feabdc0.xls,"This Financial Times –based list is up to date  as of December 31, 2014 [update] . Indicated changes in market value are relative to the previous quarter.",1371146339
2014,Q1,7,Wells Fargo,261217.5,http://im.ft-static.com/content/images/7097ad1a-fded-11e3-bd0e-00144feab7de.xls,"This Financial Times –based list is up to date  as of December 31, 2014 [update] . Indicated changes in market value are relative to the previous quarter.",1371146339
2014,Q2,7,Wells Fargo,276837.0,http://im.ft-static.com/content/images/632d8aa6-05da-11e4-9baa-00144feab7de.xls,"This Financial Times –based list is up to date  as of December 31, 2014 [update] . Indicated changes in market value are relative to the previous quarter.",1371146339
2014,Q3,7,Wells Fargo,270782.4,http://im.ft-static.com/content/images/e563a0fa-4e14-11e4-adfe-00144feab7de.xls,"This Financial Times –based list is up to date  as of December 31, 2014 [update] . Indicated changes in market value are relative to the previous quarter.",1371146339
2014,Q4,7,Johnson & Johnson,292702.8,http://im.ft-static.com/content/images/07b13826-9739-11e4-9636-00144feabdc0.xls,"This Financial Times –based list is up to date  as of December 31, 2014 [update] . Indicated changes in market value are relative to the previous quarter.",1371146339
2014,Q1,8,General Electric,259547.3,http://im.ft-static.com/content/images/7097ad1a-fded-11e3-bd0e-00144feab7de.xls,"This Financial Times –based list is up to date  as of December 31, 2014 [update] . Indicated changes in market value are relative to the previous quarter.",1371146339
2014,Q2,8,Royal Dutch Shell,269563.4,http://im.ft-static.com/content/images/632d8aa6-05da-11e4-9baa-00144feab7de.xls,"This Financial Times –based list is up to date  as of December 31, 2014 [update] . Indicated changes in market value are relative to the previous quarter.",1371146339
2014,Q3,8,General Electric,257068.4,http://im.ft-static.com/content/images/e563a0fa-4e14-11e4-adfe-00144feab7de.xls,"This Financial Times –based list is up to date  as of December 31, 2014 [update] . Indicated changes in market value are relative to the previous quarter.",1371146339
2014,Q4,8,Wells Fargo,284385.6,http://im.ft-static.com/content/images/07b13826-9739-11e4-9636-00144feabdc0.xls,"This Financial Times –based list is up to date  as of December 31, 2014 [update] . Indicated changes in market value are relative to the previous quarter.",1371146339
2014,Q1,9,Hoffmann-La Roche,258542.1,http://im.ft-static.com/content/images/7097ad1a-fded-11e3-bd0e-00144feab7de.xls,"This Financial Times –based list is up to date  as of December 31, 2014 [update] . Indicated changes in market value are relative to the previous quarter.",1371146339
2014,Q2,9,General Electric,263529.6,http://im.ft-static.com/content/images/632d8aa6-05da-11e4-9baa-00144feab7de.xls,"This Financial Times –based list is up to date  as of December 31, 2014 [update] . Indicated changes in market value are relative to the previous quarter.",1371146339
2014,Q3,9,Novartis,255326.4,http://im.ft-static.com/content/images/e563a0fa-4e14-11e4-adfe-00144feab7de.xls,"This Financial Times –based list is up to date  as of December 31, 2014 [update] . Indicated changes in market value are relative to the previous quarter.",1371146339
2014,Q4,9,Walmart,276807.4,http://im.ft-static.com/content/images/07b13826-9739-11e4-9636-00144feabdc0.xls,"This Financial Times –based list is up to date  as of December 31, 2014 [update] . Indicated changes in market value are relative to the previous quarter.",1371146339
2014,Q1,10,Walmart,246805.7,http://im.ft-static.com/content/images/7097ad1a-fded-11e3-bd0e-00144feab7de.xls,"This Financial Times –based list is up to date  as of December 31, 2014 [update] . Indicated changes in market value are relative to the previous quarter.",1371146339
2014,Q2,10,Hoffmann-La Roche,256322.8,http://im.ft-static.com/content/images/632d8aa6-05da-11e4-9baa-00144feab7de.xls,"This Financial Times –based list is up to date  as of December 31, 2014 [update] . Indicated changes in market value are relative to the previous quarter.",1371146339
2014,Q3,10,Hoffmann-La Roche,254543.8,http://im.ft-static.com/content/images/e563a0fa-4e14-11e4-adfe-00144feab7de.xls,"This Financial Times –based list is up to date  as of December 31, 2014 [update] . Indicated changes in market value are relative to the previous quarter.",1371146339
2014,Q4,10,ICBC,271146.1,http://im.ft-static.com/content/images/07b13826-9739-11e4-9636-00144feabdc0.xls,"This Financial Times –based list is up to date  as of December 31, 2014 [update] . Indicated changes in market value are relative to the previous quarter.",1371146339
2013,Q1,1,Apple,415683.3,https://www.ft.com/intl/cms/67c810a4-ae5b-11e2-bdfd-00144feabdc0.pdf,This Financial Times –based list is up to date as of 31 December 2013. Indicated changes in market value are relative to the previous quarter.,1371146339
2013,Q2,1,ExxonMobil,401729.8,http://media.ft.com/cms/9d06140c-3036-11e3-9eec-00144feab7de.pdf,This Financial Times –based list is up to date as of 31 December 2013. Indicated changes in market value are relative to the previous quarter.,1371146339
2013,Q3,1,Apple,433099.6,http://media.ft.com/cms/5e951442-3037-11e3-9eec-00144feab7de.pdf,This Financial Times –based list is up to date as of 31 December 2013. Indicated changes in market value are relative to the previous quarter.,1371146339
2013,Q4,1,Apple,504770.8,http://im.ft-static.com/content/images/cc52757a-7492-11e3-9125-00144feabdc0.pdf,This Financial Times –based list is up to date as of 31 December 2013. Indicated changes in market value are relative to the previous quarter.,1371146339
2013,Q1,2,ExxonMobil,403733.1,https://www.ft.com/intl/cms/67c810a4-ae5b-11e2-bdfd-00144feabdc0.pdf,This Financial Times –based list is up to date as of 31 December 2013. Indicated changes in market value are relative to the previous quarter.,1371146339
2013,Q2,2,Apple,372202.3,http://media.ft.com/cms/9d06140c-3036-11e3-9eec-00144feab7de.pdf,This Financial Times –based list is up to date as of 31 December 2013. Indicated changes in market value are relative to the previous quarter.,1371146339
2013,Q3,2,ExxonMobil,378716.2,http://media.ft.com/cms/5e951442-3037-11e3-9eec-00144feab7de.pdf,This Financial Times –based list is up to date as of 31 December 2013. Indicated changes in market value are relative to the previous quarter.,1371146339
2013,Q4,2,ExxonMobil,442142.8,http://im.ft-static.com/content/images/cc52757a-7492-11e3-9125-00144feabdc0.pdf,This Financial Times –based list is up to date as of 31 December 2013. Indicated changes in market value are relative to the previous quarter.,1371146339
2013,Q1,3,Berkshire Hathaway,256801.8,https://www.ft.com/intl/cms/67c810a4-ae5b-11e2-bdfd-00144feabdc0.pdf,This Financial Times –based list is up to date as of 31 December 2013. Indicated changes in market value are relative to the previous quarter.,1371146339
2013,Q2,3,Microsoft,288488.8,http://media.ft.com/cms/9d06140c-3036-11e3-9eec-00144feab7de.pdf,This Financial Times –based list is up to date as of 31 December 2013. Indicated changes in market value are relative to the previous quarter.,1371146339
2013,Q3,3,Berkshire Hathaway,280001.5,http://media.ft.com/cms/5e951442-3037-11e3-9eec-00144feab7de.pdf,This Financial Times –based list is up to date as of 31 December 2013. Indicated changes in market value are relative to the previous quarter.,1371146339
2013,Q4,3,Microsoft,312297.3,http://im.ft-static.com/content/images/cc52757a-7492-11e3-9125-00144feabdc0.pdf,This Financial Times –based list is up to date as of 31 December 2013. Indicated changes in market value are relative to the previous quarter.,1371146339
2013,Q1,4,PetroChina,254618.7,https://www.ft.com/intl/cms/67c810a4-ae5b-11e2-bdfd-00144feabdc0.pdf,This Financial Times –based list is up to date as of 31 December 2013. Indicated changes in market value are relative to the previous quarter.,1371146339
2013,Q2,4,Berkshire Hathaway,276548.5,http://media.ft.com/cms/9d06140c-3036-11e3-9eec-00144feab7de.pdf,This Financial Times –based list is up to date as of 31 December 2013. Indicated changes in market value are relative to the previous quarter.,1371146339
2013,Q3,4,Microsoft,277220.9,http://media.ft.com/cms/5e951442-3037-11e3-9eec-00144feab7de.pdf,This Financial Times –based list is up to date as of 31 December 2013. Indicated changes in market value are relative to the previous quarter.,1371146339
2013,Q4,4,Google,310079.1,http://im.ft-static.com/content/images/cc52757a-7492-11e3-9125-00144feabdc0.pdf,This Financial Times –based list is up to date as of 31 December 2013. Indicated changes in market value are relative to the previous quarter.,1371146339
2013,Q1,5,Walmart,246373.3,https://www.ft.com/intl/cms/67c810a4-ae5b-11e2-bdfd-00144feabdc0.pdf,This Financial Times –based list is up to date as of 31 December 2013. Indicated changes in market value are relative to the previous quarter.,1371146339
2013,Q2,5,Walmart,244079.4,http://media.ft.com/cms/9d06140c-3036-11e3-9eec-00144feab7de.pdf,This Financial Times –based list is up to date as of 31 December 2013. Indicated changes in market value are relative to the previous quarter.,1371146339
2013,Q3,5,Johnson & Johnson,244298.5,http://media.ft.com/cms/5e951442-3037-11e3-9eec-00144feab7de.pdf,This Financial Times –based list is up to date as of 31 December 2013. Indicated changes in market value are relative to the previous quarter.,1371146339
2013,Q4,5,Berkshire Hathaway,292396.0,http://im.ft-static.com/content/images/cc52757a-7492-11e3-9125-00144feabdc0.pdf,This Financial Times –based list is up to date as of 31 December 2013. Indicated changes in market value are relative to the previous quarter.,1371146339
2013,Q1,6,General Electric,239775.6,https://www.ft.com/intl/cms/67c810a4-ae5b-11e2-bdfd-00144feabdc0.pdf,This Financial Times –based list is up to date as of 31 December 2013. Indicated changes in market value are relative to the previous quarter.,1371146339
2013,Q2,6,Johnson & Johnson,241170.9,http://media.ft.com/cms/9d06140c-3036-11e3-9eec-00144feab7de.pdf,This Financial Times –based list is up to date as of 31 December 2013. Indicated changes in market value are relative to the previous quarter.,1371146339
2013,Q3,6,General Electric,243290.4,http://media.ft.com/cms/5e951442-3037-11e3-9eec-00144feab7de.pdf,This Financial Times –based list is up to date as of 31 December 2013. Indicated changes in market value are relative to the previous quarter.,1371146339
2013,Q4,6,General Electric,283589.8,http://im.ft-static.com/content/images/cc52757a-7492-11e3-9125-00144feabdc0.pdf,This Financial Times –based list is up to date as of 31 December 2013. Indicated changes in market value are relative to the previous quarter.,1371146339
2013,Q1,7,Microsoft,239602.3,https://www.ft.com/intl/cms/67c810a4-ae5b-11e2-bdfd-00144feabdc0.pdf,This Financial Times –based list is up to date as of 31 December 2013. Indicated changes in market value are relative to the previous quarter.,1371146339
2013,Q2,7,General Electric,239787.2,http://media.ft.com/cms/9d06140c-3036-11e3-9eec-00144feab7de.pdf,This Financial Times –based list is up to date as of 31 December 2013. Indicated changes in market value are relative to the previous quarter.,1371146339
2013,Q3,7,Walmart,240773.3,http://media.ft.com/cms/5e951442-3037-11e3-9eec-00144feab7de.pdf,This Financial Times –based list is up to date as of 31 December 2013. Indicated changes in market value are relative to the previous quarter.,1371146339
2013,Q4,7,Johnson & Johnson,258415.4,http://im.ft-static.com/content/images/cc52757a-7492-11e3-9125-00144feabdc0.pdf,This Financial Times –based list is up to date as of 31 December 2013. Indicated changes in market value are relative to the previous quarter.,1371146339
2013,Q1,8,IBM,237724.7,https://www.ft.com/intl/cms/67c810a4-ae5b-11e2-bdfd-00144feabdc0.pdf,This Financial Times –based list is up to date as of 31 December 2013. Indicated changes in market value are relative to the previous quarter.,1371146339
2013,Q2,8,Google,238688.6,http://media.ft.com/cms/9d06140c-3036-11e3-9eec-00144feab7de.pdf,This Financial Times –based list is up to date as of 31 December 2013. Indicated changes in market value are relative to the previous quarter.,1371146339
2013,Q3,8,Google,237479.4,http://media.ft.com/cms/5e951442-3037-11e3-9eec-00144feab7de.pdf,This Financial Times –based list is up to date as of 31 December 2013. Indicated changes in market value are relative to the previous quarter.,1371146339
2013,Q4,8,Walmart,254622.8,http://im.ft-static.com/content/images/cc52757a-7492-11e3-9125-00144feabdc0.pdf,This Financial Times –based list is up to date as of 31 December 2013. Indicated changes in market value are relative to the previous quarter.,1371146339
2013,Q1,9,Nestlé,233792.1,https://www.ft.com/intl/cms/67c810a4-ae5b-11e2-bdfd-00144feabdc0.pdf,This Financial Times –based list is up to date as of 31 December 2013. Indicated changes in market value are relative to the previous quarter.,1371146339
2013,Q2,9,Chevron Corporation,229402.6,http://media.ft.com/cms/9d06140c-3036-11e3-9eec-00144feab7de.pdf,This Financial Times –based list is up to date as of 31 December 2013. Indicated changes in market value are relative to the previous quarter.,1371146339
2013,Q3,9,Chevron Corporation,234740.8,http://media.ft.com/cms/5e951442-3037-11e3-9eec-00144feab7de.pdf,This Financial Times –based list is up to date as of 31 December 2013. Indicated changes in market value are relative to the previous quarter.,1371146339
2013,Q4,9,Hoffmann-La Roche,241368.0,http://im.ft-static.com/content/images/cc52757a-7492-11e3-9125-00144feabdc0.pdf,This Financial Times –based list is up to date as of 31 December 2013. Indicated changes in market value are relative to the previous quarter.,1371146339
2013,Q1,10,Chevron Corporation,230831.2,https://www.ft.com/intl/cms/67c810a4-ae5b-11e2-bdfd-00144feabdc0.pdf,This Financial Times –based list is up to date as of 31 December 2013. Indicated changes in market value are relative to the previous quarter.,1371146339
2013,Q2,10,ICBC,226879.8,http://media.ft.com/cms/9d06140c-3036-11e3-9eec-00144feab7de.pdf,This Financial Times –based list is up to date as of 31 December 2013. Indicated changes in market value are relative to the previous quarter.,1371146339
2013,Q3,10,Hoffmann-La Roche,232495.2,http://media.ft.com/cms/5e951442-3037-11e3-9eec-00144feab7de.pdf,This Financial Times –based list is up to date as of 31 December 2013. Indicated changes in market value are relative to the previous quarter.,1371146339
2013,Q4,10,Chevron Corporation,240223.4,http://im.ft-static.com/content/images/cc52757a-7492-11e3-9125-00144feabdc0.pdf,This Financial Times –based list is up to date as of 31 December 2013. Indicated changes in market value are relative to the previous quarter.,1371146339
2012,Q1,1,Apple,559002.1,https://www.ft.com/intl/cms/a81f853e-ca80-11e1-89f8-00144feabdc0.pdf,This Financial Times –based list is up to date as of 31 December 2012. Indicated changes in market value are relative to the previous quarter.,1371146339
2012,Q2,1,Apple,546076.1,https://www.ft.com/intl/cms/de0a839a-d1cb-11e1-bb82-00144feabdc0.pdf,This Financial Times –based list is up to date as of 31 December 2012. Indicated changes in market value are relative to the previous quarter.,1371146339
2012,Q3,1,Apple,625348.1,https://www.ft.com/intl/cms/c2a82f60-138b-11e2-9cc7-00144feabdc0.pdf,This Financial Times –based list is up to date as of 31 December 2012. Indicated changes in market value are relative to the previous quarter.,1371146339
2012,Q4,1,Apple,500610.7,https://www.ft.com/intl/cms/2a53e388-569a-11e2-aa70-00144feab49a.pdf,This Financial Times –based list is up to date as of 31 December 2012. Indicated changes in market value are relative to the previous quarter.,1371146339
2012,Q1,2,ExxonMobil,408777.4,https://www.ft.com/intl/cms/a81f853e-ca80-11e1-89f8-00144feabdc0.pdf,This Financial Times –based list is up to date as of 31 December 2012. Indicated changes in market value are relative to the previous quarter.,1371146339
2012,Q2,2,ExxonMobil,400139.1,https://www.ft.com/intl/cms/de0a839a-d1cb-11e1-bb82-00144feabdc0.pdf,This Financial Times –based list is up to date as of 31 December 2012. Indicated changes in market value are relative to the previous quarter.,1371146339
2012,Q3,2,ExxonMobil,422127.5,https://www.ft.com/intl/cms/c2a82f60-138b-11e2-9cc7-00144feabdc0.pdf,This Financial Times –based list is up to date as of 31 December 2012. Indicated changes in market value are relative to the previous quarter.,1371146339
2012,Q4,2,ExxonMobil,394610.9,https://www.ft.com/intl/cms/2a53e388-569a-11e2-aa70-00144feab49a.pdf,This Financial Times –based list is up to date as of 31 December 2012. Indicated changes in market value are relative to the previous quarter.,1371146339
2012,Q1,3,PetroChina,278968.4,https://www.ft.com/intl/cms/a81f853e-ca80-11e1-89f8-00144feabdc0.pdf,This Financial Times –based list is up to date as of 31 December 2012. Indicated changes in market value are relative to the previous quarter.,1371146339
2012,Q2,3,PetroChina,257685.8,https://www.ft.com/intl/cms/de0a839a-d1cb-11e1-bb82-00144feabdc0.pdf,This Financial Times –based list is up to date as of 31 December 2012. Indicated changes in market value are relative to the previous quarter.,1371146339
2012,Q3,3,PetroChina,253853.3,https://www.ft.com/intl/cms/c2a82f60-138b-11e2-9cc7-00144feabdc0.pdf,This Financial Times –based list is up to date as of 31 December 2012. Indicated changes in market value are relative to the previous quarter.,1371146339
2012,Q4,3,PetroChina,264833.4,https://www.ft.com/intl/cms/2a53e388-569a-11e2-aa70-00144feab49a.pdf,This Financial Times –based list is up to date as of 31 December 2012. Indicated changes in market value are relative to the previous quarter.,1371146339
2012,Q1,4,Microsoft,270644.1,https://www.ft.com/intl/cms/a81f853e-ca80-11e1-89f8-00144feabdc0.pdf,This Financial Times –based list is up to date as of 31 December 2012. Indicated changes in market value are relative to the previous quarter.,1371146339
2012,Q2,4,Microsoft,256982.4,https://www.ft.com/intl/cms/de0a839a-d1cb-11e1-bb82-00144feabdc0.pdf,This Financial Times –based list is up to date as of 31 December 2012. Indicated changes in market value are relative to the previous quarter.,1371146339
2012,Q3,4,Microsoft,249489.8,https://www.ft.com/intl/cms/c2a82f60-138b-11e2-9cc7-00144feabdc0.pdf,This Financial Times –based list is up to date as of 31 December 2012. Indicated changes in market value are relative to the previous quarter.,1371146339
2012,Q4,4,BHP Billiton,247409.0,https://www.ft.com/intl/cms/2a53e388-569a-11e2-aa70-00144feab49a.pdf,This Financial Times –based list is up to date as of 31 December 2012. Indicated changes in market value are relative to the previous quarter.,1371146339
2012,Q1,5,IBM,241754.6,https://www.ft.com/intl/cms/a81f853e-ca80-11e1-89f8-00144feabdc0.pdf,This Financial Times –based list is up to date as of 31 December 2012. Indicated changes in market value are relative to the previous quarter.,1371146339
2012,Q2,5,Walmart,235900.3,https://www.ft.com/intl/cms/de0a839a-d1cb-11e1-bb82-00144feabdc0.pdf,This Financial Times –based list is up to date as of 31 December 2012. Indicated changes in market value are relative to the previous quarter.,1371146339
2012,Q3,5,Walmart,248074.4,https://www.ft.com/intl/cms/c2a82f60-138b-11e2-9cc7-00144feabdc0.pdf,This Financial Times –based list is up to date as of 31 December 2012. Indicated changes in market value are relative to the previous quarter.,1371146339
2012,Q4,5,ICBC,236457.9,https://www.ft.com/intl/cms/2a53e388-569a-11e2-aa70-00144feab49a.pdf,This Financial Times –based list is up to date as of 31 December 2012. Indicated changes in market value are relative to the previous quarter.,1371146339
2012,Q1,6,ICBC,236335.4,https://www.ft.com/intl/cms/a81f853e-ca80-11e1-89f8-00144feabdc0.pdf,This Financial Times –based list is up to date as of 31 December 2012. Indicated changes in market value are relative to the previous quarter.,1371146339
2012,Q2,6,IBM,225598.5,https://www.ft.com/intl/cms/de0a839a-d1cb-11e1-bb82-00144feabdc0.pdf,This Financial Times –based list is up to date as of 31 December 2012. Indicated changes in market value are relative to the previous quarter.,1371146339
2012,Q3,6,General Electric,239791.2,https://www.ft.com/intl/cms/c2a82f60-138b-11e2-9cc7-00144feabdc0.pdf,This Financial Times –based list is up to date as of 31 December 2012. Indicated changes in market value are relative to the previous quarter.,1371146339
2012,Q4,6,China Mobile,234040.2,https://www.ft.com/intl/cms/2a53e388-569a-11e2-aa70-00144feab49a.pdf,This Financial Times –based list is up to date as of 31 December 2012. Indicated changes in market value are relative to the previous quarter.,1371146339
2012,Q1,7,Royal Dutch Shell,222425.1,https://www.ft.com/intl/cms/a81f853e-ca80-11e1-89f8-00144feabdc0.pdf,This Financial Times –based list is up to date as of 31 December 2012. Indicated changes in market value are relative to the previous quarter.,1371146339
2012,Q2,7,General Electric,220806.3,https://www.ft.com/intl/cms/de0a839a-d1cb-11e1-bb82-00144feabdc0.pdf,This Financial Times –based list is up to date as of 31 December 2012. Indicated changes in market value are relative to the previous quarter.,1371146339
2012,Q3,7,IBM,237068.4,https://www.ft.com/intl/cms/c2a82f60-138b-11e2-9cc7-00144feabdc0.pdf,This Financial Times –based list is up to date as of 31 December 2012. Indicated changes in market value are relative to the previous quarter.,1371146339
2012,Q4,7,Walmart,228245.4,https://www.ft.com/intl/cms/2a53e388-569a-11e2-aa70-00144feab49a.pdf,This Financial Times –based list is up to date as of 31 December 2012. Indicated changes in market value are relative to the previous quarter.,1371146339
2012,Q1,8,China Mobile,220978.9,https://www.ft.com/intl/cms/a81f853e-ca80-11e1-89f8-00144feabdc0.pdf,This Financial Times –based list is up to date as of 31 December 2012. Indicated changes in market value are relative to the previous quarter.,1371146339
2012,Q2,8,China Mobile,219481.3,https://www.ft.com/intl/cms/de0a839a-d1cb-11e1-bb82-00144feabdc0.pdf,This Financial Times –based list is up to date as of 31 December 2012. Indicated changes in market value are relative to the previous quarter.,1371146339
2012,Q3,8,Chevron Corporation,228707.1,https://www.ft.com/intl/cms/c2a82f60-138b-11e2-9cc7-00144feabdc0.pdf,This Financial Times –based list is up to date as of 31 December 2012. Indicated changes in market value are relative to the previous quarter.,1371146339
2012,Q4,8,Samsung Electronics,227581.8,https://www.ft.com/intl/cms/2a53e388-569a-11e2-aa70-00144feab49a.pdf,This Financial Times –based list is up to date as of 31 December 2012. Indicated changes in market value are relative to the previous quarter.,1371146339
2012,Q1,9,General Electric,212317.7,https://www.ft.com/intl/cms/a81f853e-ca80-11e1-89f8-00144feabdc0.pdf,This Financial Times –based list is up to date as of 31 December 2012. Indicated changes in market value are relative to the previous quarter.,1371146339
2012,Q2,9,Royal Dutch Shell,217048.2,https://www.ft.com/intl/cms/de0a839a-d1cb-11e1-bb82-00144feabdc0.pdf,This Financial Times –based list is up to date as of 31 December 2012. Indicated changes in market value are relative to the previous quarter.,1371146339
2012,Q3,9,China Mobile,222817.8,https://www.ft.com/intl/cms/c2a82f60-138b-11e2-9cc7-00144feabdc0.pdf,This Financial Times –based list is up to date as of 31 December 2012. Indicated changes in market value are relative to the previous quarter.,1371146339
2012,Q4,9,Microsoft,224801.0,https://www.ft.com/intl/cms/2a53e388-569a-11e2-aa70-00144feab49a.pdf,This Financial Times –based list is up to date as of 31 December 2012. Indicated changes in market value are relative to the previous quarter.,1371146339
2012,Q1,10,Chevron Corporation,211950.6,https://www.ft.com/intl/cms/a81f853e-ca80-11e1-89f8-00144feabdc0.pdf,This Financial Times –based list is up to date as of 31 December 2012. Indicated changes in market value are relative to the previous quarter.,1371146339
2012,Q2,10,ICBC,211196.0,https://www.ft.com/intl/cms/de0a839a-d1cb-11e1-bb82-00144feabdc0.pdf,This Financial Times –based list is up to date as of 31 December 2012. Indicated changes in market value are relative to the previous quarter.,1371146339
2012,Q3,10,Royal Dutch Shell,222669.6,https://www.ft.com/intl/cms/c2a82f60-138b-11e2-9cc7-00144feabdc0.pdf,This Financial Times –based list is up to date as of 31 December 2012. Indicated changes in market value are relative to the previous quarter.,1371146339
2012,Q4,10,Royal Dutch Shell,222669.6,https://www.ft.com/intl/cms/2a53e388-569a-11e2-aa70-00144feab49a.pdf,This Financial Times –based list is up to date as of 31 December 2012. Indicated changes in market value are relative to the previous quarter.,1371146339
2011,Q1,1,ExxonMobil,417166.7,http://media.ft.com/cms/33558890-98d4-11e0-bd66-00144feab49a.pdf,This Financial Times –based list is up to date as of 31 December 2011. Indicated changes in market value are relative to the previous quarter.,1371146339
2011,Q2,1,ExxonMobil,400884.5,https://www.ft.com/intl/cms/fbe463aa-a660-11e0-ae9c-00144feabdc0.pdf,This Financial Times –based list is up to date as of 31 December 2011. Indicated changes in market value are relative to the previous quarter.,1371146339
2011,Q3,1,Apple,353518.1,https://www.ft.com/intl/cms/f808f946-ef56-11e0-918b-00144feab49a.pdf,This Financial Times –based list is up to date as of 31 December 2011. Indicated changes in market value are relative to the previous quarter.,1371146339
2011,Q4,1,ExxonMobil,406272.1,http://media.ft.com/cms/73f82726-385d-11e1-9f07-00144feabdc0.pdf,This Financial Times –based list is up to date as of 31 December 2011. Indicated changes in market value are relative to the previous quarter.,1371146339
2011,Q1,2,PetroChina,326199.2,http://media.ft.com/cms/33558890-98d4-11e0-bd66-00144feab49a.pdf,This Financial Times –based list is up to date as of 31 December 2011. Indicated changes in market value are relative to the previous quarter.,1371146339
2011,Q2,2,Apple,310412.3,https://www.ft.com/intl/cms/fbe463aa-a660-11e0-ae9c-00144feabdc0.pdf,This Financial Times –based list is up to date as of 31 December 2011. Indicated changes in market value are relative to the previous quarter.,1371146339
2011,Q3,2,ExxonMobil,353135.2,https://www.ft.com/intl/cms/f808f946-ef56-11e0-918b-00144feab49a.pdf,This Financial Times –based list is up to date as of 31 December 2011. Indicated changes in market value are relative to the previous quarter.,1371146339
2011,Q4,2,Apple,376410.6,http://media.ft.com/cms/73f82726-385d-11e1-9f07-00144feabdc0.pdf,This Financial Times –based list is up to date as of 31 December 2011. Indicated changes in market value are relative to the previous quarter.,1371146339
2011,Q1,3,Apple,321072.1,http://media.ft.com/cms/33558890-98d4-11e0-bd66-00144feab49a.pdf,This Financial Times –based list is up to date as of 31 December 2011. Indicated changes in market value are relative to the previous quarter.,1371146339
2011,Q2,3,PetroChina,303649.9,https://www.ft.com/intl/cms/fbe463aa-a660-11e0-ae9c-00144feabdc0.pdf,This Financial Times –based list is up to date as of 31 December 2011. Indicated changes in market value are relative to the previous quarter.,1371146339
2011,Q3,3,PetroChina,276473.9,https://www.ft.com/intl/cms/f808f946-ef56-11e0-918b-00144feab49a.pdf,This Financial Times –based list is up to date as of 31 December 2011. Indicated changes in market value are relative to the previous quarter.,1371146339
2011,Q4,3,PetroChina,276844.9,http://media.ft.com/cms/73f82726-385d-11e1-9f07-00144feabdc0.pdf,This Financial Times –based list is up to date as of 31 December 2011. Indicated changes in market value are relative to the previous quarter.,1371146339
2011,Q1,4,ICBC,251078.1,http://media.ft.com/cms/33558890-98d4-11e0-bd66-00144feab49a.pdf,This Financial Times –based list is up to date as of 31 December 2011. Indicated changes in market value are relative to the previous quarter.,1371146339
2011,Q2,4,ICBC,246850.5,https://www.ft.com/intl/cms/fbe463aa-a660-11e0-ae9c-00144feabdc0.pdf,This Financial Times –based list is up to date as of 31 December 2011. Indicated changes in market value are relative to the previous quarter.,1371146339
2011,Q3,4,IBM,208843.5,https://www.ft.com/intl/cms/f808f946-ef56-11e0-918b-00144feab49a.pdf,This Financial Times –based list is up to date as of 31 December 2011. Indicated changes in market value are relative to the previous quarter.,1371146339
2011,Q4,4,Royal Dutch Shell,236677.0,http://media.ft.com/cms/73f82726-385d-11e1-9f07-00144feabdc0.pdf,This Financial Times –based list is up to date as of 31 December 2011. Indicated changes in market value are relative to the previous quarter.,1371146339
2011,Q1,5,Petrobras,247417.6,http://media.ft.com/cms/33558890-98d4-11e0-bd66-00144feab49a.pdf,This Financial Times –based list is up to date as of 31 December 2011. Indicated changes in market value are relative to the previous quarter.,1371146339
2011,Q2,5,BHP Billiton,233626.5,https://www.ft.com/intl/cms/fbe463aa-a660-11e0-ae9c-00144feabdc0.pdf,This Financial Times –based list is up to date as of 31 December 2011. Indicated changes in market value are relative to the previous quarter.,1371146339
2011,Q3,5,Microsoft,208534.9,https://www.ft.com/intl/cms/f808f946-ef56-11e0-918b-00144feab49a.pdf,This Financial Times –based list is up to date as of 31 December 2011. Indicated changes in market value are relative to the previous quarter.,1371146339
2011,Q4,5,ICBC,228168.1,http://media.ft.com/cms/73f82726-385d-11e1-9f07-00144feabdc0.pdf,This Financial Times –based list is up to date as of 31 December 2011. Indicated changes in market value are relative to the previous quarter.,1371146339
2011,Q1,6,BHP Billiton,247079.5,http://media.ft.com/cms/33558890-98d4-11e0-bd66-00144feab49a.pdf,This Financial Times –based list is up to date as of 31 December 2011. Indicated changes in market value are relative to the previous quarter.,1371146339
2011,Q2,6,Royal Dutch Shell,225122.8,https://www.ft.com/intl/cms/fbe463aa-a660-11e0-ae9c-00144feabdc0.pdf,This Financial Times –based list is up to date as of 31 December 2011. Indicated changes in market value are relative to the previous quarter.,1371146339
2011,Q3,6,ICBC,206021.4,https://www.ft.com/intl/cms/f808f946-ef56-11e0-918b-00144feab49a.pdf,This Financial Times –based list is up to date as of 31 December 2011. Indicated changes in market value are relative to the previous quarter.,1371146339
2011,Q4,6,Microsoft,218380.1,http://media.ft.com/cms/73f82726-385d-11e1-9f07-00144feabdc0.pdf,This Financial Times –based list is up to date as of 31 December 2011. Indicated changes in market value are relative to the previous quarter.,1371146339
2011,Q1,7,China Construction Bank,232608.6,http://media.ft.com/cms/33558890-98d4-11e0-bd66-00144feab49a.pdf,This Financial Times –based list is up to date as of 31 December 2011. Indicated changes in market value are relative to the previous quarter.,1371146339
2011,Q2,7,Microsoft,219251.9,https://www.ft.com/intl/cms/fbe463aa-a660-11e0-ae9c-00144feabdc0.pdf,This Financial Times –based list is up to date as of 31 December 2011. Indicated changes in market value are relative to the previous quarter.,1371146339
2011,Q3,7,China Mobile,198778.7,https://www.ft.com/intl/cms/f808f946-ef56-11e0-918b-00144feab49a.pdf,This Financial Times –based list is up to date as of 31 December 2011. Indicated changes in market value are relative to the previous quarter.,1371146339
2011,Q4,7,IBM,216724.4,http://media.ft.com/cms/73f82726-385d-11e1-9f07-00144feabdc0.pdf,This Financial Times –based list is up to date as of 31 December 2011. Indicated changes in market value are relative to the previous quarter.,1371146339
2011,Q1,8,Royal Dutch Shell,226128.7,http://media.ft.com/cms/33558890-98d4-11e0-bd66-00144feab49a.pdf,This Financial Times –based list is up to date as of 31 December 2011. Indicated changes in market value are relative to the previous quarter.,1371146339
2011,Q2,8,Nestlé,215017.5,https://www.ft.com/intl/cms/fbe463aa-a660-11e0-ae9c-00144feabdc0.pdf,This Financial Times –based list is up to date as of 31 December 2011. Indicated changes in market value are relative to the previous quarter.,1371146339
2011,Q3,8,Royal Dutch Shell,197061.1,https://www.ft.com/intl/cms/f808f946-ef56-11e0-918b-00144feab49a.pdf,This Financial Times –based list is up to date as of 31 December 2011. Indicated changes in market value are relative to the previous quarter.,1371146339
2011,Q4,8,Chevron Corporation,211893.9,http://media.ft.com/cms/73f82726-385d-11e1-9f07-00144feabdc0.pdf,This Financial Times –based list is up to date as of 31 December 2011. Indicated changes in market value are relative to the previous quarter.,1371146339
2011,Q1,9,Chevron Corporation,215780.6,http://media.ft.com/cms/33558890-98d4-11e0-bd66-00144feab49a.pdf,This Financial Times –based list is up to date as of 31 December 2011. Indicated changes in market value are relative to the previous quarter.,1371146339
2011,Q2,9,Petrobras,210111.4,https://www.ft.com/intl/cms/fbe463aa-a660-11e0-ae9c-00144feabdc0.pdf,This Financial Times –based list is up to date as of 31 December 2011. Indicated changes in market value are relative to the previous quarter.,1371146339
2011,Q3,9,Nestlé,191115.6,https://www.ft.com/intl/cms/f808f946-ef56-11e0-918b-00144feab49a.pdf,This Financial Times –based list is up to date as of 31 December 2011. Indicated changes in market value are relative to the previous quarter.,1371146339
2011,Q4,9,Walmart,204659.8,http://media.ft.com/cms/73f82726-385d-11e1-9f07-00144feabdc0.pdf,This Financial Times –based list is up to date as of 31 December 2011. Indicated changes in market value are relative to the previous quarter.,1371146339
2011,Q1,10,Microsoft,213336.4,http://media.ft.com/cms/33558890-98d4-11e0-bd66-00144feab49a.pdf,This Financial Times –based list is up to date as of 31 December 2011. Indicated changes in market value are relative to the previous quarter.,1371146339
2011,Q2,10,IBM,207781.4,https://www.ft.com/intl/cms/fbe463aa-a660-11e0-ae9c-00144feabdc0.pdf,This Financial Times –based list is up to date as of 31 December 2011. Indicated changes in market value are relative to the previous quarter.,1371146339
2011,Q3,10,Chevron Corporation,185456.1,https://www.ft.com/intl/cms/f808f946-ef56-11e0-918b-00144feab49a.pdf,This Financial Times –based list is up to date as of 31 December 2011. Indicated changes in market value are relative to the previous quarter.,1371146339
2011,Q4,10,China Mobile,196148.4,http://media.ft.com/cms/73f82726-385d-11e1-9f07-00144feabdc0.pdf,This Financial Times –based list is up to date as of 31 December 2011. Indicated changes in market value are relative to the previous quarter.,1371146339
2010,Q1,1,PetroChina,329259.7,http://media.ft.com/cms/15951a1e-4899-11df-9a5d-00144feab49a.pdf,This Financial Times –based list is up to date as of 31 December 2010. Indicated changes in market value are relative to the previous quarter.,1371146339
2010,Q2,1,ExxonMobil,291789.1,http://media.ft.com/cms/620e79e8-8837-11df-a4e7-00144feabdc0.pdf,This Financial Times –based list is up to date as of 31 December 2010. Indicated changes in market value are relative to the previous quarter.,1371146339
2010,Q3,1,ExxonMobil,314622.5,http://media.ft.com/cms/8ec77a3e-d549-11df-8e86-00144feabdc0.pdf,This Financial Times –based list is up to date as of 31 December 2010. Indicated changes in market value are relative to the previous quarter.,1371146339
2010,Q4,1,ExxonMobil,368711.5,http://media.ft.com/cms/253867ca-1a60-11e0-b003-00144feab49a.pdf,This Financial Times –based list is up to date as of 31 December 2010. Indicated changes in market value are relative to the previous quarter.,1371146339
2010,Q1,2,ExxonMobil,316230.8,http://media.ft.com/cms/15951a1e-4899-11df-9a5d-00144feab49a.pdf,This Financial Times –based list is up to date as of 31 December 2010. Indicated changes in market value are relative to the previous quarter.,1371146339
2010,Q2,2,PetroChina,268504.8,http://media.ft.com/cms/620e79e8-8837-11df-a4e7-00144feabdc0.pdf,This Financial Times –based list is up to date as of 31 December 2010. Indicated changes in market value are relative to the previous quarter.,1371146339
2010,Q3,2,PetroChina,270889.9,http://media.ft.com/cms/8ec77a3e-d549-11df-8e86-00144feabdc0.pdf,This Financial Times –based list is up to date as of 31 December 2010. Indicated changes in market value are relative to the previous quarter.,1371146339
2010,Q4,2,PetroChina,303273.6,http://media.ft.com/cms/253867ca-1a60-11e0-b003-00144feab49a.pdf,This Financial Times –based list is up to date as of 31 December 2010. Indicated changes in market value are relative to the previous quarter.,1371146339
2010,Q1,3,Microsoft,256864.7,http://media.ft.com/cms/15951a1e-4899-11df-9a5d-00144feab49a.pdf,This Financial Times –based list is up to date as of 31 December 2010. Indicated changes in market value are relative to the previous quarter.,1371146339
2010,Q2,3,Apple,228876.8,http://media.ft.com/cms/620e79e8-8837-11df-a4e7-00144feabdc0.pdf,This Financial Times –based list is up to date as of 31 December 2010. Indicated changes in market value are relative to the previous quarter.,1371146339
2010,Q3,3,Apple,259223.4,http://media.ft.com/cms/8ec77a3e-d549-11df-8e86-00144feabdc0.pdf,This Financial Times –based list is up to date as of 31 December 2010. Indicated changes in market value are relative to the previous quarter.,1371146339
2010,Q4,3,Apple,295886.3,http://media.ft.com/cms/253867ca-1a60-11e0-b003-00144feab49a.pdf,This Financial Times –based list is up to date as of 31 December 2010. Indicated changes in market value are relative to the previous quarter.,1371146339
2010,Q1,4,ICBC,246419.8,http://media.ft.com/cms/15951a1e-4899-11df-9a5d-00144feab49a.pdf,This Financial Times –based list is up to date as of 31 December 2010. Indicated changes in market value are relative to the previous quarter.,1371146339
2010,Q2,4,ICBC,211258.7,http://media.ft.com/cms/620e79e8-8837-11df-a4e7-00144feabdc0.pdf,This Financial Times –based list is up to date as of 31 December 2010. Indicated changes in market value are relative to the previous quarter.,1371146339
2010,Q3,4,Petrobras,220616.5,http://media.ft.com/cms/8ec77a3e-d549-11df-8e86-00144feabdc0.pdf,This Financial Times –based list is up to date as of 31 December 2010. Indicated changes in market value are relative to the previous quarter.,1371146339
2010,Q4,4,BHP Billiton,243540.3,http://media.ft.com/cms/253867ca-1a60-11e0-b003-00144feab49a.pdf,This Financial Times –based list is up to date as of 31 December 2010. Indicated changes in market value are relative to the previous quarter.,1371146339
2010,Q1,5,Apple,213096.7,http://media.ft.com/cms/15951a1e-4899-11df-9a5d-00144feab49a.pdf,This Financial Times –based list is up to date as of 31 December 2010. Indicated changes in market value are relative to the previous quarter.,1371146339
2010,Q2,5,Microsoft,201655.8,http://media.ft.com/cms/620e79e8-8837-11df-a4e7-00144feabdc0.pdf,This Financial Times –based list is up to date as of 31 December 2010. Indicated changes in market value are relative to the previous quarter.,1371146339
2010,Q3,5,ICBC,213364.1,http://media.ft.com/cms/8ec77a3e-d549-11df-8e86-00144feabdc0.pdf,This Financial Times –based list is up to date as of 31 December 2010. Indicated changes in market value are relative to the previous quarter.,1371146339
2010,Q4,5,Microsoft,238784.5,http://media.ft.com/cms/253867ca-1a60-11e0-b003-00144feab49a.pdf,This Financial Times –based list is up to date as of 31 December 2010. Indicated changes in market value are relative to the previous quarter.,1371146339
2010,Q1,6,BHP Billiton,209935.1,http://media.ft.com/cms/15951a1e-4899-11df-9a5d-00144feab49a.pdf,This Financial Times –based list is up to date as of 31 December 2010. Indicated changes in market value are relative to the previous quarter.,1371146339
2010,Q2,6,China Mobile,201471.2,http://media.ft.com/cms/620e79e8-8837-11df-a4e7-00144feabdc0.pdf,This Financial Times –based list is up to date as of 31 December 2010. Indicated changes in market value are relative to the previous quarter.,1371146339
2010,Q3,6,Microsoft,210676.4,http://media.ft.com/cms/8ec77a3e-d549-11df-8e86-00144feabdc0.pdf,This Financial Times –based list is up to date as of 31 December 2010. Indicated changes in market value are relative to the previous quarter.,1371146339
2010,Q4,6,ICBC,233369.1,http://media.ft.com/cms/253867ca-1a60-11e0-b003-00144feab49a.pdf,This Financial Times –based list is up to date as of 31 December 2010. Indicated changes in market value are relative to the previous quarter.,1371146339
2010,Q1,7,Walmart,209000.7,http://media.ft.com/cms/15951a1e-4899-11df-9a5d-00144feab49a.pdf,This Financial Times –based list is up to date as of 31 December 2010. Indicated changes in market value are relative to the previous quarter.,1371146339
2010,Q2,7,Berkshire Hathaway,197356.8,http://media.ft.com/cms/620e79e8-8837-11df-a4e7-00144feabdc0.pdf,This Financial Times –based list is up to date as of 31 December 2010. Indicated changes in market value are relative to the previous quarter.,1371146339
2010,Q3,7,China Mobile,205339.6,http://media.ft.com/cms/8ec77a3e-d549-11df-8e86-00144feabdc0.pdf,This Financial Times –based list is up to date as of 31 December 2010. Indicated changes in market value are relative to the previous quarter.,1371146339
2010,Q4,7,Petrobras,229066.6,http://media.ft.com/cms/253867ca-1a60-11e0-b003-00144feab49a.pdf,This Financial Times –based list is up to date as of 31 December 2010. Indicated changes in market value are relative to the previous quarter.,1371146339
2010,Q1,8,Berkshire Hathaway,200620.5,http://media.ft.com/cms/15951a1e-4899-11df-9a5d-00144feab49a.pdf,This Financial Times –based list is up to date as of 31 December 2010. Indicated changes in market value are relative to the previous quarter.,1371146339
2010,Q2,8,China Construction Bank,189170.7,http://media.ft.com/cms/620e79e8-8837-11df-a4e7-00144feabdc0.pdf,This Financial Times –based list is up to date as of 31 December 2010. Indicated changes in market value are relative to the previous quarter.,1371146339
2010,Q3,8,Berkshire Hathaway,204792.0,http://media.ft.com/cms/8ec77a3e-d549-11df-8e86-00144feabdc0.pdf,This Financial Times –based list is up to date as of 31 December 2010. Indicated changes in market value are relative to the previous quarter.,1371146339
2010,Q4,8,China Construction Bank,222245.1,http://media.ft.com/cms/253867ca-1a60-11e0-b003-00144feab49a.pdf,This Financial Times –based list is up to date as of 31 December 2010. Indicated changes in market value are relative to the previous quarter.,1371146339
2010,Q1,9,General Electric,194246.2,http://media.ft.com/cms/15951a1e-4899-11df-9a5d-00144feab49a.pdf,This Financial Times –based list is up to date as of 31 December 2010. Indicated changes in market value are relative to the previous quarter.,1371146339
2010,Q2,9,Walmart,178322.7,http://media.ft.com/cms/620e79e8-8837-11df-a4e7-00144feabdc0.pdf,This Financial Times –based list is up to date as of 31 December 2010. Indicated changes in market value are relative to the previous quarter.,1371146339
2010,Q3,9,China Construction Bank,202998.4,http://media.ft.com/cms/8ec77a3e-d549-11df-8e86-00144feabdc0.pdf,This Financial Times –based list is up to date as of 31 December 2010. Indicated changes in market value are relative to the previous quarter.,1371146339
2010,Q4,9,Royal Dutch Shell,208593.7,http://media.ft.com/cms/253867ca-1a60-11e0-b003-00144feab49a.pdf,This Financial Times –based list is up to date as of 31 December 2010. Indicated changes in market value are relative to the previous quarter.,1371146339
2010,Q1,10,China Mobile,192998.6,http://media.ft.com/cms/15951a1e-4899-11df-9a5d-00144feab49a.pdf,This Financial Times –based list is up to date as of 31 December 2010. Indicated changes in market value are relative to the previous quarter.,1371146339
2010,Q2,10,Procter & Gamble,172736.5,http://media.ft.com/cms/620e79e8-8837-11df-a4e7-00144feabdc0.pdf,This Financial Times –based list is up to date as of 31 December 2010. Indicated changes in market value are relative to the previous quarter.,1371146339
2010,Q3,10,BHP Billiton,196866.0,http://media.ft.com/cms/8ec77a3e-d549-11df-8e86-00144feabdc0.pdf,This Financial Times –based list is up to date as of 31 December 2010. Indicated changes in market value are relative to the previous quarter.,1371146339
2010,Q4,10,Nestlé,203534.3,http://media.ft.com/cms/253867ca-1a60-11e0-b003-00144feab49a.pdf,This Financial Times –based list is up to date as of 31 December 2010. Indicated changes in market value are relative to the previous quarter.,1371146339
2009,Q1,1,ExxonMobil,336527.0,http://media.ft.com/cms/25ee9d0e-2905-11de-bc5e-00144feabdc0.pdf,This Financial Times –based list is up to date as of 31 December 2009. Indicated changes in market value are relative to the previous quarter.,1371146339
2009,Q2,1,PetroChina,366662.9,http://media.ft.com/cms/27fa616e-6c76-11de-a6e6-00144feabdc0.pdf,This Financial Times –based list is up to date as of 31 December 2009. Indicated changes in market value are relative to the previous quarter.,1371146339
2009,Q3,1,ExxonMobil,329725.0,http://media.ft.com/cms/9503137a-be59-11de-9195-00144feab49a.pdf,This Financial Times –based list is up to date as of 31 December 2009. Indicated changes in market value are relative to the previous quarter.,1371146339
2009,Q4,1,PetroChina,353140.1,http://media.ft.com/cms/419e021c-fecd-11de-91d7-00144feab49a.pdf,This Financial Times –based list is up to date as of 31 December 2009. Indicated changes in market value are relative to the previous quarter.,1371146339
2009,Q1,2,PetroChina,287185.0,http://media.ft.com/cms/25ee9d0e-2905-11de-bc5e-00144feabdc0.pdf,This Financial Times –based list is up to date as of 31 December 2009. Indicated changes in market value are relative to the previous quarter.,1371146339
2009,Q2,2,ExxonMobil,341140.3,http://media.ft.com/cms/27fa616e-6c76-11de-a6e6-00144feabdc0.pdf,This Financial Times –based list is up to date as of 31 December 2009. Indicated changes in market value are relative to the previous quarter.,1371146339
2009,Q3,2,PetroChina,325097.5,http://media.ft.com/cms/9503137a-be59-11de-9195-00144feab49a.pdf,This Financial Times –based list is up to date as of 31 December 2009. Indicated changes in market value are relative to the previous quarter.,1371146339
2009,Q4,2,ExxonMobil,323717.1,http://media.ft.com/cms/419e021c-fecd-11de-91d7-00144feab49a.pdf,This Financial Times –based list is up to date as of 31 December 2009. Indicated changes in market value are relative to the previous quarter.,1371146339
2009,Q1,3,Walmart,204365.0,http://media.ft.com/cms/25ee9d0e-2905-11de-bc5e-00144feabdc0.pdf,This Financial Times –based list is up to date as of 31 December 2009. Indicated changes in market value are relative to the previous quarter.,1371146339
2009,Q2,3,ICBC,257004.4,http://media.ft.com/cms/27fa616e-6c76-11de-a6e6-00144feabdc0.pdf,This Financial Times –based list is up to date as of 31 December 2009. Indicated changes in market value are relative to the previous quarter.,1371146339
2009,Q3,3,ICBC,237951.5,http://media.ft.com/cms/9503137a-be59-11de-9195-00144feab49a.pdf,This Financial Times –based list is up to date as of 31 December 2009. Indicated changes in market value are relative to the previous quarter.,1371146339
2009,Q4,3,Microsoft,270635.4,http://media.ft.com/cms/419e021c-fecd-11de-91d7-00144feab49a.pdf,This Financial Times –based list is up to date as of 31 December 2009. Indicated changes in market value are relative to the previous quarter.,1371146339
2009,Q1,4,ICBC,187885.0,http://media.ft.com/cms/25ee9d0e-2905-11de-bc5e-00144feabdc0.pdf,This Financial Times –based list is up to date as of 31 December 2009. Indicated changes in market value are relative to the previous quarter.,1371146339
2009,Q2,4,Microsoft,211546.2,http://media.ft.com/cms/27fa616e-6c76-11de-a6e6-00144feabdc0.pdf,This Financial Times –based list is up to date as of 31 December 2009. Indicated changes in market value are relative to the previous quarter.,1371146339
2009,Q3,4,Microsoft,229630.7,http://media.ft.com/cms/9503137a-be59-11de-9195-00144feab49a.pdf,This Financial Times –based list is up to date as of 31 December 2009. Indicated changes in market value are relative to the previous quarter.,1371146339
2009,Q4,4,ICBC,268956.2,http://media.ft.com/cms/419e021c-fecd-11de-91d7-00144feab49a.pdf,This Financial Times –based list is up to date as of 31 December 2009. Indicated changes in market value are relative to the previous quarter.,1371146339
2009,Q1,5,China Mobile,174673.0,http://media.ft.com/cms/25ee9d0e-2905-11de-bc5e-00144feabdc0.pdf,This Financial Times –based list is up to date as of 31 December 2009. Indicated changes in market value are relative to the previous quarter.,1371146339
2009,Q2,5,China Mobile,200832.4,http://media.ft.com/cms/27fa616e-6c76-11de-a6e6-00144feabdc0.pdf,This Financial Times –based list is up to date as of 31 December 2009. Indicated changes in market value are relative to the previous quarter.,1371146339
2009,Q3,5,HSBC,198561.1,http://media.ft.com/cms/9503137a-be59-11de-9195-00144feab49a.pdf,This Financial Times –based list is up to date as of 31 December 2009. Indicated changes in market value are relative to the previous quarter.,1371146339
2009,Q4,5,Walmart,203653.6,http://media.ft.com/cms/419e021c-fecd-11de-91d7-00144feab49a.pdf,This Financial Times –based list is up to date as of 31 December 2009. Indicated changes in market value are relative to the previous quarter.,1371146339
2009,Q1,6,Microsoft,163320.0,http://media.ft.com/cms/25ee9d0e-2905-11de-bc5e-00144feabdc0.pdf,This Financial Times –based list is up to date as of 31 December 2009. Indicated changes in market value are relative to the previous quarter.,1371146339
2009,Q2,6,Walmart,188752.0,http://media.ft.com/cms/27fa616e-6c76-11de-a6e6-00144feabdc0.pdf,This Financial Times –based list is up to date as of 31 December 2009. Indicated changes in market value are relative to the previous quarter.,1371146339
2009,Q3,6,China Mobile,195680.4,http://media.ft.com/cms/9503137a-be59-11de-9195-00144feab49a.pdf,This Financial Times –based list is up to date as of 31 December 2009. Indicated changes in market value are relative to the previous quarter.,1371146339
2009,Q4,6,China Construction Bank,201436.1,http://media.ft.com/cms/419e021c-fecd-11de-91d7-00144feab49a.pdf,This Financial Times –based list is up to date as of 31 December 2009. Indicated changes in market value are relative to the previous quarter.,1371146339
2009,Q1,7,AT&T,148511.0,http://media.ft.com/cms/25ee9d0e-2905-11de-bc5e-00144feabdc0.pdf,This Financial Times –based list is up to date as of 31 December 2009. Indicated changes in market value are relative to the previous quarter.,1371146339
2009,Q2,7,China Construction Bank,182186.7,http://media.ft.com/cms/27fa616e-6c76-11de-a6e6-00144feabdc0.pdf,This Financial Times –based list is up to date as of 31 December 2009. Indicated changes in market value are relative to the previous quarter.,1371146339
2009,Q3,7,Walmart,189331.6,http://media.ft.com/cms/9503137a-be59-11de-9195-00144feab49a.pdf,This Financial Times –based list is up to date as of 31 December 2009. Indicated changes in market value are relative to the previous quarter.,1371146339
2009,Q4,7,BHP Billiton,201248.0,http://media.ft.com/cms/419e021c-fecd-11de-91d7-00144feab49a.pdf,This Financial Times –based list is up to date as of 31 December 2009. Indicated changes in market value are relative to the previous quarter.,1371146339
2009,Q1,8,Johnson & Johnson,145481.0,http://media.ft.com/cms/25ee9d0e-2905-11de-bc5e-00144feabdc0.pdf,This Financial Times –based list is up to date as of 31 December 2009. Indicated changes in market value are relative to the previous quarter.,1371146339
2009,Q2,8,Petrobras,165056.9,http://media.ft.com/cms/27fa616e-6c76-11de-a6e6-00144feabdc0.pdf,This Financial Times –based list is up to date as of 31 December 2009. Indicated changes in market value are relative to the previous quarter.,1371146339
2009,Q3,8,Petrobras,189027.7,http://media.ft.com/cms/9503137a-be59-11de-9195-00144feab49a.pdf,This Financial Times –based list is up to date as of 31 December 2009. Indicated changes in market value are relative to the previous quarter.,1371146339
2009,Q4,8,HSBC,199254.9,http://media.ft.com/cms/419e021c-fecd-11de-91d7-00144feab49a.pdf,This Financial Times –based list is up to date as of 31 December 2009. Indicated changes in market value are relative to the previous quarter.,1371146339
2009,Q1,9,Royal Dutch Shell,138999.0,http://media.ft.com/cms/25ee9d0e-2905-11de-bc5e-00144feabdc0.pdf,This Financial Times –based list is up to date as of 31 December 2009. Indicated changes in market value are relative to the previous quarter.,1371146339
2009,Q2,9,Johnson & Johnson,156515.9,http://media.ft.com/cms/27fa616e-6c76-11de-a6e6-00144feabdc0.pdf,This Financial Times –based list is up to date as of 31 December 2009. Indicated changes in market value are relative to the previous quarter.,1371146339
2009,Q3,9,China Construction Bank,186816.7,http://media.ft.com/cms/9503137a-be59-11de-9195-00144feab49a.pdf,This Financial Times –based list is up to date as of 31 December 2009. Indicated changes in market value are relative to the previous quarter.,1371146339
2009,Q4,9,Petrobras,199107.9,http://media.ft.com/cms/419e021c-fecd-11de-91d7-00144feab49a.pdf,This Financial Times –based list is up to date as of 31 December 2009. Indicated changes in market value are relative to the previous quarter.,1371146339
2009,Q1,10,Procter & Gamble,138013.0,http://media.ft.com/cms/25ee9d0e-2905-11de-bc5e-00144feabdc0.pdf,This Financial Times –based list is up to date as of 31 December 2009. Indicated changes in market value are relative to the previous quarter.,1371146339
2009,Q2,10,Royal Dutch Shell,156386.7,http://media.ft.com/cms/27fa616e-6c76-11de-a6e6-00144feabdc0.pdf,This Financial Times –based list is up to date as of 31 December 2009. Indicated changes in market value are relative to the previous quarter.,1371146339
2009,Q3,10,Royal Dutch Shell,175986.1,http://media.ft.com/cms/9503137a-be59-11de-9195-00144feab49a.pdf,This Financial Times –based list is up to date as of 31 December 2009. Indicated changes in market value are relative to the previous quarter.,1371146339
2009,Q4,10,Apple,189801.7,http://media.ft.com/cms/419e021c-fecd-11de-91d7-00144feab49a.pdf,This Financial Times –based list is up to date as of 31 December 2009. Indicated changes in market value are relative to the previous quarter.,1371146339
2008,Q1,1,ExxonMobil,452505.0,http://media.ft.com/cms/7f24a88e-0faa-11dd-8871-0000779fd2ac.pdf,This Financial Times –based list is up to date as of 31 December 2008. Indicated changes in market value are relative to the previous quarter.,1371146339
2008,Q2,1,ExxonMobil,465652.0,http://media.ft.com/cms/1ec66660-48eb-11dd-9a5f-000077b07658.pdf,This Financial Times –based list is up to date as of 31 December 2008. Indicated changes in market value are relative to the previous quarter.,1371146339
2008,Q3,1,ExxonMobil,403366.0,http://media.ft.com/cms/eee5847a-9085-11dd-8abb-0000779fd18c.pdf,This Financial Times –based list is up to date as of 31 December 2008. Indicated changes in market value are relative to the previous quarter.,1371146339
2008,Q4,1,ExxonMobil,406067.0,http://media.ft.com/cms/b5e2c024-dd89-11dd-930e-000077b07658.pdf,This Financial Times –based list is up to date as of 31 December 2008. Indicated changes in market value are relative to the previous quarter.,1371146339
2008,Q1,2,PetroChina,423996.0,http://media.ft.com/cms/7f24a88e-0faa-11dd-8871-0000779fd2ac.pdf,This Financial Times –based list is up to date as of 31 December 2008. Indicated changes in market value are relative to the previous quarter.,1371146339
2008,Q2,2,PetroChina,341140.3,http://media.ft.com/cms/1ec66660-48eb-11dd-9a5f-000077b07658.pdf,This Financial Times –based list is up to date as of 31 December 2008. Indicated changes in market value are relative to the previous quarter.,1371146339
2008,Q3,2,PetroChina,325097.5,http://media.ft.com/cms/eee5847a-9085-11dd-8abb-0000779fd18c.pdf,This Financial Times –based list is up to date as of 31 December 2008. Indicated changes in market value are relative to the previous quarter.,1371146339
2008,Q4,2,PetroChina,259836.0,http://media.ft.com/cms/b5e2c024-dd89-11dd-930e-000077b07658.pdf,This Financial Times –based list is up to date as of 31 December 2008. Indicated changes in market value are relative to the previous quarter.,1371146339
2008,Q1,3,General Electric,369569.0,http://media.ft.com/cms/7f24a88e-0faa-11dd-8871-0000779fd2ac.pdf,This Financial Times –based list is up to date as of 31 December 2008. Indicated changes in market value are relative to the previous quarter.,1371146339
2008,Q2,3,ICBC,257004.4,http://media.ft.com/cms/1ec66660-48eb-11dd-9a5f-000077b07658.pdf,This Financial Times –based list is up to date as of 31 December 2008. Indicated changes in market value are relative to the previous quarter.,1371146339
2008,Q3,3,ICBC,237951.5,http://media.ft.com/cms/eee5847a-9085-11dd-8abb-0000779fd18c.pdf,This Financial Times –based list is up to date as of 31 December 2008. Indicated changes in market value are relative to the previous quarter.,1371146339
2008,Q4,3,Walmart,219898.0,http://media.ft.com/cms/b5e2c024-dd89-11dd-930e-000077b07658.pdf,This Financial Times –based list is up to date as of 31 December 2008. Indicated changes in market value are relative to the previous quarter.,1371146339
2008,Q1,4,Gazprom,299764.0,http://media.ft.com/cms/7f24a88e-0faa-11dd-8871-0000779fd2ac.pdf,This Financial Times –based list is up to date as of 31 December 2008. Indicated changes in market value are relative to the previous quarter.,1371146339
2008,Q2,4,Microsoft,211546.2,http://media.ft.com/cms/1ec66660-48eb-11dd-9a5f-000077b07658.pdf,This Financial Times –based list is up to date as of 31 December 2008. Indicated changes in market value are relative to the previous quarter.,1371146339
2008,Q3,4,Microsoft,229630.7,http://media.ft.com/cms/eee5847a-9085-11dd-8abb-0000779fd18c.pdf,This Financial Times –based list is up to date as of 31 December 2008. Indicated changes in market value are relative to the previous quarter.,1371146339
2008,Q4,4,China Mobile,201291.0,http://media.ft.com/cms/b5e2c024-dd89-11dd-930e-000077b07658.pdf,This Financial Times –based list is up to date as of 31 December 2008. Indicated changes in market value are relative to the previous quarter.,1371146339
2008,Q1,5,China Mobile,298093.0,http://media.ft.com/cms/7f24a88e-0faa-11dd-8871-0000779fd2ac.pdf,This Financial Times –based list is up to date as of 31 December 2008. Indicated changes in market value are relative to the previous quarter.,1371146339
2008,Q2,5,China Mobile,200832.4,http://media.ft.com/cms/1ec66660-48eb-11dd-9a5f-000077b07658.pdf,This Financial Times –based list is up to date as of 31 December 2008. Indicated changes in market value are relative to the previous quarter.,1371146339
2008,Q3,5,HSBC,198561.1,http://media.ft.com/cms/eee5847a-9085-11dd-8abb-0000779fd18c.pdf,This Financial Times –based list is up to date as of 31 December 2008. Indicated changes in market value are relative to the previous quarter.,1371146339
2008,Q4,5,Procter & Gamble,184576.0,http://media.ft.com/cms/b5e2c024-dd89-11dd-930e-000077b07658.pdf,This Financial Times –based list is up to date as of 31 December 2008. Indicated changes in market value are relative to the previous quarter.,1371146339
2008,Q1,6,ICBC,277236.0,http://media.ft.com/cms/7f24a88e-0faa-11dd-8871-0000779fd2ac.pdf,This Financial Times –based list is up to date as of 31 December 2008. Indicated changes in market value are relative to the previous quarter.,1371146339
2008,Q2,6,Walmart,188752.0,http://media.ft.com/cms/1ec66660-48eb-11dd-9a5f-000077b07658.pdf,This Financial Times –based list is up to date as of 31 December 2008. Indicated changes in market value are relative to the previous quarter.,1371146339
2008,Q3,6,China Mobile,195680.4,http://media.ft.com/cms/eee5847a-9085-11dd-8abb-0000779fd18c.pdf,This Financial Times –based list is up to date as of 31 December 2008. Indicated changes in market value are relative to the previous quarter.,1371146339
2008,Q4,6,ICBC,173930.0,http://media.ft.com/cms/b5e2c024-dd89-11dd-930e-000077b07658.pdf,This Financial Times –based list is up to date as of 31 December 2008. Indicated changes in market value are relative to the previous quarter.,1371146339
2008,Q1,7,Microsoft,264132.0,http://media.ft.com/cms/7f24a88e-0faa-11dd-8871-0000779fd2ac.pdf,This Financial Times –based list is up to date as of 31 December 2008. Indicated changes in market value are relative to the previous quarter.,1371146339
2008,Q2,7,China Construction Bank,182186.7,http://media.ft.com/cms/1ec66660-48eb-11dd-9a5f-000077b07658.pdf,This Financial Times –based list is up to date as of 31 December 2008. Indicated changes in market value are relative to the previous quarter.,1371146339
2008,Q3,7,Walmart,189331.6,http://media.ft.com/cms/eee5847a-9085-11dd-8abb-0000779fd18c.pdf,This Financial Times –based list is up to date as of 31 December 2008. Indicated changes in market value are relative to the previous quarter.,1371146339
2008,Q4,7,Microsoft,172929.0,http://media.ft.com/cms/b5e2c024-dd89-11dd-930e-000077b07658.pdf,This Financial Times –based list is up to date as of 31 December 2008. Indicated changes in market value are relative to the previous quarter.,1371146339
2008,Q1,8,AT&T,231168.0,http://media.ft.com/cms/7f24a88e-0faa-11dd-8871-0000779fd2ac.pdf,This Financial Times –based list is up to date as of 31 December 2008. Indicated changes in market value are relative to the previous quarter.,1371146339
2008,Q2,8,Petrobras,165056.9,http://media.ft.com/cms/1ec66660-48eb-11dd-9a5f-000077b07658.pdf,This Financial Times –based list is up to date as of 31 December 2008. Indicated changes in market value are relative to the previous quarter.,1371146339
2008,Q3,8,Petrobras,189027.7,http://media.ft.com/cms/eee5847a-9085-11dd-8abb-0000779fd18c.pdf,This Financial Times –based list is up to date as of 31 December 2008. Indicated changes in market value are relative to the previous quarter.,1371146339
2008,Q4,8,AT&T,167950.0,http://media.ft.com/cms/b5e2c024-dd89-11dd-930e-000077b07658.pdf,This Financial Times –based list is up to date as of 31 December 2008. Indicated changes in market value are relative to the previous quarter.,1371146339
2008,Q1,9,Royal Dutch Shell,220110.0,http://media.ft.com/cms/7f24a88e-0faa-11dd-8871-0000779fd2ac.pdf,This Financial Times –based list is up to date as of 31 December 2008. Indicated changes in market value are relative to the previous quarter.,1371146339
2008,Q2,9,Johnson & Johnson,156515.9,http://media.ft.com/cms/1ec66660-48eb-11dd-9a5f-000077b07658.pdf,This Financial Times –based list is up to date as of 31 December 2008. Indicated changes in market value are relative to the previous quarter.,1371146339
2008,Q3,9,China Construction Bank,186816.7,http://media.ft.com/cms/eee5847a-9085-11dd-8abb-0000779fd18c.pdf,This Financial Times –based list is up to date as of 31 December 2008. Indicated changes in market value are relative to the previous quarter.,1371146339
2008,Q4,9,Johnson & Johnson,166002.0,http://media.ft.com/cms/b5e2c024-dd89-11dd-930e-000077b07658.pdf,This Financial Times –based list is up to date as of 31 December 2008. Indicated changes in market value are relative to the previous quarter.,1371146339
2008,Q1,10,Procter & Gamble,215640.0,http://media.ft.com/cms/7f24a88e-0faa-11dd-8871-0000779fd2ac.pdf,This Financial Times –based list is up to date as of 31 December 2008. Indicated changes in market value are relative to the previous quarter.,1371146339
2008,Q2,10,Royal Dutch Shell,156386.7,http://media.ft.com/cms/1ec66660-48eb-11dd-9a5f-000077b07658.pdf,This Financial Times –based list is up to date as of 31 December 2008. Indicated changes in market value are relative to the previous quarter.,1371146339
2008,Q3,10,Royal Dutch Shell,175986.1,http://media.ft.com/cms/eee5847a-9085-11dd-8abb-0000779fd18c.pdf,This Financial Times –based list is up to date as of 31 December 2008. Indicated changes in market value are relative to the previous quarter.,1371146339
2008,Q4,10,General Electric,161278.0,http://media.ft.com/cms/b5e2c024-dd89-11dd-930e-000077b07658.pdf,This Financial Times –based list is up to date as of 31 December 2008. Indicated changes in market value are relative to the previous quarter.,1371146339
2007,Q1,1,ExxonMobil,429567.0,"http://media.ft.com/cms/4608ca30-e788-11db-8098-000b5df10621,dwp_uuid=f1db8aa0-4d1f-11da-ba44-0000779e2340.pdf",This Financial Times –based list is up to date as of 31 December 2007. Indicated changes in market value are relative to the previous quarter.,1371146339
2007,Q2,1,ExxonMobil,472519.0,"http://media.ft.com/cms/6aec81f8-2bd9-11dc-b498-000b5df10621,dwp_uuid=95d63dfa-257b-11dc-b338-000b5df10621.pdf",This Financial Times –based list is up to date as of 31 December 2007. Indicated changes in market value are relative to the previous quarter.,1371146339
2007,Q3,1,ExxonMobil,513362.0,"http://media.ft.com/cms/018dd1ea-758e-11dc-b7cb-0000779fd2ac,dwp_uuid=95d63dfa-257b-11dc-b338-000b5df10621.pdf",This Financial Times –based list is up to date as of 31 December 2007. Indicated changes in market value are relative to the previous quarter.,1371146339
2007,Q4,1,Petrochina,723952.0,http://media.ft.com/cms/813c979e-0faa-11dd-8871-0000779fd2ac.pdf,This Financial Times –based list is up to date as of 31 December 2007. Indicated changes in market value are relative to the previous quarter.,1371146339
2007,Q1,2,General Electric,363611.0,"http://media.ft.com/cms/4608ca30-e788-11db-8098-000b5df10621,dwp_uuid=f1db8aa0-4d1f-11da-ba44-0000779e2340.pdf",This Financial Times –based list is up to date as of 31 December 2007. Indicated changes in market value are relative to the previous quarter.,1371146339
2007,Q2,2,General Electric,393831.0,"http://media.ft.com/cms/6aec81f8-2bd9-11dc-b498-000b5df10621,dwp_uuid=95d63dfa-257b-11dc-b338-000b5df10621.pdf",This Financial Times –based list is up to date as of 31 December 2007. Indicated changes in market value are relative to the previous quarter.,1371146339
2007,Q3,2,General Electric,424191.0,"http://media.ft.com/cms/018dd1ea-758e-11dc-b7cb-0000779fd2ac,dwp_uuid=95d63dfa-257b-11dc-b338-000b5df10621.pdf",This Financial Times –based list is up to date as of 31 December 2007. Indicated changes in market value are relative to the previous quarter.,1371146339
2007,Q4,2,ExxonMobil,511887.0,http://media.ft.com/cms/813c979e-0faa-11dd-8871-0000779fd2ac.pdf,This Financial Times –based list is up to date as of 31 December 2007. Indicated changes in market value are relative to the previous quarter.,1371146339
2007,Q1,3,Microsoft,272912.0,"http://media.ft.com/cms/4608ca30-e788-11db-8098-000b5df10621,dwp_uuid=f1db8aa0-4d1f-11da-ba44-0000779e2340.pdf",This Financial Times –based list is up to date as of 31 December 2007. Indicated changes in market value are relative to the previous quarter.,1371146339
2007,Q2,3,Microsoft,281934.0,"http://media.ft.com/cms/6aec81f8-2bd9-11dc-b498-000b5df10621,dwp_uuid=95d63dfa-257b-11dc-b338-000b5df10621.pdf",This Financial Times –based list is up to date as of 31 December 2007. Indicated changes in market value are relative to the previous quarter.,1371146339
2007,Q3,3,China Mobile,327937.0,"http://media.ft.com/cms/018dd1ea-758e-11dc-b7cb-0000779fd2ac,dwp_uuid=95d63dfa-257b-11dc-b338-000b5df10621.pdf",This Financial Times –based list is up to date as of 31 December 2007. Indicated changes in market value are relative to the previous quarter.,1371146339
2007,Q4,3,General Electric,374637.0,http://media.ft.com/cms/813c979e-0faa-11dd-8871-0000779fd2ac.pdf,This Financial Times –based list is up to date as of 31 December 2007. Indicated changes in market value are relative to the previous quarter.,1371146339
2007,Q1,4,Citigroup,252857.0,"http://media.ft.com/cms/4608ca30-e788-11db-8098-000b5df10621,dwp_uuid=f1db8aa0-4d1f-11da-ba44-0000779e2340.pdf",This Financial Times –based list is up to date as of 31 December 2007. Indicated changes in market value are relative to the previous quarter.,1371146339
2007,Q2,4,Royal Dutch Shell,266141.0,"http://media.ft.com/cms/6aec81f8-2bd9-11dc-b498-000b5df10621,dwp_uuid=95d63dfa-257b-11dc-b338-000b5df10621.pdf",This Financial Times –based list is up to date as of 31 December 2007. Indicated changes in market value are relative to the previous quarter.,1371146339
2007,Q3,4,ICBC,279269.0,"http://media.ft.com/cms/018dd1ea-758e-11dc-b7cb-0000779fd2ac,dwp_uuid=95d63dfa-257b-11dc-b338-000b5df10621.pdf",This Financial Times –based list is up to date as of 31 December 2007. Indicated changes in market value are relative to the previous quarter.,1371146339
2007,Q4,4,China Mobile,354120.0,http://media.ft.com/cms/813c979e-0faa-11dd-8871-0000779fd2ac.pdf,This Financial Times –based list is up to date as of 31 December 2007. Indicated changes in market value are relative to the previous quarter.,1371146339
2007,Q1,5,AT&T,246206.0,"http://media.ft.com/cms/4608ca30-e788-11db-8098-000b5df10621,dwp_uuid=f1db8aa0-4d1f-11da-ba44-0000779e2340.pdf",This Financial Times –based list is up to date as of 31 December 2007. Indicated changes in market value are relative to the previous quarter.,1371146339
2007,Q2,5,AT&T,255871.0,"http://media.ft.com/cms/6aec81f8-2bd9-11dc-b498-000b5df10621,dwp_uuid=95d63dfa-257b-11dc-b338-000b5df10621.pdf",This Financial Times –based list is up to date as of 31 December 2007. Indicated changes in market value are relative to the previous quarter.,1371146339
2007,Q3,5,Microsoft,276202.0,"http://media.ft.com/cms/018dd1ea-758e-11dc-b7cb-0000779fd2ac,dwp_uuid=95d63dfa-257b-11dc-b338-000b5df10621.pdf",This Financial Times –based list is up to date as of 31 December 2007. Indicated changes in market value are relative to the previous quarter.,1371146339
2007,Q4,5,ICBC,338989.0,http://media.ft.com/cms/813c979e-0faa-11dd-8871-0000779fd2ac.pdf,This Financial Times –based list is up to date as of 31 December 2007. Indicated changes in market value are relative to the previous quarter.,1371146339
2007,Q1,6,Gazprom,245911.0,"http://media.ft.com/cms/4608ca30-e788-11db-8098-000b5df10621,dwp_uuid=f1db8aa0-4d1f-11da-ba44-0000779e2340.pdf",This Financial Times –based list is up to date as of 31 December 2007. Indicated changes in market value are relative to the previous quarter.,1371146339
2007,Q2,6,Citigroup,253703.0,"http://media.ft.com/cms/6aec81f8-2bd9-11dc-b498-000b5df10621,dwp_uuid=95d63dfa-257b-11dc-b338-000b5df10621.pdf",This Financial Times –based list is up to date as of 31 December 2007. Indicated changes in market value are relative to the previous quarter.,1371146339
2007,Q3,6,Royal Dutch Shell,264397.0,"http://media.ft.com/cms/018dd1ea-758e-11dc-b7cb-0000779fd2ac,dwp_uuid=95d63dfa-257b-11dc-b338-000b5df10621.pdf",This Financial Times –based list is up to date as of 31 December 2007. Indicated changes in market value are relative to the previous quarter.,1371146339
2007,Q4,6,Microsoft,333054.0,http://media.ft.com/cms/813c979e-0faa-11dd-8871-0000779fd2ac.pdf,This Financial Times –based list is up to date as of 31 December 2007. Indicated changes in market value are relative to the previous quarter.,1371146339
2007,Q1,7,Toyota,230832.0,"http://media.ft.com/cms/4608ca30-e788-11db-8098-000b5df10621,dwp_uuid=f1db8aa0-4d1f-11da-ba44-0000779e2340.pdf",This Financial Times –based list is up to date as of 31 December 2007. Indicated changes in market value are relative to the previous quarter.,1371146339
2007,Q2,7,Gazprom,245757.0,"http://media.ft.com/cms/6aec81f8-2bd9-11dc-b498-000b5df10621,dwp_uuid=95d63dfa-257b-11dc-b338-000b5df10621.pdf",This Financial Times –based list is up to date as of 31 December 2007. Indicated changes in market value are relative to the previous quarter.,1371146339
2007,Q3,7,Gazprom,260249.0,"http://media.ft.com/cms/018dd1ea-758e-11dc-b7cb-0000779fd2ac,dwp_uuid=95d63dfa-257b-11dc-b338-000b5df10621.pdf",This Financial Times –based list is up to date as of 31 December 2007. Indicated changes in market value are relative to the previous quarter.,1371146339
2007,Q4,7,Gazprom,329591.0,http://media.ft.com/cms/813c979e-0faa-11dd-8871-0000779fd2ac.pdf,This Financial Times –based list is up to date as of 31 December 2007. Indicated changes in market value are relative to the previous quarter.,1371146339
2007,Q1,8,Bank of America,228177.0,"http://media.ft.com/cms/4608ca30-e788-11db-8098-000b5df10621,dwp_uuid=f1db8aa0-4d1f-11da-ba44-0000779e2340.pdf",This Financial Times –based list is up to date as of 31 December 2007. Indicated changes in market value are relative to the previous quarter.,1371146339
2007,Q2,8,BP,231491.0,"http://media.ft.com/cms/6aec81f8-2bd9-11dc-b498-000b5df10621,dwp_uuid=95d63dfa-257b-11dc-b338-000b5df10621.pdf",This Financial Times –based list is up to date as of 31 December 2007. Indicated changes in market value are relative to the previous quarter.,1371146339
2007,Q3,8,AT&T,258047.0,"http://media.ft.com/cms/018dd1ea-758e-11dc-b7cb-0000779fd2ac,dwp_uuid=95d63dfa-257b-11dc-b338-000b5df10621.pdf",This Financial Times –based list is up to date as of 31 December 2007. Indicated changes in market value are relative to the previous quarter.,1371146339
2007,Q4,8,Royal Dutch Shell,269544.0,http://media.ft.com/cms/813c979e-0faa-11dd-8871-0000779fd2ac.pdf,This Financial Times –based list is up to date as of 31 December 2007. Indicated changes in market value are relative to the previous quarter.,1371146339
2007,Q1,9,ICBC,224788.0,"http://media.ft.com/cms/4608ca30-e788-11db-8098-000b5df10621,dwp_uuid=f1db8aa0-4d1f-11da-ba44-0000779e2340.pdf",This Financial Times –based list is up to date as of 31 December 2007. Indicated changes in market value are relative to the previous quarter.,1371146339
2007,Q2,9,Toyota,228009.0,"http://media.ft.com/cms/6aec81f8-2bd9-11dc-b498-000b5df10621,dwp_uuid=95d63dfa-257b-11dc-b338-000b5df10621.pdf",This Financial Times –based list is up to date as of 31 December 2007. Indicated changes in market value are relative to the previous quarter.,1371146339
2007,Q3,9,Citigroup,232162.0,"http://media.ft.com/cms/018dd1ea-758e-11dc-b7cb-0000779fd2ac,dwp_uuid=95d63dfa-257b-11dc-b338-000b5df10621.pdf",This Financial Times –based list is up to date as of 31 December 2007. Indicated changes in market value are relative to the previous quarter.,1371146339
2007,Q4,9,AT&T,252051.0,http://media.ft.com/cms/813c979e-0faa-11dd-8871-0000779fd2ac.pdf,This Financial Times –based list is up to date as of 31 December 2007. Indicated changes in market value are relative to the previous quarter.,1371146339
2007,Q1,10,Royal Dutch Shell,214018.0,"http://media.ft.com/cms/4608ca30-e788-11db-8098-000b5df10621,dwp_uuid=f1db8aa0-4d1f-11da-ba44-0000779e2340.pdf",This Financial Times –based list is up to date as of 31 December 2007. Indicated changes in market value are relative to the previous quarter.,1371146339
2007,Q2,10,Bank of America,216963.0,"http://media.ft.com/cms/6aec81f8-2bd9-11dc-b498-000b5df10621,dwp_uuid=95d63dfa-257b-11dc-b338-000b5df10621.pdf",This Financial Times –based list is up to date as of 31 December 2007. Indicated changes in market value are relative to the previous quarter.,1371146339
2007,Q3,10,Bank of America,223066.0,"http://media.ft.com/cms/018dd1ea-758e-11dc-b7cb-0000779fd2ac,dwp_uuid=95d63dfa-257b-11dc-b338-000b5df10621.pdf",This Financial Times –based list is up to date as of 31 December 2007. Indicated changes in market value are relative to the previous quarter.,1371146339
2007,Q4,10,Sinopec,249645.0,http://media.ft.com/cms/813c979e-0faa-11dd-8871-0000779fd2ac.pdf,This Financial Times –based list is up to date as of 31 December 2007. Indicated changes in market value are relative to the previous quarter.,1371146339
2006,Q1,1,ExxonMobil,371631.0,http://media.ft.com/cms/b970931e-c2f8-11da-a381-0000779e2340.pdf,This Financial Times –based list is up to date as of December 2006. Indicated changes in market value are relative to the previous quarter.,1371146339
2006,Q2,1,ExxonMobil,371187.0,http://media.ft.com/cms/8bd31770-0a7d-11db-b595-0000779e2340.pdf,This Financial Times –based list is up to date as of December 2006. Indicated changes in market value are relative to the previous quarter.,1371146339
2006,Q3,1,ExxonMobil,398906.0,"http://media.ft.com/cms/d6af3604-51f2-11db-bce6-0000779e2340,dwp_uuid=95d63dfa-257b-11dc-b338-000b5df10621.pdf",This Financial Times –based list is up to date as of December 2006. Indicated changes in market value are relative to the previous quarter.,1371146339
2006,Q4,1,ExxonMobil,446943.0,"http://media.ft.com/cms/ff835864-a646-11db-937f-0000779e2340,dwp_uuid=95d63dfa-257b-11dc-b338-000b5df10621.pdf",This Financial Times –based list is up to date as of December 2006. Indicated changes in market value are relative to the previous quarter.,1371146339
2006,Q1,2,General Electric,362527.0,http://media.ft.com/cms/b970931e-c2f8-11da-a381-0000779e2340.pdf,This Financial Times –based list is up to date as of December 2006. Indicated changes in market value are relative to the previous quarter.,1371146339
2006,Q2,2,General Electric,342731.0,http://media.ft.com/cms/8bd31770-0a7d-11db-b595-0000779e2340.pdf,This Financial Times –based list is up to date as of December 2006. Indicated changes in market value are relative to the previous quarter.,1371146339
2006,Q3,2,General Electric,364414.0,"http://media.ft.com/cms/d6af3604-51f2-11db-bce6-0000779e2340,dwp_uuid=95d63dfa-257b-11dc-b338-000b5df10621.pdf",This Financial Times –based list is up to date as of December 2006. Indicated changes in market value are relative to the previous quarter.,1371146339
2006,Q4,2,General Electric,383564.0,"http://media.ft.com/cms/ff835864-a646-11db-937f-0000779e2340,dwp_uuid=95d63dfa-257b-11dc-b338-000b5df10621.pdf",This Financial Times –based list is up to date as of December 2006. Indicated changes in market value are relative to the previous quarter.,1371146339
2006,Q1,3,Microsoft,281171.0,http://media.ft.com/cms/b970931e-c2f8-11da-a381-0000779e2340.pdf,This Financial Times –based list is up to date as of December 2006. Indicated changes in market value are relative to the previous quarter.,1371146339
2006,Q2,3,Gazprom,246341.0,http://media.ft.com/cms/8bd31770-0a7d-11db-b595-0000779e2340.pdf,This Financial Times –based list is up to date as of December 2006. Indicated changes in market value are relative to the previous quarter.,1371146339
2006,Q3,3,Microsoft,272679.0,"http://media.ft.com/cms/d6af3604-51f2-11db-bce6-0000779e2340,dwp_uuid=95d63dfa-257b-11dc-b338-000b5df10621.pdf",This Financial Times –based list is up to date as of December 2006. Indicated changes in market value are relative to the previous quarter.,1371146339
2006,Q4,3,Microsoft,293537.0,"http://media.ft.com/cms/ff835864-a646-11db-937f-0000779e2340,dwp_uuid=95d63dfa-257b-11dc-b338-000b5df10621.pdf",This Financial Times –based list is up to date as of December 2006. Indicated changes in market value are relative to the previous quarter.,1371146339
2006,Q1,4,Citigroup,238935.0,http://media.ft.com/cms/b970931e-c2f8-11da-a381-0000779e2340.pdf,This Financial Times –based list is up to date as of December 2006. Indicated changes in market value are relative to the previous quarter.,1371146339
2006,Q2,4,Citigroup,239862.0,http://media.ft.com/cms/8bd31770-0a7d-11db-b595-0000779e2340.pdf,This Financial Times –based list is up to date as of December 2006. Indicated changes in market value are relative to the previous quarter.,1371146339
2006,Q3,4,Gazprom,254634.3,"http://media.ft.com/cms/d6af3604-51f2-11db-bce6-0000779e2340,dwp_uuid=95d63dfa-257b-11dc-b338-000b5df10621.pdf",This Financial Times –based list is up to date as of December 2006. Indicated changes in market value are relative to the previous quarter.,1371146339
2006,Q4,4,Citigroup,273691.0,"http://media.ft.com/cms/ff835864-a646-11db-937f-0000779e2340,dwp_uuid=95d63dfa-257b-11dc-b338-000b5df10621.pdf",This Financial Times –based list is up to date as of December 2006. Indicated changes in market value are relative to the previous quarter.,1371146339
2006,Q1,5,BP,233260.0,http://media.ft.com/cms/b970931e-c2f8-11da-a381-0000779e2340.pdf,This Financial Times –based list is up to date as of December 2006. Indicated changes in market value are relative to the previous quarter.,1371146339
2006,Q2,5,Microsoft,237688.0,http://media.ft.com/cms/8bd31770-0a7d-11db-b595-0000779e2340.pdf,This Financial Times –based list is up to date as of December 2006. Indicated changes in market value are relative to the previous quarter.,1371146339
2006,Q3,5,Citigroup,246727.0,"http://media.ft.com/cms/d6af3604-51f2-11db-bce6-0000779e2340,dwp_uuid=95d63dfa-257b-11dc-b338-000b5df10621.pdf",This Financial Times –based list is up to date as of December 2006. Indicated changes in market value are relative to the previous quarter.,1371146339
2006,Q4,5,Gazprom,271482.0,"http://media.ft.com/cms/ff835864-a646-11db-937f-0000779e2340,dwp_uuid=95d63dfa-257b-11dc-b338-000b5df10621.pdf",This Financial Times –based list is up to date as of December 2006. Indicated changes in market value are relative to the previous quarter.,1371146339
2006,Q1,6,Bank of America,211706.0,http://media.ft.com/cms/b970931e-c2f8-11da-a381-0000779e2340.pdf,This Financial Times –based list is up to date as of December 2006. Indicated changes in market value are relative to the previous quarter.,1371146339
2006,Q2,6,BP,233151.0,http://media.ft.com/cms/8bd31770-0a7d-11db-b595-0000779e2340.pdf,This Financial Times –based list is up to date as of December 2006. Indicated changes in market value are relative to the previous quarter.,1371146339
2006,Q3,6,Bank of America,242451.0,"http://media.ft.com/cms/d6af3604-51f2-11db-bce6-0000779e2340,dwp_uuid=95d63dfa-257b-11dc-b338-000b5df10621.pdf",This Financial Times –based list is up to date as of December 2006. Indicated changes in market value are relative to the previous quarter.,1371146339
2006,Q4,6,ICBC,254592.0,"http://media.ft.com/cms/ff835864-a646-11db-937f-0000779e2340,dwp_uuid=95d63dfa-257b-11dc-b338-000b5df10621.pdf",This Financial Times –based list is up to date as of December 2006. Indicated changes in market value are relative to the previous quarter.,1371146339
2006,Q1,7,Royal Dutch Shell,211280.0,http://media.ft.com/cms/b970931e-c2f8-11da-a381-0000779e2340.pdf,This Financial Times –based list is up to date as of December 2006. Indicated changes in market value are relative to the previous quarter.,1371146339
2006,Q2,7,Royal Dutch Shell,224925.0,http://media.ft.com/cms/8bd31770-0a7d-11db-b595-0000779e2340.pdf,This Financial Times –based list is up to date as of December 2006. Indicated changes in market value are relative to the previous quarter.,1371146339
2006,Q3,7,Royal Dutch Shell,216368.0,"http://media.ft.com/cms/d6af3604-51f2-11db-bce6-0000779e2340,dwp_uuid=95d63dfa-257b-11dc-b338-000b5df10621.pdf",This Financial Times –based list is up to date as of December 2006. Indicated changes in market value are relative to the previous quarter.,1371146339
2006,Q4,7,Toyota,241161.0,"http://media.ft.com/cms/ff835864-a646-11db-937f-0000779e2340,dwp_uuid=95d63dfa-257b-11dc-b338-000b5df10621.pdf",This Financial Times –based list is up to date as of December 2006. Indicated changes in market value are relative to the previous quarter.,1371146339
2006,Q1,8,Walmart,196860.0,http://media.ft.com/cms/b970931e-c2f8-11da-a381-0000779e2340.pdf,This Financial Times –based list is up to date as of December 2006. Indicated changes in market value are relative to the previous quarter.,1371146339
2006,Q2,8,Bank of America,219504.0,http://media.ft.com/cms/8bd31770-0a7d-11db-b595-0000779e2340.pdf,This Financial Times –based list is up to date as of December 2006. Indicated changes in market value are relative to the previous quarter.,1371146339
2006,Q3,8,BP,215623.0,"http://media.ft.com/cms/d6af3604-51f2-11db-bce6-0000779e2340,dwp_uuid=95d63dfa-257b-11dc-b338-000b5df10621.pdf",This Financial Times –based list is up to date as of December 2006. Indicated changes in market value are relative to the previous quarter.,1371146339
2006,Q4,8,Bank of America,239758.0,"http://media.ft.com/cms/ff835864-a646-11db-937f-0000779e2340,dwp_uuid=95d63dfa-257b-11dc-b338-000b5df10621.pdf",This Financial Times –based list is up to date as of December 2006. Indicated changes in market value are relative to the previous quarter.,1371146339
2006,Q1,9,Toyota,196731.0,http://media.ft.com/cms/b970931e-c2f8-11da-a381-0000779e2340.pdf,This Financial Times –based list is up to date as of December 2006. Indicated changes in market value are relative to the previous quarter.,1371146339
2006,Q2,9,HSBC,201854.0,http://media.ft.com/cms/8bd31770-0a7d-11db-b595-0000779e2340.pdf,This Financial Times –based list is up to date as of December 2006. Indicated changes in market value are relative to the previous quarter.,1371146339
2006,Q3,9,HSBC,209774.0,"http://media.ft.com/cms/d6af3604-51f2-11db-bce6-0000779e2340,dwp_uuid=95d63dfa-257b-11dc-b338-000b5df10621.pdf",This Financial Times –based list is up to date as of December 2006. Indicated changes in market value are relative to the previous quarter.,1371146339
2006,Q4,9,Royal Dutch Shell,225781.0,"http://media.ft.com/cms/ff835864-a646-11db-937f-0000779e2340,dwp_uuid=95d63dfa-257b-11dc-b338-000b5df10621.pdf",This Financial Times –based list is up to date as of December 2006. Indicated changes in market value are relative to the previous quarter.,1371146339
2006,Q1,10,Gazprom,196339.0,http://media.ft.com/cms/b970931e-c2f8-11da-a381-0000779e2340.pdf,This Financial Times –based list is up to date as of December 2006. Indicated changes in market value are relative to the previous quarter.,1371146339
2006,Q2,10,Walmart,200762.0,http://media.ft.com/cms/8bd31770-0a7d-11db-b595-0000779e2340.pdf,This Financial Times –based list is up to date as of December 2006. Indicated changes in market value are relative to the previous quarter.,1371146339
2006,Q3,10,Pfizer,206785.0,"http://media.ft.com/cms/d6af3604-51f2-11db-bce6-0000779e2340,dwp_uuid=95d63dfa-257b-11dc-b338-000b5df10621.pdf",This Financial Times –based list is up to date as of December 2006. Indicated changes in market value are relative to the previous quarter.,1371146339
2006,Q4,10,BP,218643.0,"http://media.ft.com/cms/ff835864-a646-11db-937f-0000779e2340,dwp_uuid=95d63dfa-257b-11dc-b338-000b5df10621.pdf",This Financial Times –based list is up to date as of December 2006. Indicated changes in market value are relative to the previous quarter.,1371146339
2005,annual,1,General Electric,382233.0,,This Financial Times –based list is up to date as of 31 March 2005. [ 131 ],1371146339
2005,annual,2,ExxonMobil,380567.0,,This Financial Times –based list is up to date as of 31 March 2005. [ 131 ],1371146339
2005,annual,3,Microsoft,262975.0,,This Financial Times –based list is up to date as of 31 March 2005. [ 131 ],1371146339
2005,annual,4,Citigroup,234437.0,,This Financial Times –based list is up to date as of 31 March 2005. [ 131 ],1371146339
2005,annual,5,BP,221365.0,,This Financial Times –based list is up to date as of 31 March 2005. [ 131 ],1371146339
2005,annual,6,Walmart,212209.0,,This Financial Times –based list is up to date as of 31 March 2005. [ 131 ],1371146339
2005,annual,7,Royal Dutch Shell,210630.0,,This Financial Times –based list is up to date as of 31 March 2005. [ 131 ],1371146339
2005,annual,8,Johnson & Johnson,199711.0,,This Financial Times –based list is up to date as of 31 March 2005. [ 131 ],1371146339
2005,annual,9,Pfizer,195945.0,,This Financial Times –based list is up to date as of 31 March 2005. [ 131 ],1371146339
2005,annual,10,Bank of America,178765.0,,This Financial Times –based list is up to date as of 31 March 2005. [ 131 ],1371146339
2004,annual,1,General Electric,299336.0,,This Financial Times –based list is up to date as 31 March 2004. [ 132 ],1371146339
2004,annual,2,Microsoft,271911.0,,This Financial Times –based list is up to date as 31 March 2004. [ 132 ],1371146339
2004,annual,3,ExxonMobil,263940.0,,This Financial Times –based list is up to date as 31 March 2004. [ 132 ],1371146339
2004,annual,4,Pfizer,261616.0,,This Financial Times –based list is up to date as 31 March 2004. [ 132 ],1371146339
2004,annual,5,Citigroup,259191.0,,This Financial Times –based list is up to date as 31 March 2004. [ 132 ],1371146339
2004,annual,6,Walmart,258888.0,,This Financial Times –based list is up to date as 31 March 2004. [ 132 ],1371146339
2004,annual,7,American International Group,183696.0,,This Financial Times –based list is up to date as 31 March 2004. [ 132 ],1371146339
2004,annual,8,Intel Corporation,179996.0,,This Financial Times –based list is up to date as 31 March 2004. [ 132 ],1371146339
2004,annual,9,BP,174648.0,,This Financial Times –based list is up to date as 31 March 2004. [ 132 ],1371146339
2004,annual,10,HSBC,163574.0,,This Financial Times –based list is up to date as 31 March 2004. [ 132 ],1371146339
2003,annual,1,Microsoft,264003.0,,This Financial Times –based list is up to date as December 2003. [ 133 ],1371146339
2003,annual,2,General Electric,259647.0,,This Financial Times –based list is up to date as December 2003. [ 133 ],1371146339
2003,annual,3,ExxonMobil,241037.0,,This Financial Times –based list is up to date as December 2003. [ 133 ],1371146339
2003,annual,4,Walmart,234399.0,,This Financial Times –based list is up to date as December 2003. [ 133 ],1371146339
2003,annual,5,Pfizer,195948.0,,This Financial Times –based list is up to date as December 2003. [ 133 ],1371146339
2003,annual,6,Citigroup,183887.0,,This Financial Times –based list is up to date as December 2003. [ 133 ],1371146339
2003,annual,7,Johnson & Johnson,170417.0,,This Financial Times –based list is up to date as December 2003. [ 133 ],1371146339
2003,annual,8,Royal Dutch Shell,149034.0,,This Financial Times –based list is up to date as December 2003. [ 133 ],1371146339
2003,annual,9,BP,144381.0,,This Financial Times –based list is up to date as December 2003. [ 133 ],1371146339
2003,annual,10,IBM,139272.0,,This Financial Times –based list is up to date as December 2003. [ 133 ],1371146339
2002,annual,1,General Electric,372089.0,,This Financial Times –based list is up to date December 2002. [ 134 ],1371146339
2002,annual,2,Microsoft,326639.0,,This Financial Times –based list is up to date December 2002. [ 134 ],1371146339
2002,annual,3,ExxonMobil,299820.0,,This Financial Times –based list is up to date December 2002. [ 134 ],1371146339
2002,annual,4,Walmart,273220.0,,This Financial Times –based list is up to date December 2002. [ 134 ],1371146339
2002,annual,5,Citigroup,255299.0,,This Financial Times –based list is up to date December 2002. [ 134 ],1371146339
2002,annual,6,Pfizer,249021.0,,This Financial Times –based list is up to date December 2002. [ 134 ],1371146339
2002,annual,7,Intel Corporation,203838.0,,This Financial Times –based list is up to date December 2002. [ 134 ],1371146339
2002,annual,8,BP,200794.0,,This Financial Times –based list is up to date December 2002. [ 134 ],1371146339
2002,annual,9,Johnson & Johnson,197912.0,,This Financial Times –based list is up to date December 2002. [ 134 ],1371146339
2002,annual,10,Royal Dutch Shell,189913.0,,This Financial Times –based list is up to date December 2002. [ 134 ],1371146339
2001,annual,1,General Electric,477406.0,,This Financial Times –based list is up to date as 31 March 2001. [ 135 ],1371146339
2001,annual,2,Cisco Systems,304699.0,,This Financial Times –based list is up to date as 31 March 2001. [ 135 ],1371146339
2001,annual,3,ExxonMobil,286367.0,,This Financial Times –based list is up to date as 31 March 2001. [ 135 ],1371146339
2001,annual,4,Pfizer,263996.0,,This Financial Times –based list is up to date as 31 March 2001. [ 135 ],1371146339
2001,annual,5,Microsoft,258436.0,,This Financial Times –based list is up to date as 31 March 2001. [ 135 ],1371146339
2001,annual,6,Walmart,250955.0,,This Financial Times –based list is up to date as 31 March 2001. [ 135 ],1371146339
2001,annual,7,Citigroup,250143.0,,This Financial Times –based list is up to date as 31 March 2001. [ 135 ],1371146339
2001,annual,8,Vodafone,227175.0,,This Financial Times –based list is up to date as 31 March 2001. [ 135 ],1371146339
2001,annual,9,Intel,227048.0,,This Financial Times –based list is up to date as 31 March 2001. [ 135 ],1371146339
2001,annual,10,Royal Dutch Shell,206340.0,,This Financial Times –based list is up to date as 31 March 2001. [ 135 ],1371146339
2000,annual,1,Microsoft,586197.0,,This Financial Times –based list is up to date as 31 March 2000. [ 136 ],1371146339
2000,annual,2,General Electric,474956.0,,This Financial Times –based list is up to date as 31 March 2000. [ 136 ],1371146339
2000,annual,3,NTT Docomo,366204.0,,This Financial Times –based list is up to date as 31 March 2000. [ 136 ],1371146339
2000,annual,4,Cisco Systems,348965.0,,This Financial Times –based list is up to date as 31 March 2000. [ 136 ],1371146339
2000,annual,5,Wal-Mart,286153.0,,This Financial Times –based list is up to date as 31 March 2000. [ 136 ],1371146339
2000,annual,6,Intel,277096.0,,This Financial Times –based list is up to date as 31 March 2000. [ 136 ],1371146339
2000,annual,7,Nippon Telegraph & Telephone,274905.0,,This Financial Times –based list is up to date as 31 March 2000. [ 136 ],1371146339
2000,annual,8,ExxonMobil,265894.0,,This Financial Times –based list is up to date as 31 March 2000. [ 136 ],1371146339
2000,annual,9,Lucent,237668.0,,This Financial Times –based list is up to date as 31 March 2000. [ 136 ],1371146339
2000,annual,10,Deutsche Telekom,209628.0,,This Financial Times –based list is up to date as 31 March 2000. [ 136 ],1371146339
