# S&P 500 total-return level. <1988-01-04: ^GSPC daily price return + Shiller monthly dividends (http://www.econ.yale.edu/~shiller/data/ie_data.xls) accrued daily; >=1988-01-04: ^SP500TR daily returns. Built by sp500bt.index_tr.write_manual_csv()
date,close
1970-01-02,43.672827
1970-01-05,43.894738
1970-01-06,43.600049
1970-01-07,43.516696
1970-01-08,43.546085
1970-01-09,43.420424
1970-01-12,43.097378
1970-01-13,43.206674
1970-01-14,43.085664
1970-01-15,43.105668
1970-01-16,42.754236
1970-01-19,42.162935
1970-01-20,42.253494
1970-01-21,42.315841
1970-01-22,42.364087
1970-01-23,42.054758
1970-01-26,41.495980
1970-01-27,41.243040
1970-01-28,40.858264
1970-01-29,40.346325
1970-01-30,40.036770
1970-02-02,40.387076
1970-02-03,40.874022
1970-02-04,40.630902
1970-02-05,40.477261
1970-02-06,40.686428
1970-02-09,41.013450
1970-02-10,40.591053
1970-02-11,40.993613
1970-02-12,40.901144
1970-02-13,40.818091
1970-02-16,40.791625
1970-02-17,40.751003
1970-02-18,41.262403
1970-02-19,41.419963
1970-02-20,41.553948
1970-02-24,41.541622
1970-02-25,42.190259
1970-02-26,41.984333
1970-02-27,42.274250
1970-03-02,42.379382
1970-03-03,42.630977
1970-03-04,42.547150
1970-03-05,42.534192
1970-03-06,42.275481
1970-03-09,41.841845
1970-03-10,41.961247
1970-03-11,41.938828
1970-03-12,41.774543
1970-03-13,41.558211
1970-03-16,41.114808
1970-03-17,41.300526
1970-03-18,41.424763
1970-03-19,41.373929
1970-03-20,41.209502
1970-03-23,41.182323
1970-03-24,41.656961
1970-03-25,42.510447
1970-03-26,42.587437
1970-03-30,42.456046
1970-03-31,42.462004
1970-04-01,42.676149
1970-04-02,42.549178
1970-04-03,42.365324
1970-04-06,42.072441
1970-04-07,41.964375
1970-04-08,41.955852
1970-04-09,41.980517
1970-04-10,41.848700
1970-04-13,41.569845
1970-04-14,41.219803
1970-04-15,41.149604
1970-04-16,40.752017
1970-04-17,40.658071
1970-04-20,40.739712
1970-04-21,40.531820
1970-04-22,40.010584
1970-04-23,39.432301
1970-04-24,39.309795
1970-04-27,38.693349
1970-04-28,38.133809
1970-04-29,38.871127
1970-04-30,38.739047
1970-05-01,38.707024
1970-05-04,37.729180
1970-05-05,37.369145
1970-05-06,37.788767
1970-05-07,37.965945
1970-05-08,37.786462
1970-05-11,37.392902
1970-05-12,37.042097
1970-05-13,36.420021
1970-05-14,35.907299
1970-05-15,36.608217
1970-05-18,36.642780
1970-05-19,35.934591
1970-05-20,35.016750
1970-05-21,34.375005
1970-05-22,34.423882
1970-05-25,33.476978
1970-05-26,33.025506
1970-05-27,34.690176
1970-05-28,35.573333
1970-05-29,36.504318
1970-06-01,37.125220
1970-06-02,37.130965
1970-06-03,37.461082
1970-06-04,36.913407
1970-06-05,36.351328
1970-06-08,36.414347
1970-06-09,36.401003
1970-06-10,36.039165
1970-06-11,35.553122
1970-06-12,35.286675
1970-06-15,35.626765
1970-06-16,36.382506
1970-06-17,36.316594
1970-06-18,36.566055
1970-06-19,36.829892
1970-06-22,36.639668
1970-06-23,35.746647
1970-06-24,35.374666
1970-06-25,35.404335
1970-06-26,35.147030
1970-06-29,34.875327
1970-06-30,34.799752
1970-07-01,34.910803
1970-07-02,34.907000
1970-07-06,34.367051
1970-07-07,34.109496
1970-07-08,34.962858
1970-07-09,35.476312
1970-07-10,35.668906
1970-07-13,35.722596
1970-07-14,35.666078
1970-07-15,36.060056
1970-07-16,36.597889
1970-07-17,37.250872
1970-07-20,37.304600
1970-07-21,36.921944
1970-07-22,36.951707
1970-07-23,37.422806
1970-07-24,37.342231
1970-07-27,37.266443
1970-07-28,37.329819
1970-07-29,37.465210
1970-07-30,37.485400
1970-07-31,37.481589
1970-08-03,36.993026
1970-08-04,37.080754
1970-08-05,37.082024
1970-08-06,37.040054
1970-08-07,37.142238
1970-08-10,36.629246
1970-08-11,36.452660
1970-08-12,36.266428
1970-08-13,35.955143
1970-08-14,36.163219
1970-08-17,36.241456
1970-08-18,36.666097
1970-08-19,37.037881
1970-08-20,37.467476
1970-08-21,38.147439
1970-08-24,38.996005
1970-08-25,39.064690
1970-08-26,39.114119
1970-08-27,39.057597
1970-08-28,39.439428
1970-08-31,39.281709
1970-09-01,39.013145
1970-09-02,39.024067
1970-09-03,39.574846
1970-09-04,39.937698
1970-09-08,40.045056
1970-09-09,39.930601
1970-09-10,39.700375
1970-09-11,39.812603
1970-09-14,39.601605
1970-09-15,39.265114
1970-09-16,39.478746
1970-09-17,39.726198
1970-09-18,39.891620
1970-09-21,39.554922
1970-09-22,39.536888
1970-09-23,39.567152
1970-09-24,39.452503
1970-09-25,40.023882
1970-09-28,40.551861
1970-09-29,40.533813
1970-09-30,40.752607
1970-10-01,40.768085
1970-10-02,41.180032
1970-10-05,41.819308
1970-10-06,42.008899
1970-10-07,42.034061
1970-10-08,41.585139
1970-10-09,41.170025
1970-10-12,40.735493
1970-10-13,40.688074
1970-10-14,40.756819
1970-10-15,40.985326
1970-10-16,40.812000
1970-10-19,40.270628
1970-10-20,40.513761
1970-10-21,40.529274
1970-10-22,40.399447
1970-10-23,40.594234
1970-10-26,40.377148
1970-10-27,40.290890
1970-10-28,40.446982
1970-10-29,40.418874
1970-10-30,40.371366
1970-11-02,40.503830
1970-11-03,40.854571
1970-11-04,40.943417
1970-11-05,40.809099
1970-11-06,40.873712
1970-11-09,41.098488
1970-11-10,41.163121
1970-11-11,41.286018
1970-11-12,40.865125
1970-11-13,40.492728
1970-11-16,40.435973
1970-11-17,40.554092
1970-11-18,40.230103
1970-11-19,40.294807
1970-11-20,40.694863
1970-11-23,40.954018
1970-11-24,41.222939
1970-11-25,41.380065
1970-11-27,41.794964
1970-11-30,42.419067
1970-12-01,42.556198
1970-12-02,43.053374
1970-12-03,43.263528
1970-12-04,43.541841
1970-12-07,43.781257
1970-12-08,43.558258
1970-12-09,43.598128
1970-12-10,43.788945
1970-12-11,43.960311
1970-12-14,43.742065
1970-12-15,43.679664
1970-12-16,43.714688
1970-12-17,43.876398
1970-12-18,43.969908
1970-12-21,43.839243
1970-12-22,43.893783
1970-12-23,43.928829
1970-12-24,44.183283
1970-12-28,44.423138
1970-12-29,44.911749
1970-12-30,45.010219
1970-12-31,44.957486
1971-01-04,44.475976
1971-01-05,44.799503
1971-01-06,45.074272
1971-01-07,45.095279
1971-01-08,45.008900
1971-01-11,44.912741
1971-01-12,45.280442
1971-01-13,45.208672
1971-01-14,45.332267
1971-01-15,45.450989
1971-01-18,45.643017
1971-01-19,45.820409
1971-01-20,45.836555
1971-01-21,46.043326
1971-01-22,46.386994
1971-01-25,46.588932
1971-01-26,46.746888
1971-01-27,46.410942
1971-01-28,46.573834
1971-01-29,46.907956
1971-02-01,47.178839
1971-02-02,47.190429
1971-02-03,47.294999
1971-02-04,47.296805
1971-02-05,47.455251
1971-02-08,47.716532
1971-02-09,47.752614
1971-02-10,47.700548
1971-02-11,47.961943
1971-02-12,48.223370
1971-02-16,48.342759
1971-02-17,48.124064
1971-02-18,47.817131
1971-02-19,47.421931
1971-02-22,46.928637
1971-02-23,47.116743
1971-02-24,47.437274
1971-02-25,47.556777
1971-02-26,47.460489
1971-03-01,47.588653
1971-03-02,47.584371
1971-03-03,47.575177
1971-03-04,48.056704
1971-03-05,48.572641
1971-03-08,48.784320
1971-03-09,48.829123
1971-03-10,48.756106
1971-03-11,48.805827
1971-03-12,48.899750
1971-03-15,49.465148
1971-03-16,49.716265
1971-03-17,49.677592
1971-03-18,49.717517
1971-03-19,49.634614
1971-03-22,49.448511
1971-03-23,49.286958
1971-03-24,48.968113
1971-03-25,48.968735
1971-03-26,49.141418
1971-03-29,49.186292
1971-03-30,49.304929
1971-03-31,49.335056
1971-04-01,49.380467
1971-04-02,49.470150
1971-04-05,49.589365
1971-04-06,49.949675
1971-04-07,50.187014
1971-04-08,50.252133
1971-04-12,50.642105
1971-04-13,50.697401
1971-04-14,50.895468
1971-04-15,50.975389
1971-04-16,50.966688
1971-04-19,51.228850
1971-04-20,51.037907
1971-04-21,50.920830
1971-04-22,51.025433
1971-04-23,51.272940
1971-04-26,51.224810
1971-04-27,51.551222
1971-04-28,51.646019
1971-04-29,51.583083
1971-04-30,51.253918
1971-05-03,50.934874
1971-05-04,51.187813
1971-05-05,51.189257
1971-05-06,50.924351
1971-05-07,50.753138
1971-05-10,50.507897
1971-05-11,50.642571
1971-05-12,50.787130
1971-05-13,50.689866
1971-05-14,50.459309
1971-05-17,49.715297
1971-05-18,49.790805
1971-05-19,49.915704
1971-05-20,50.040618
1971-05-21,49.888946
1971-05-24,49.470494
1971-05-25,49.150803
1971-05-26,49.216485
1971-05-27,49.128982
1971-05-28,49.249049
1971-06-01,49.536616
1971-06-02,49.918149
1971-06-03,49.948678
1971-06-04,50.097888
1971-06-07,49.999836
1971-06-08,49.624798
1971-06-09,49.615767
1971-06-10,49.794729
1971-06-11,50.013295
1971-06-14,49.598494
1971-06-15,49.653794
1971-06-16,49.758595
1971-06-17,49.754509
1971-06-18,49.002866
1971-06-21,48.464040
1971-06-22,48.331199
1971-06-23,48.743121
1971-06-24,48.610248
1971-06-25,48.546714
1971-06-28,48.428675
1971-06-29,48.969617
1971-06-30,48.915970
1971-07-01,49.457311
1971-07-02,49.463402
1971-07-06,49.459581
1971-07-07,49.604493
1971-07-08,49.759338
1971-07-09,49.939002
1971-07-12,50.009571
1971-07-13,49.360910
1971-07-14,49.228101
1971-07-15,49.263966
1971-07-16,49.185708
1971-07-19,49.102477
1971-07-20,49.302147
1971-07-21,49.288391
1971-07-22,49.210094
1971-07-23,49.131788
1971-07-26,48.740624
1971-07-27,48.567934
1971-07-28,48.221377
1971-07-29,47.705873
1971-07-30,47.493374
1971-08-02,47.688016
1971-08-03,46.973252
1971-08-04,46.670923
1971-08-05,46.776162
1971-08-06,46.861531
1971-08-09,46.509369
1971-08-10,46.520170
1971-08-11,47.083007
1971-08-12,47.755337
1971-08-13,47.606957
1971-08-16,49.140149
1971-08-17,49.757990
1971-08-18,49.072115
1971-08-19,48.858966
1971-08-20,48.949415
1971-08-23,49.413230
1971-08-24,49.991610
1971-08-25,50.002425
1971-08-26,49.923600
1971-08-27,50.048968
1971-08-30,49.576626
1971-08-31,49.338367
1971-09-01,49.364405
1971-09-02,49.480137
1971-09-03,50.183924
1971-09-07,50.419299
1971-09-08,50.520116
1971-09-09,50.257031
1971-09-10,50.073681
1971-09-13,49.905271
1971-09-14,49.547331
1971-09-15,49.767916
1971-09-16,49.719165
1971-09-17,49.874946
1971-09-20,49.741359
1971-09-21,49.577812
1971-09-22,49.149742
1971-09-23,49.110938
1971-09-24,49.002246
1971-09-27,48.743761
1971-09-28,48.879705
1971-09-29,48.895818
1971-09-30,49.121696
1971-10-01,49.422520
1971-10-04,49.568512
1971-10-05,49.524662
1971-10-06,49.885559
1971-10-07,49.991623
1971-10-08,49.667862
1971-10-11,49.598995
1971-10-12,49.785091
1971-10-13,49.521208
1971-10-14,49.077269
1971-10-15,48.913347
1971-10-18,48.699384
1971-10-19,48.530418
1971-10-20,47.861117
1971-10-21,47.842219
1971-10-22,47.833329
1971-10-25,47.604215
1971-10-26,47.430134
1971-10-27,46.960658
1971-10-28,47.051902
1971-10-29,47.193238
1971-11-01,46.483165
1971-11-02,46.679620
1971-11-03,47.552402
1971-11-04,47.498394
1971-11-05,47.339151
1971-11-08,47.310189
1971-11-09,47.351394
1971-11-10,46.831167
1971-11-11,46.190545
1971-11-12,46.196667
1971-11-15,46.047327
1971-11-16,46.504846
1971-11-17,46.581196
1971-11-18,46.226110
1971-11-19,45.971328
1971-11-22,45.565966
1971-11-23,45.255908
1971-11-24,45.347368
1971-11-26,46.161747
1971-11-29,46.905944
1971-11-30,47.203319
1971-12-01,47.937376
1971-12-02,48.144124
1971-12-03,48.762820
1971-12-06,48.492345
1971-12-07,48.679074
1971-12-08,48.710041
1971-12-09,48.735989
1971-12-10,49.108763
1971-12-13,49.255364
1971-12-14,49.110381
1971-12-15,49.553683
1971-12-16,50.162984
1971-12-17,50.430362
1971-12-20,51.085076
1971-12-21,51.216690
1971-12-22,50.910610
1971-12-23,50.695066
1971-12-27,50.806595
1971-12-28,51.315732
1971-12-29,51.452456
1971-12-30,51.241848
1971-12-31,51.403773
1972-01-03,51.198432
1972-01-04,51.416067
1972-01-05,51.910729
1972-01-06,52.143530
1972-01-07,52.129516
1972-01-10,52.060081
1972-01-11,52.232498
1972-01-12,52.208399
1972-01-13,51.912145
1972-01-14,52.119907
1972-01-17,52.282321
1972-01-18,52.464925
1972-01-19,52.385346
1972-01-20,52.391490
1972-01-21,52.281636
1972-01-24,51.743022
1972-01-25,51.814747
1972-01-26,51.719990
1972-01-27,52.230722
1972-01-28,52.569938
1972-01-31,52.465051
1972-02-01,52.506841
1972-02-02,52.851530
1972-02-03,52.837793
1972-02-04,52.955341
1972-02-07,52.800198
1972-02-08,52.907671
1972-02-09,53.323294
1972-02-10,53.349960
1972-02-11,53.098746
1972-02-14,52.857601
1972-02-15,53.086434
1972-02-16,53.391111
1972-02-17,53.382409
1972-02-18,53.232153
1972-02-22,53.243678
1972-02-23,53.295656
1972-02-24,53.337528
1972-02-25,53.713240
1972-02-28,53.724771
1972-02-29,53.923495
1972-03-01,54.324051
1972-03-02,54.314755
1972-03-03,54.634425
1972-03-06,55.060417
1972-03-07,55.116927
1972-03-08,55.168377
1972-03-09,55.164140
1972-03-10,54.886457
1972-03-13,54.360601
1972-03-14,54.508305
1972-03-15,54.585110
1972-03-16,54.464354
1972-03-17,54.683036
1972-03-20,54.521716
1972-03-21,54.071533
1972-03-22,54.153445
1972-03-23,54.620588
1972-03-24,54.509890
1972-03-27,54.404254
1972-03-28,54.344234
1972-03-29,54.005313
1972-03-30,54.371279
1972-04-03,54.519785
1972-04-04,54.850917
1972-04-05,55.303842
1972-04-06,55.579240
1972-04-07,55.631402
1972-04-10,55.551617
1972-04-11,55.715453
1972-04-12,55.935143
1972-04-13,55.804567
1972-04-14,55.775517
1972-04-17,55.614445
1972-04-18,55.752979
1972-04-19,55.469969
1972-04-20,55.395194
1972-04-21,55.325488
1972-04-24,54.976329
1972-04-25,54.439112
1972-04-26,54.328724
1972-04-27,54.416550
1972-04-28,54.738214
1972-05-01,54.245907
1972-05-02,53.941668
1972-05-03,53.901814
1972-05-04,54.039954
1972-05-05,54.239139
1972-05-08,53.995809
1972-05-09,53.289512
1972-05-10,53.641399
1972-05-11,53.825407
1972-05-12,54.141749
1972-05-15,54.391964
1972-05-16,54.296084
1972-05-17,54.419085
1972-05-18,54.959575
1972-05-19,55.495031
1972-05-22,55.862500
1972-05-23,55.914255
1972-05-24,56.190122
1972-05-25,56.272454
1972-05-26,56.380268
1972-05-30,56.228248
1972-05-31,55.816347
1972-06-01,55.903811
1972-06-02,55.930124
1972-06-05,55.472216
1972-06-06,55.167190
1972-06-07,54.887622
1972-06-08,54.704898
1972-06-09,54.496660
1972-06-12,54.579088
1972-06-13,54.860440
1972-06-14,55.294847
1972-06-15,55.326289
1972-06-16,55.291405
1972-06-19,55.169774
1972-06-20,55.405347
1972-06-21,55.528668
1972-06-22,55.478457
1972-06-23,55.275096
1972-06-26,54.877718
1972-06-27,54.827491
1972-06-28,54.654701
1972-06-29,54.558502
1972-06-30,54.727882
1972-07-03,54.913205
1972-07-05,55.231377
1972-07-06,55.718194
1972-07-07,55.545892
1972-07-10,55.256027
1972-07-11,54.858795
1972-07-12,54.645538
1972-07-13,54.340233
1972-07-14,54.612655
1972-07-17,54.148754
1972-07-18,54.129734
1972-07-19,54.294841
1972-07-20,54.132583
1972-07-21,54.573998
1972-07-24,55.225243
1972-07-25,55.068045
1972-07-26,55.038774
1972-07-27,54.917367
1972-07-28,54.975112
1972-07-31,54.986789
1972-08-01,55.509647
1972-08-02,55.971107
1972-08-03,56.412129
1972-08-04,56.566373
1972-08-07,56.664286
1972-08-08,56.710981
1972-08-09,56.803789
1972-08-10,56.906857
1972-08-11,57.373765
1972-08-14,57.686978
1972-08-15,57.441541
1972-08-16,57.242220
1972-08-17,57.083884
1972-08-18,57.304936
1972-08-21,57.290141
1972-08-22,57.649691
1972-08-23,57.578480
1972-08-24,56.948195
1972-08-25,56.774380
1972-08-28,56.554378
1972-08-29,56.652448
1972-08-30,56.740263
1972-08-31,57.012826
1972-09-01,57.234965
1972-09-05,57.097836
1972-09-06,56.755359
1972-09-07,56.628464
1972-09-08,56.563171
1972-09-11,56.241115
1972-09-12,55.713592
1972-09-13,55.941045
1972-09-14,55.963047
1972-09-15,55.907989
1972-09-18,55.811822
1972-09-19,55.787585
1972-09-20,55.819875
1972-09-21,55.739093
1972-09-22,55.791953
1972-09-25,55.556919
1972-09-26,55.599510
1972-09-27,56.398038
1972-09-28,56.759502
1972-09-29,56.868977
1972-10-02,56.674401
1972-10-03,56.752475
1972-10-04,56.650469
1972-10-05,56.039019
1972-10-06,56.420757
1972-10-09,56.570921
1972-10-10,56.623297
1972-10-11,56.377096
1972-10-12,55.919774
1972-10-13,55.575684
1972-10-16,54.989520
1972-10-17,55.371547
1972-10-18,55.733011
1972-10-19,55.666947
1972-10-20,56.286084
1972-10-23,56.864070
1972-10-24,57.107168
1972-10-25,57.066846
1972-10-26,57.212065
1972-10-27,57.027403
1972-10-30,57.017994
1972-10-31,57.534481
1972-11-01,58.103239
1972-11-02,58.398748
1972-11-03,58.916062
1972-11-06,58.798988
1972-11-08,58.480707
1972-11-09,58.564819
1972-11-10,58.690221
1972-11-13,58.784671
1972-11-14,59.333306
1972-11-15,59.107757
1972-11-16,59.439702
1972-11-17,59.632291
1972-11-20,59.659672
1972-11-21,60.017551
1972-11-22,60.380637
1972-11-24,60.578474
1972-11-27,60.301091
1972-11-28,60.178664
1972-11-29,60.211227
1972-11-30,60.295472
1972-12-01,60.669542
1972-12-04,60.878260
1972-12-05,60.787189
1972-12-06,61.016635
1972-12-07,61.328834
1972-12-08,61.470427
1972-12-11,61.612037
1972-12-12,61.381259
1972-12-13,61.336674
1972-12-14,61.178270
1972-12-15,61.195769
1972-12-18,60.499161
1972-12-19,60.216492
1972-12-20,60.021783
1972-12-21,59.594109
1972-12-22,59.974017
1972-12-26,60.224526
1972-12-27,60.557916
1972-12-29,61.145120
1973-01-02,61.695463
1973-01-03,61.945419
1973-01-04,61.863838
1973-01-05,62.113846
1973-01-08,62.109972
1973-01-09,62.054278
1973-01-10,61.905283
1973-01-11,62.331630
1973-01-12,61.850836
1973-01-15,61.411465
1973-01-16,61.262408
1973-01-17,61.548925
1973-01-18,61.643585
1973-01-19,61.613775
1973-01-22,61.324602
1973-01-23,61.336289
1973-01-24,60.569730
1973-01-26,60.430938
1973-01-29,60.209106
1973-01-30,60.122187
1973-01-31,60.232499
1973-02-01,59.580431
1973-02-02,59.374771
1973-02-05,59.319669
1973-02-06,59.441117
1973-02-07,59.038029
1973-02-08,58.785523
1973-02-09,59.582354
1973-02-12,60.306544
1973-02-13,60.687877
1973-02-14,59.822029
1973-02-15,59.491409
1973-02-16,59.774119
1973-02-20,59.999675
1973-02-21,59.637740
1973-02-22,59.514957
1973-02-23,58.856504
1973-02-26,58.359206
1973-02-27,57.695388
1973-02-28,58.108398
1973-03-01,57.786850
1973-03-02,58.433149
1973-03-05,58.647568
1973-03-06,59.392897
1973-03-07,59.581333
1973-03-08,59.473058
1973-03-09,59.250226
1973-03-12,59.292927
1973-03-13,59.622048
1973-03-14,59.888705
1973-03-15,59.447018
1973-03-16,59.151140
1973-03-19,58.443663
1973-03-20,58.335293
1973-03-21,57.580768
1973-03-22,56.727144
1973-03-23,56.754251
1973-03-26,57.260914
1973-03-27,58.163831
1973-03-28,58.201376
1973-03-29,58.775988
1973-03-30,58.161687
1973-04-02,57.469756
1973-04-03,56.986378
1973-04-04,56.748122
1973-04-05,56.624618
1973-04-06,57.028108
1973-04-09,57.859566
1973-04-10,58.571081
1973-04-11,58.823341
1973-04-12,58.778070
1973-04-13,58.523952
1973-04-16,58.196702
1973-04-17,57.942523
1973-04-18,58.262830
1973-04-19,58.598844
1973-04-23,58.292334
1973-04-24,57.473763
1973-04-25,56.618516
1973-04-26,56.912886
1973-04-27,56.052206
1973-04-30,55.923236
1973-05-01,55.997541
1973-05-02,56.699281
1973-05-03,57.641637
1973-05-04,58.055898
1973-05-07,57.816422
1973-05-08,58.199389
1973-05-09,57.781994
1973-05-10,57.317464
1973-05-11,56.606951
1973-05-14,55.425378
1973-05-15,55.782389
1973-05-16,55.715459
1973-05-17,55.266370
1973-05-18,54.382682
1973-05-21,53.797352
1973-05-22,54.248831
1973-05-23,54.511817
1973-05-24,56.126237
1973-05-25,56.551682
1973-05-29,56.332754
1973-05-30,55.500750
1973-05-31,55.004030
1973-06-01,54.476149
1973-06-04,53.979651
1973-06-05,54.851325
1973-06-06,54.695491
1973-06-07,55.504454
1973-06-08,56.135215
1973-06-11,55.968837
1973-06-12,56.809566
1973-06-13,56.454290
1973-06-14,55.831394
1973-06-15,55.155947
1973-06-18,54.375460
1973-06-19,54.586862
1973-06-20,54.829787
1973-06-21,54.190758
1973-06-22,54.454742
1973-06-25,53.700032
1973-06-26,54.258187
1973-06-27,54.432978
1973-06-28,55.001776
1973-06-29,54.782576
1973-07-02,54.074724
1973-07-03,53.540201
1973-07-05,53.499648
1973-07-06,53.243579
1973-07-09,53.702440
1973-07-10,54.434758
1973-07-11,55.640426
1973-07-12,55.489408
1973-07-13,54.754550
1973-07-16,55.592436
1973-07-17,55.625499
1973-07-18,55.963736
1973-07-19,56.075741
1973-07-20,56.393007
1973-07-23,56.599779
1973-07-24,56.932917
1973-07-25,57.729390
1973-07-26,57.846725
1973-07-27,57.716572
1973-07-30,57.544274
1973-07-31,57.008517
1973-08-01,56.282498
1973-08-02,56.204411
1973-08-03,56.115780
1973-08-06,56.248464
1973-08-07,56.159814
1973-08-08,55.638952
1973-08-09,55.676792
1973-08-10,55.240162
1973-08-13,54.687492
1973-08-14,54.166396
1973-08-15,54.330825
1973-08-16,53.957290
1973-08-17,53.974056
1973-08-20,53.610989
1973-08-21,53.237324
1973-08-22,53.053580
1973-08-23,53.788083
1973-08-24,53.641242
1973-08-27,54.069750
1973-08-28,54.392726
1973-08-29,54.932212
1973-08-30,54.859229
1973-08-31,55.060854
1973-09-04,55.205752
1973-09-05,55.281997
1973-09-06,55.559011
1973-09-07,55.360522
1973-09-10,54.887209
1973-09-11,54.561820
1973-09-12,54.484824
1973-09-13,54.651009
1973-09-14,55.229637
1973-09-17,55.083864
1973-09-18,54.890469
1973-09-19,56.014167
1973-09-20,56.487307
1973-09-21,56.727700
1973-09-24,56.819959
1973-09-25,57.192732
1973-09-26,57.613190
1973-09-27,57.753129
1973-09-28,57.416575
1973-10-01,57.306423
1973-10-02,57.619928
1973-10-03,57.620976
1973-10-04,57.431335
1973-10-05,58.200534
1973-10-08,58.408215
1973-10-09,58.361573
1973-10-10,57.885684
1973-10-11,58.883116
1973-10-12,59.074986
1973-10-15,58.344491
1973-10-16,58.425065
1973-10-17,58.314768
1973-10-18,58.342333
1973-10-19,58.460057
1973-10-22,57.904195
1973-10-23,58.223515
1973-10-24,58.505734
1973-10-25,58.634123
1973-10-26,59.107430
1973-10-29,58.991733
1973-10-30,58.032145
1973-10-31,57.486474
1973-11-01,57.175004
1973-11-02,56.852875
1973-11-05,56.036886
1973-11-06,55.746543
1973-11-07,56.199734
1973-11-08,56.854827
1973-11-09,55.948122
1973-11-12,55.498234
1973-11-13,55.462772
1973-11-14,54.454740
1973-11-15,54.451163
1973-11-16,55.229025
1973-11-19,53.550712
1973-11-20,52.467719
1973-11-21,53.059757
1973-11-23,52.896614
1973-11-26,51.382308
1973-11-27,50.921188
1973-11-28,51.965829
1973-11-29,51.791952
1973-11-30,51.080494
1973-12-03,49.991433
1973-12-04,49.833887
1973-12-05,49.079958
1973-12-06,50.291021
1973-12-07,51.411724
1973-12-10,52.186324
1973-12-11,51.176209
1973-12-12,49.867540
1973-12-13,49.240842
1973-12-14,49.733403
1973-12-17,49.453033
1973-12-18,50.521582
1973-12-19,50.571755
1973-12-20,50.435265
1973-12-21,49.904017
1973-12-24,49.570088
1973-12-26,51.092984
1973-12-27,52.167827
1973-12-28,52.068598
1973-12-31,52.081455
1974-01-02,52.157736
1974-01-03,53.296620
1974-01-04,52.822867
1974-01-07,52.386438
1974-01-08,51.351680
1974-01-09,49.916095
1974-01-10,49.372628
1974-01-11,50.058193
1974-01-14,49.936801
1974-01-15,50.376666
1974-01-16,51.153393
1974-01-17,52.031819
1974-01-18,51.108227
1974-01-21,51.029544
1974-01-22,51.651570
1974-01-23,51.936644
1974-01-24,51.809773
1974-01-25,51.714992
1974-01-28,51.432884
1974-01-29,51.396960
1974-01-30,51.965947
1974-01-31,51.710498
1974-02-01,51.049190
1974-02-04,49.970046
1974-02-05,49.822744
1974-02-06,49.970070
1974-02-07,49.999540
1974-02-08,49.487755
1974-02-11,48.600696
1974-02-12,48.758838
1974-02-13,48.788327
1974-02-14,48.780280
1974-02-15,49.496296
1974-02-19,49.423881
1974-02-20,50.140130
1974-02-21,50.829663
1974-02-22,51.202661
1974-02-25,51.017474
1974-02-26,51.546278
1974-02-27,51.769109
1974-02-28,51.680500
1974-03-01,51.317227
1974-03-04,51.324560
1974-03-05,52.293592
1974-03-06,52.655571
1974-03-07,52.103999
1974-03-08,52.562823
1974-03-11,53.161479
1974-03-12,53.313982
1974-03-13,53.638569
1974-03-14,53.597512
1974-03-15,53.405845
1974-03-18,52.751535
1974-03-19,52.317714
1974-03-20,52.508005
1974-03-21,52.391573
1974-03-22,52.361245
1974-03-25,52.567768
1974-03-26,52.742015
1974-03-27,52.017062
1974-03-28,51.071209
1974-03-29,50.626129
1974-04-01,50.240279
1974-04-02,50.301553
1974-04-03,50.837025
1974-04-04,50.844425
1974-04-05,50.140338
1974-04-08,49.619434
1974-04-09,49.939554
1974-04-10,49.833717
1974-04-11,49.690111
1974-04-15,49.659759
1974-04-16,50.535740
1974-04-17,50.920843
1974-04-18,51.154902
1974-04-19,50.606399
1974-04-22,50.414083
1974-04-23,49.573882
1974-04-24,48.765957
1974-04-25,48.379138
1974-04-26,48.716032
1974-04-29,48.626211
1974-04-30,48.801118
1974-05-01,49.840356
1974-05-02,49.777219
1974-05-03,49.351925
1974-05-06,49.267149
1974-05-07,49.458107
1974-05-08,49.562572
1974-05-09,50.283610
1974-05-10,49.484776
1974-05-13,49.053703
1974-05-14,49.077066
1974-05-15,48.954320
1974-05-16,48.566359
1974-05-17,47.756114
1974-05-20,47.573765
1974-05-21,47.607978
1974-05-22,47.171038
1974-05-23,47.286508
1974-05-24,47.992464
1974-05-28,47.885829
1974-05-29,47.090990
1974-05-30,47.390793
1974-05-31,47.316631
1974-06-03,48.311204
1974-06-04,48.883013
1974-06-05,48.983112
1974-06-06,49.885964
1974-06-07,50.213937
1974-06-10,50.520255
1974-06-11,50.083200
1974-06-12,49.971713
1974-06-13,50.131617
1974-06-14,49.574920
1974-06-17,48.898671
1974-06-18,48.586173
1974-06-19,48.262763
1974-06-20,47.928436
1974-06-21,47.528851
1974-06-24,47.661768
1974-06-25,48.370843
1974-06-26,47.634017
1974-06-27,46.935128
1974-06-28,46.774482
1974-07-01,46.792631
1974-07-02,45.864273
1974-07-03,45.844343
1974-07-05,45.530574
1974-07-08,44.139167
1974-07-09,44.358736
1974-07-10,43.554837
1974-07-11,43.507668
1974-07-12,45.290330
1974-07-15,45.640762
1974-07-16,45.119619
1974-07-17,45.611827
1974-07-18,45.662710
1974-07-19,45.539191
1974-07-22,45.693660
1974-07-23,46.158925
1974-07-24,46.351614
1974-07-25,45.808078
1974-07-26,44.953537
1974-07-29,44.164325
1974-07-30,43.931537
1974-07-31,43.289410
1974-08-01,42.991110
1974-08-02,42.911122
1974-08-05,43.300697
1974-08-06,43.979768
1974-08-07,45.150535
1974-08-08,44.567912
1974-08-09,44.187353
1974-08-12,43.588143
1974-08-13,42.906847
1974-08-14,41.952111
1974-08-15,41.724381
1974-08-16,41.387239
1974-08-19,40.792977
1974-08-20,41.008229
1974-08-21,40.227727
1974-08-22,39.846565
1974-08-23,39.169767
1974-08-26,39.511092
1974-08-27,38.850466
1974-08-28,38.759273
1974-08-29,38.344885
1974-08-30,39.535657
1974-09-03,38.650669
1974-09-04,37.655882
1974-09-05,38.859159
1974-09-06,39.168932
1974-09-09,38.244805
1974-09-10,37.989705
1974-09-11,37.619335
1974-09-12,36.617774
1974-09-13,35.797130
1974-09-16,36.387323
1974-09-17,37.010594
1974-09-18,37.205568
1974-09-19,38.515869
1974-09-20,38.551566
1974-09-23,38.164048
1974-09-24,37.402613
1974-09-25,37.163395
1974-09-26,36.561124
1974-09-27,35.733169
1974-09-30,34.971050
1974-10-01,34.895658
1974-10-02,34.897321
1974-10-03,34.298823
1974-10-04,34.339037
1974-10-07,35.783885
1974-10-08,35.730454
1974-10-09,37.379776
1974-10-10,38.472741
1974-10-11,39.224124
1974-10-14,40.113486
1974-10-15,39.403765
1974-10-16,38.798709
1974-10-17,39.269290
1974-10-18,39.888936
1974-10-21,40.569399
1974-10-22,40.372356
1974-10-23,39.220213
1974-10-24,38.780150
1974-10-25,38.732114
1974-10-28,38.722731
1974-10-29,40.243699
1974-10-30,41.068695
1974-10-31,40.849299
1974-11-01,40.846525
1974-11-04,40.412512
1974-11-05,41.543368
1974-11-06,41.352540
1974-11-07,41.615308
1974-11-08,41.457606
1974-11-11,41.598722
1974-11-12,40.787773
1974-11-13,40.618901
1974-11-14,40.466606
1974-11-15,39.837946
1974-11-18,38.383691
1974-11-19,37.799090
1974-11-20,37.641127
1974-11-21,37.804655
1974-11-22,38.212193
1974-11-25,38.181683
1974-11-26,38.545019
1974-11-27,38.814111
1974-11-29,38.839076
1974-12-02,37.814554
1974-12-03,37.300597
1974-12-04,37.441809
1974-12-05,36.738785
1974-12-06,36.124504
1974-12-09,36.460289
1974-12-10,37.401968
1974-12-11,37.626716
1974-12-12,37.512332
1974-12-13,37.308941
1974-12-16,36.977564
1974-12-17,37.608668
1974-12-18,37.794700
1974-12-19,37.663496
1974-12-20,37.259463
1974-12-23,36.738399
1974-12-24,37.258776
1974-12-26,37.578713
1974-12-27,37.419507
1974-12-30,37.438618
1974-12-31,38.227014
1975-01-02,39.165812
1975-01-03,39.441149
1975-01-06,39.649609
1975-01-07,39.629369
1975-01-08,39.090187
1975-01-09,39.728512
1975-01-10,40.540012
1975-01-13,40.380176
1975-01-14,40.036030
1975-01-15,40.300622
1975-01-16,40.258014
1975-01-17,39.656642
1975-01-20,39.731376
1975-01-21,39.526638
1975-01-22,40.115750
1975-01-23,40.307956
1975-01-24,40.824587
1975-01-27,42.169216
1975-01-28,42.546160
1975-01-29,43.242147
1975-01-30,42.662146
1975-01-31,43.100875
1975-02-03,43.580142
1975-02-04,43.471496
1975-02-05,44.231024
1975-02-06,44.021491
1975-02-07,44.069678
1975-02-10,43.927318
1975-02-11,44.059613
1975-02-12,44.819913
1975-02-13,45.440168
1975-02-14,45.723989
1975-02-18,45.413175
1975-02-19,45.708333
1975-02-20,46.149472
1975-02-21,46.388610
1975-02-24,45.735056
1975-02-25,44.671419
1975-02-26,45.152227
1975-02-27,45.385931
1975-02-28,45.855689
1975-03-03,46.673602
1975-03-04,46.980126
1975-03-05,47.179884
1975-03-06,47.070394
1975-03-07,47.422081
1975-03-10,47.796331
1975-03-11,47.472979
1975-03-12,47.048270
1975-03-13,47.141304
1975-03-14,47.724122
1975-03-17,48.436545
1975-03-18,47.949582
1975-03-19,47.513226
1975-03-20,47.110595
1975-03-21,46.995250
1975-03-24,45.893654
1975-03-25,46.263019
1975-03-26,47.134208
1975-03-27,47.289439
1975-03-31,47.021716
1975-04-01,46.623448
1975-04-02,46.512843
1975-04-03,46.001588
1975-04-04,45.653907
1975-04-07,45.362617
1975-04-08,45.731814
1975-04-09,46.784312
1975-04-10,47.317414
1975-04-11,47.556885
1975-04-14,48.366985
1975-04-15,48.770395
1975-04-16,48.947815
1975-04-17,49.323093
1975-04-18,48.793940
1975-04-21,49.327650
1975-04-22,49.256367
1975-04-23,48.715649
1975-04-24,48.678286
1975-04-25,49.014324
1975-04-28,48.801535
1975-04-29,48.475521
1975-04-30,49.423044
1975-05-01,49.884249
1975-05-02,50.526727
1975-05-05,51.022066
1975-05-06,50.214746
1975-05-07,50.472318
1975-05-08,50.752593
1975-05-09,51.310594
1975-05-12,51.364252
1975-05-13,51.922434
1975-05-14,52.321952
1975-05-15,51.842609
1975-05-16,51.295126
1975-05-19,51.360170
1975-05-20,51.107522
1975-05-21,50.542750
1975-05-22,50.738356
1975-05-23,51.422135
1975-05-27,51.294212
1975-05-28,50.944835
1975-05-29,50.936129
1975-05-30,51.779387
1975-06-02,52.600088
1975-06-03,52.784580
1975-06-04,52.628153
1975-06-05,52.687673
1975-06-06,52.576672
1975-06-09,51.863020
1975-06-10,51.433563
1975-06-11,51.504493
1975-06-12,51.245532
1975-06-13,51.504216
1975-06-16,52.047437
1975-06-17,51.555032
1975-06-18,51.455268
1975-06-19,52.391539
1975-06-20,52.735839
1975-06-23,53.319358
1975-06-24,53.652375
1975-06-25,53.905697
1975-06-26,54.022326
1975-06-27,54.030714
1975-06-30,54.255663
1975-07-01,54.069880
1975-07-02,53.695954
1975-07-03,53.806592
1975-07-07,53.347020
1975-07-08,53.269486
1975-07-09,54.081766
1975-07-10,54.095485
1975-07-11,54.017921
1975-07-14,54.328385
1975-07-15,54.576114
1975-07-16,54.013316
1975-07-17,53.461850
1975-07-18,53.224348
1975-07-21,52.798358
1975-07-22,52.240930
1975-07-23,51.523470
1975-07-24,51.468652
1975-07-25,51.030968
1975-07-28,50.696088
1975-07-29,50.418316
1975-07-30,50.792239
1975-07-31,50.754530
1975-08-01,50.328318
1975-08-04,49.856279
1975-08-05,49.338394
1975-08-06,49.358259
1975-08-07,49.395300
1975-08-08,49.243460
1975-08-11,49.555298
1975-08-12,49.890088
1975-08-13,49.239959
1975-08-14,49.036470
1975-08-15,49.480275
1975-08-18,49.397036
1975-08-19,48.689158
1975-08-20,47.706048
1975-08-21,47.628498
1975-08-22,48.330697
1975-08-25,48.786433
1975-08-26,48.163969
1975-08-27,48.442033
1975-08-28,49.580775
1975-08-29,49.864670
1975-09-02,49.069595
1975-09-03,49.393770
1975-09-04,49.499826
1975-09-05,49.175222
1975-09-08,49.338748
1975-09-09,48.606176
1975-09-10,48.149257
1975-09-11,47.962337
1975-09-12,47.884590
1975-09-15,47.651615
1975-09-16,47.205871
1975-09-17,47.375355
1975-09-18,48.355828
1975-09-19,49.411258
1975-09-22,48.953695
1975-09-23,48.887360
1975-09-24,49.356272
1975-09-25,49.307182
1975-09-26,49.632323
1975-09-29,48.972815
1975-09-30,48.313197
1975-10-01,47.779433
1975-10-02,48.299922
1975-10-03,49.535023
1975-10-06,50.078731
1975-10-07,50.023052
1975-10-08,50.705291
1975-10-09,50.960955
1975-10-10,50.876415
1975-10-13,51.605103
1975-10-14,51.509003
1975-10-15,51.487893
1975-10-16,51.576411
1975-10-17,51.289820
1975-10-20,51.851667
1975-10-21,52.286595
1975-10-22,52.380942
1975-10-23,52.694734
1975-10-24,51.888147
1975-10-27,51.838129
1975-10-28,52.296488
1975-10-29,51.657099
1975-10-30,51.618614
1975-10-31,51.470312
1975-11-03,50.930509
1975-11-04,51.182699
1975-11-05,51.562150
1975-11-06,51.802862
1975-11-07,51.684958
1975-11-10,51.700105
1975-11-11,52.016179
1975-11-12,52.789554
1975-11-13,52.712088
1975-11-14,52.680928
1975-11-17,52.974060
1975-11-18,52.717000
1975-11-19,52.135484
1975-11-20,51.947859
1975-11-21,51.893491
1975-11-24,52.001406
1975-11-25,52.596313
1975-11-26,52.739059
1975-11-28,52.922422
1975-12-01,52.599888
1975-12-02,51.830609
1975-12-03,50.834923
1975-12-04,50.982285
1975-12-05,50.398370
1975-12-08,50.551585
1975-12-09,50.693214
1975-12-10,51.154237
1975-12-11,50.999718
1975-12-12,51.025240
1975-12-15,51.184383
1975-12-16,51.680564
1975-12-17,51.816515
1975-12-18,51.987361
1975-12-19,51.629234
1975-12-22,51.253606
1975-12-23,51.604800
1975-12-24,52.037468
1975-12-26,52.505108
1975-12-29,52.443403
1975-12-30,52.242042
1975-12-31,52.494578
1976-01-02,52.916337
1976-01-05,53.902837
1976-01-06,54.464464
1976-01-07,54.717549
1976-01-08,55.092984
1976-01-09,55.317021
1976-01-12,56.129515
1976-01-13,55.695194
1976-01-14,56.612829
1976-01-15,56.318265
1976-01-16,56.554134
1976-01-19,57.332258
1976-01-20,57.655666
1976-01-21,57.302601
1976-01-22,57.194470
1976-01-23,57.885550
1976-01-26,58.168307
1976-01-27,57.820870
1976-01-28,57.514237
1976-01-29,58.445052
1976-01-30,58.891441
1976-02-02,58.906723
1976-02-03,59.097200
1976-02-04,59.533025
1976-02-05,58.654526
1976-02-06,58.120605
1976-02-09,58.223554
1976-02-10,58.729792
1976-02-11,58.914606
1976-02-12,58.620046
1976-02-13,58.290352
1976-02-17,57.937214
1976-02-18,58.414613
1976-02-19,59.336713
1976-02-20,59.749901
1976-02-23,59.472613
1976-02-24,59.727903
1976-02-25,59.538336
1976-02-26,58.622730
1976-02-27,58.397965
1976-03-01,58.587354
1976-03-02,58.923212
1976-03-03,58.579544
1976-03-04,57.966307
1976-03-05,58.085482
1976-03-08,58.726275
1976-03-09,58.962709
1976-03-10,59.181589
1976-03-11,59.746415
1976-03-12,59.150282
1976-03-15,58.536478
1976-03-16,59.201239
1976-03-17,59.173886
1976-03-18,58.941184
1976-03-19,59.025312
1976-03-22,59.109446
1976-03-23,60.015291
1976-03-24,60.715804
1976-03-25,60.389018
1976-03-26,60.396868
1976-03-29,60.146340
1976-03-30,59.919267
1976-03-31,60.373531
1976-04-01,60.070833
1976-04-02,60.085367
1976-04-05,60.834444
1976-04-06,60.754946
1976-04-07,60.087637
1976-04-08,59.549567
1976-04-09,59.011419
1976-04-12,58.931875
1976-04-13,59.440466
1976-04-14,59.013842
1976-04-15,59.234305
1976-04-19,59.696046
1976-04-20,60.546253
1976-04-21,60.819781
1976-04-22,60.628315
1976-04-23,60.230759
1976-04-26,60.321871
1976-04-27,59.994871
1976-04-28,60.162576
1976-04-29,60.171257
1976-04-30,59.891249
1976-05-03,59.476164
1976-05-04,59.803583
1976-05-05,59.470890
1976-05-06,59.645138
1976-05-07,60.078835
1976-05-10,60.807453
1976-05-11,60.728166
1976-05-12,60.631172
1976-05-13,60.280480
1976-05-14,59.805814
1976-05-17,59.667465
1976-05-18,59.776999
1976-05-19,59.738962
1976-05-20,60.232301
1976-05-21,59.804517
1976-05-24,58.738814
1976-05-25,58.777543
1976-05-26,58.698122
1976-05-27,58.730958
1976-05-28,59.212940
1976-06-01,59.026305
1976-06-02,59.253452
1976-06-03,59.208659
1976-06-04,58.637592
1976-06-07,58.338483
1976-06-08,58.447463
1976-06-09,58.420391
1976-06-10,58.913978
1976-06-11,59.727177
1976-06-14,60.345187
1976-06-15,60.063583
1976-06-16,60.397612
1976-06-17,61.353365
1976-06-18,61.450623
1976-06-21,61.767020
1976-06-22,61.295679
1976-06-23,61.173787
1976-06-24,61.502166
1976-06-25,61.469127
1976-06-28,61.305700
1976-06-29,61.569014
1976-06-30,61.826435
1976-07-01,61.426258
1976-07-02,61.743525
1976-07-06,61.414400
1976-07-07,61.595334
1976-07-08,61.693242
1976-07-09,62.295484
1976-07-12,62.850338
1976-07-13,62.722760
1976-07-14,62.897886
1976-07-15,62.461573
1976-07-16,62.161759
1976-07-19,61.939098
1976-07-20,61.609500
1976-07-21,61.677833
1976-07-22,61.752117
1976-07-23,61.838294
1976-07-26,61.853175
1976-07-27,61.511454
1976-07-28,61.264790
1976-07-29,61.202388
1976-07-30,61.514579
1976-08-02,61.374512
1976-08-03,61.948149
1976-08-04,62.129265
1976-08-05,61.792809
1976-08-06,61.765719
1976-08-09,61.595797
1976-08-10,62.151984
1976-08-11,61.952250
1976-08-12,62.056123
1976-08-13,62.082601
1976-08-16,62.198411
1976-08-17,62.427402
1976-08-18,62.293055
1976-08-19,61.604633
1976-08-20,61.005493
1976-08-23,60.769781
1976-08-24,60.367153
1976-08-25,60.828817
1976-08-26,60.414152
1976-08-27,60.518185
1976-08-30,60.878662
1976-08-31,61.388305
1976-09-01,62.083417
1976-09-02,62.009007
1976-09-03,62.244872
1976-09-07,62.689642
1976-09-08,62.645044
1976-09-09,62.331805
1976-09-10,62.490188
1976-09-13,62.284342
1976-09-14,62.084440
1976-09-15,62.278730
1976-09-16,62.939018
1976-09-17,63.503807
1976-09-20,63.542817
1976-09-21,64.454410
1976-09-22,64.242377
1976-09-23,63.928684
1976-09-24,63.866072
1976-09-27,64.156263
1976-09-28,63.357990
1976-09-29,63.038139
1976-09-30,62.969503
1976-10-01,62.338577
1976-10-04,62.264098
1976-10-05,61.794587
1976-10-06,61.648250
1976-10-07,61.998815
1976-10-08,61.421305
1976-10-11,60.879642
1976-10-12,60.391803
1976-10-13,61.185893
1976-10-14,60.434274
1976-10-15,60.461564
1976-10-18,60.824493
1976-10-19,60.821818
1976-10-20,61.004999
1976-10-21,60.432690
1976-10-22,59.956248
1976-10-25,60.031549
1976-10-26,60.634768
1976-10-27,61.064087
1976-10-28,60.983401
1976-10-29,61.766951
1976-11-01,61.896964
1976-11-03,61.198505
1976-11-04,61.502698
1976-11-05,60.557783
1976-11-08,59.834955
1976-11-09,59.676716
1976-11-10,59.380252
1976-11-11,59.889019
1976-11-12,59.658572
1976-11-15,60.065314
1976-11-16,60.159468
1976-11-17,60.512221
1976-11-18,61.292063
1976-11-19,61.320093
1976-11-22,61.733182
1976-11-23,61.364071
1976-11-24,61.644893
1976-11-26,62.100319
1976-11-29,61.682864
1976-11-30,61.488129
1976-12-01,61.732239
1976-12-02,61.518622
1976-12-03,61.913409
1976-12-06,62.404653
1976-12-07,62.371716
1976-12-08,62.736547
1976-12-09,63.004987
1976-12-10,63.128776
1976-12-13,63.095819
1976-12-14,63.370408
1976-12-15,63.421879
1976-12-16,63.226043
1976-12-17,62.909514
1976-12-20,62.550702
1976-12-21,62.903944
1976-12-22,63.208950
1976-12-23,63.296685
1976-12-27,64.042517
1976-12-28,64.480501
1976-12-29,64.230080
1976-12-30,64.565511
1976-12-31,64.925153
1977-01-03,64.657053
1977-01-04,63.881322
1977-01-05,63.323047
1977-01-06,63.490029
1977-01-07,63.493815
1977-01-10,63.618524
1977-01-11,62.975241
1977-01-12,62.549593
1977-01-13,63.043367
1977-01-14,62.938251
1977-01-17,62.778656
1977-01-18,62.540356
1977-01-19,62.871008
1977-01-20,62.348098
1977-01-21,62.569864
1977-01-24,62.537318
1977-01-25,62.474480
1977-01-26,62.005758
1977-01-27,61.682377
1977-01-28,61.777064
1977-01-31,61.847523
1977-02-01,62.167687
1977-02-02,62.069574
1977-02-03,61.771336
1977-02-04,61.800552
1977-02-07,61.817642
1977-02-08,61.652722
1977-02-09,61.135820
1977-02-10,61.201471
1977-02-11,60.848281
1977-02-14,61.175029
1977-02-15,61.368243
1977-02-16,61.658668
1977-02-17,61.317371
1977-02-18,61.067151
1977-02-22,61.078194
1977-02-23,60.906901
1977-02-24,60.559277
1977-02-25,60.497366
1977-02-28,60.715182
1977-03-01,61.235345
1977-03-02,61.080326
1977-03-03,61.387693
1977-03-04,61.591658
1977-03-07,61.631330
1977-03-08,61.409264
1977-03-09,60.949731
1977-03-10,61.306041
1977-03-11,61.303108
1977-03-14,61.781338
1977-03-15,62.131721
1977-03-16,62.256725
1977-03-17,62.211137
1977-03-18,62.086312
1977-03-21,61.760324
1977-03-22,61.580599
1977-03-23,61.102086
1977-03-24,60.806443
1977-03-25,60.425370
1977-03-28,60.398033
1977-03-29,60.828252
1977-03-30,60.135814
1977-03-31,60.071845
1977-04-01,60.564831
1977-04-04,59.977374
1977-04-05,59.853850
1977-04-06,59.803587
1977-04-07,60.083145
1977-04-11,60.417737
1977-04-12,61.204548
1977-04-13,61.221474
1977-04-14,61.745726
1977-04-15,61.780998
1977-04-18,61.486091
1977-04-19,61.209479
1977-04-20,61.422154
1977-04-21,61.035324
1977-04-22,60.244586
1977-04-25,59.465943
1977-04-26,59.452290
1977-04-27,59.983505
1977-04-28,60.141297
1977-04-29,60.299122
1977-05-02,60.609729
1977-05-03,60.926517
1977-05-04,61.261742
1977-05-05,61.364138
1977-05-06,60.994564
1977-05-09,60.814983
1977-05-10,61.003276
1977-05-11,60.590582
1977-05-12,60.570390
1977-05-13,60.764912
1977-05-16,61.045376
1977-05-17,61.239965
1977-05-18,61.575771
1977-05-19,61.328407
1977-05-20,61.074863
1977-05-23,60.286989
1977-05-24,60.002644
1977-05-25,59.460227
1977-05-26,59.618191
1977-05-27,59.173910
1977-05-31,59.092210
1977-06-01,59.600330
1977-06-02,59.493656
1977-06-03,60.088051
1977-06-06,59.815269
1977-06-07,60.133026
1977-06-08,60.432374
1977-06-09,60.405615
1977-06-10,60.612741
1977-06-13,60.795277
1977-06-14,61.495044
1977-06-15,61.351261
1977-06-16,61.509251
1977-06-17,61.593348
1977-06-20,61.880775
1977-06-21,62.088142
1977-06-22,61.925751
1977-06-23,62.034562
1977-06-24,62.396161
1977-06-27,62.276855
1977-06-28,61.768989
1977-06-29,61.760672
1977-06-30,61.999126
1977-07-01,61.776577
1977-07-05,61.782332
1977-07-06,61.479459
1977-07-07,61.707476
1977-07-08,61.632961
1977-07-11,61.496669
1977-07-12,61.446830
1977-07-13,61.545273
1977-07-15,61.921831
1977-07-18,62.409717
1977-07-19,62.940976
1977-07-20,62.915828
1977-07-21,62.841193
1977-07-22,62.902636
1977-07-25,62.407265
1977-07-26,62.060312
1977-07-27,61.063417
1977-07-28,61.168241
1977-07-29,61.217357
1977-08-01,61.394562
1977-08-02,61.020529
1977-08-03,60.949991
1977-08-04,61.189237
1977-08-05,61.211633
1977-08-08,60.744384
1977-08-09,60.791583
1977-08-10,61.340990
1977-08-11,60.879717
1977-08-12,60.716062
1977-08-15,60.912166
1977-08-16,60.642993
1977-08-17,60.659206
1977-08-18,60.631985
1977-08-19,60.536479
1977-08-22,60.720326
1977-08-23,60.624788
1977-08-24,60.392608
1977-08-25,59.731807
1977-08-26,59.685917
1977-08-29,60.230295
1977-08-30,59.904743
1977-08-31,60.157175
1977-09-01,60.205578
1977-09-02,60.602172
1977-09-06,60.774968
1977-09-07,60.972674
1977-09-08,60.529644
1977-09-09,59.974536
1977-09-12,59.774053
1977-09-13,59.822513
1977-09-14,60.120016
1977-09-15,60.286806
1977-09-16,60.098632
1977-09-19,59.717318
1977-09-20,59.753365
1977-09-21,59.272207
1977-09-22,59.277103
1977-09-23,59.257069
1977-09-26,59.480189
1977-09-27,59.404019
1977-09-28,59.458818
1977-09-29,59.806836
1977-09-30,60.242273
1977-10-03,60.384614
1977-10-04,59.952723
1977-10-05,59.745503
1977-10-06,59.987835
1977-10-07,59.949163
1977-10-10,59.823031
1977-10-11,59.322006
1977-10-12,58.777143
1977-10-13,58.425930
1977-10-14,58.499747
1977-10-17,58.454782
1977-10-18,58.459835
1977-10-19,57.795597
1977-10-20,57.988343
1977-10-21,57.780646
1977-10-24,57.360109
1977-10-25,56.977051
1977-10-26,57.677106
1977-10-27,57.838727
1977-10-28,58.019174
1977-10-31,57.861348
1977-11-01,57.252475
1977-11-02,56.862837
1977-11-03,56.905658
1977-11-04,57.431268
1977-11-07,57.888000
1977-11-08,58.006112
1977-11-09,58.343830
1977-11-10,59.440868
1977-11-11,60.249424
1977-11-14,59.846613
1977-11-15,60.241095
1977-11-16,59.951164
1977-11-17,59.780521
1977-11-18,59.898816
1977-11-21,59.860051
1977-11-22,60.399453
1977-11-23,60.662390
1977-11-25,60.799641
1977-11-28,60.402425
1977-11-29,59.476834
1977-11-30,59.664484
1977-12-01,59.588060
1977-12-02,59.587133
1977-12-05,59.347029
1977-12-06,58.452156
1977-12-07,58.432340
1977-12-08,58.557374
1977-12-09,59.003694
1977-12-12,59.002766
1977-12-13,58.970333
1977-12-14,59.278252
1977-12-15,58.987337
1977-12-16,58.904440
1977-12-19,58.468353
1977-12-20,58.360190
1977-12-21,58.718891
1977-12-22,59.203870
1977-12-23,59.777309
1977-12-27,59.789008
1977-12-28,59.838593
1977-12-29,59.970291
1977-12-30,60.083060
1978-01-03,59.286189
1978-01-04,59.108432
1978-01-05,58.627263
1978-01-06,57.931061
1978-01-09,57.323234
1978-01-10,57.037821
1978-01-11,56.777652
1978-01-12,56.840102
1978-01-13,56.769673
1978-01-16,56.616942
1978-01-17,56.913670
1978-01-18,57.356103
1978-01-19,57.070274
1978-01-20,56.955428
1978-01-23,56.555430
1978-01-24,56.573622
1978-01-25,56.674220
1978-01-26,56.172531
1978-01-27,56.184392
1978-01-30,56.678304
1978-01-31,56.633075
1978-02-01,57.077804
1978-02-02,57.217981
1978-02-03,56.907461
1978-02-06,56.844509
1978-02-07,57.384922
1978-02-08,57.715816
1978-02-09,57.392297
1978-02-10,57.265730
1978-02-13,57.139133
1978-02-14,56.630987
1978-02-15,56.510693
1978-02-16,56.046840
1978-02-17,55.983756
1978-02-21,55.761539
1978-02-22,55.755723
1978-02-23,55.819950
1978-02-24,56.374622
1978-02-27,55.897369
1978-02-28,55.477350
1978-03-01,55.584546
1978-03-02,55.679012
1978-03-03,55.773497
1978-03-06,55.434319
1978-03-07,55.739355
1978-03-08,56.057213
1978-03-09,56.100727
1978-03-10,56.744255
1978-03-13,56.800553
1978-03-14,57.067591
1978-03-15,56.932306
1978-03-16,57.193063
1978-03-17,57.645558
1978-03-20,58.053413
1978-03-21,57.406645
1978-03-22,57.213680
1978-03-23,57.154964
1978-03-27,56.853189
1978-03-28,57.267852
1978-03-29,57.369066
1978-03-30,57.233506
1978-03-31,57.117117
1978-04-03,56.649829
1978-04-04,56.918896
1978-04-05,57.431430
1978-04-06,57.540446
1978-04-07,57.796876
1978-04-10,58.014906
1978-04-11,57.873959
1978-04-12,57.797105
1978-04-13,58.368057
1978-04-14,59.625586
1978-04-17,60.620298
1978-04-18,59.978574
1978-04-19,60.267556
1978-04-20,60.717125
1978-04-21,60.601617
1978-04-24,61.533158
1978-04-25,62.105092
1978-04-26,62.233719
1978-04-27,61.629607
1978-04-28,62.266190
1978-05-01,62.818217
1978-05-02,62.559960
1978-05-03,61.934979
1978-05-04,61.734529
1978-05-05,62.132529
1978-05-08,61.925569
1978-05-09,61.750755
1978-05-10,61.775517
1978-05-11,62.611766
1978-05-12,63.184072
1978-05-15,63.640517
1978-05-16,64.032603
1978-05-17,64.205629
1978-05-18,63.585790
1978-05-19,63.275314
1978-05-22,63.912744
1978-05-23,63.253858
1978-05-24,62.640001
1978-05-25,62.471245
1978-05-26,62.341178
1978-05-30,62.533829
1978-05-31,62.791077
1978-06-01,62.874117
1978-06-02,63.396356
1978-06-05,64.577591
1978-06-06,64.828666
1978-06-07,64.711442
1978-06-08,64.781632
1978-06-09,64.612647
1978-06-12,64.378974
1978-06-13,64.403934
1978-06-14,64.357752
1978-06-15,63.632266
1978-06-16,63.049003
1978-06-19,63.106343
1978-06-20,62.484020
1978-06-21,62.172343
1978-06-22,62.333323
1978-06-23,62.092772
1978-06-26,61.295055
1978-06-27,61.553326
1978-06-28,61.837566
1978-06-29,61.959813
1978-06-30,61.945937
1978-07-03,61.673985
1978-07-05,61.155513
1978-07-06,61.201322
1978-07-07,61.584551
1978-07-10,61.844550
1978-07-11,62.286372
1978-07-12,62.501032
1978-07-13,62.520914
1978-07-14,63.398228
1978-07-17,63.541559
1978-07-18,62.963599
1978-07-19,63.789471
1978-07-20,63.744358
1978-07-21,63.575690
1978-07-24,63.569584
1978-07-25,64.051373
1978-07-26,64.481209
1978-07-27,64.793990
1978-07-28,65.106835
1978-07-31,65.562981
1978-08-01,65.561717
1978-08-02,67.045453
1978-08-03,67.441563
1978-08-04,67.720458
1978-08-07,67.491114
1978-08-08,67.802697
1978-08-09,68.133890
1978-08-10,67.597985
1978-08-11,67.805390
1978-08-14,67.823690
1978-08-15,67.757186
1978-08-16,68.290931
1978-08-17,68.583316
1978-08-18,68.366665
1978-08-21,67.830105
1978-08-22,68.116112
1978-08-23,68.519716
1978-08-24,68.642539
1978-08-25,68.536750
1978-08-28,67.934393
1978-08-29,67.573716
1978-08-30,67.657411
1978-08-31,67.531939
1978-09-01,67.800599
1978-09-05,68.343968
1978-09-06,68.939773
1978-09-07,68.979625
1978-09-08,69.889748
1978-09-11,70.027786
1978-09-12,70.048020
1978-09-13,69.636148
1978-09-14,68.837840
1978-09-15,68.209667
1978-09-18,67.627221
1978-09-19,67.195363
1978-09-20,66.684776
1978-09-21,66.809922
1978-09-22,66.784294
1978-09-25,66.811129
1978-09-26,67.323343
1978-09-27,66.707262
1978-09-28,66.917839
1978-09-29,67.312230
1978-10-02,67.600461
1978-10-03,67.376622
1978-10-04,67.691228
1978-10-05,67.841689
1978-10-06,68.018456
1978-10-09,68.734042
1978-10-10,68.661149
1978-10-11,69.284974
1978-10-12,68.962234
1978-10-13,68.830125
1978-10-16,67.494478
1978-10-17,66.619029
1978-10-18,66.124995
1978-10-19,65.374242
1978-10-20,64.478545
1978-10-23,64.642511
1978-10-24,64.200769
1978-10-25,64.094796
1978-10-26,63.264270
1978-10-27,62.328169
1978-10-30,62.650439
1978-10-31,61.404206
1978-11-01,63.856452
1978-11-02,63.052102
1978-11-03,63.441225
1978-11-06,62.801440
1978-11-07,61.930605
1978-11-08,62.339770
1978-11-09,62.333205
1978-11-10,62.577502
1978-11-13,61.507836
1978-11-14,61.098392
1978-11-15,61.256970
1978-11-16,61.930957
1978-11-17,62.413433
1978-11-20,62.975336
1978-11-21,62.829917
1978-11-22,63.153989
1978-11-24,63.372297
1978-11-27,63.517876
1978-11-28,62.975309
1978-11-29,62.061985
1978-11-30,62.704153
1978-12-01,63.764315
1978-12-04,63.692211
1978-12-05,64.560734
1978-12-06,64.607856
1978-12-07,64.350146
1978-12-08,64.065861
1978-12-11,64.398110
1978-12-12,64.067280
1978-12-13,63.729748
1978-12-14,63.730497
1978-12-15,63.273372
1978-12-18,62.032944
1978-12-19,62.578070
1978-12-20,62.884272
1978-12-21,62.918227
1978-12-22,63.995180
1978-12-26,64.813226
1978-12-27,64.255702
1978-12-28,64.017133
1978-12-29,63.918146
1979-01-02,64.343361
1979-01-03,65.067993
1979-01-04,65.599826
1979-01-05,65.978708
1979-01-08,65.771962
1979-01-09,66.137681
1979-01-10,65.777704
1979-01-11,66.010374
1979-01-12,66.576139
1979-01-15,67.095377
1979-01-16,66.288663
1979-01-17,66.314905
1979-01-18,66.487803
1979-01-19,66.520718
1979-01-22,66.633667
1979-01-23,67.113486
1979-01-24,66.832873
1979-01-25,67.533075
1979-01-26,67.993151
1979-01-29,67.799152
1979-01-30,67.478261
1979-01-31,66.743290
1979-02-01,66.778432
1979-02-02,66.486238
1979-02-05,65.559182
1979-02-06,65.547568
1979-02-07,64.967713
1979-02-08,65.310482
1979-02-09,65.472750
1979-02-12,65.708639
1979-02-13,66.212240
1979-02-14,66.187222
1979-02-15,66.108642
1979-02-16,66.083607
1979-02-20,66.601062
1979-02-21,66.381751
1979-02-22,65.901070
1979-02-23,65.547615
1979-02-26,65.489036
1979-02-27,64.471610
1979-02-28,64.587380
1979-03-01,65.016509
1979-03-02,65.076693
1979-03-05,65.821409
1979-03-06,65.707099
1979-03-07,66.103005
1979-03-08,66.881747
1979-03-09,66.868110
1979-03-12,66.968670
1979-03-13,67.096127
1979-03-14,67.022001
1979-03-15,67.136068
1979-03-16,67.707322
1979-03-19,67.969364
1979-03-20,67.605977
1979-03-21,68.123749
1979-03-22,68.419588
1979-03-23,68.385736
1979-03-26,68.022066
1979-03-27,69.004764
1979-03-28,68.775621
1979-03-29,68.728271
1979-03-30,68.445150
1979-04-02,67.995002
1979-04-03,69.020561
1979-04-04,69.203803
1979-04-05,69.629787
1979-04-06,69.590582
1979-04-09,69.396246
1979-04-10,69.728052
1979-04-11,69.047817
1979-04-12,68.853357
1979-04-16,68.274087
1979-04-17,68.369865
1979-04-18,68.695277
1979-04-19,68.426348
1979-04-20,68.407340
1979-04-23,68.651869
1979-04-24,69.092465
1979-04-25,69.310062
1979-04-26,68.993510
1979-04-27,68.866264
1979-04-30,68.853993
1979-05-01,68.813428
1979-05-02,68.854069
1979-05-03,68.928559
1979-05-04,68.183862
1979-05-07,67.066568
1979-05-08,67.181745
1979-05-09,67.391786
1979-05-10,66.768448
1979-05-11,66.782037
1979-05-14,66.483816
1979-05-15,66.551651
1979-05-16,66.755123
1979-05-17,67.799693
1979-05-18,67.806510
1979-05-21,67.962608
1979-05-22,68.227328
1979-05-23,67.820073
1979-05-24,67.860845
1979-05-25,68.071396
1979-05-29,67.969548
1979-05-30,67.344574
1979-05-31,67.337814
1979-06-01,67.413380
1979-06-04,67.529752
1979-06-05,68.428059
1979-06-06,68.904914
1979-06-07,69.252628
1979-06-08,69.062938
1979-06-11,69.363168
1979-06-12,70.017381
1979-06-13,69.664189
1979-06-14,69.603717
1979-06-15,69.543233
1979-06-18,69.196635
1979-06-19,69.224702
1979-06-20,69.273214
1979-06-21,69.601203
1979-06-22,69.990622
1979-06-25,69.630023
1979-06-26,69.351201
1979-06-27,69.781787
1979-06-28,70.157884
1979-06-29,70.247418
1979-07-02,69.634031
1979-07-03,69.716927
1979-07-05,69.963739
1979-07-06,70.791185
1979-07-09,71.386518
1979-07-10,71.216652
1979-07-11,70.848552
1979-07-12,70.213772
1979-07-13,69.975427
1979-07-16,70.277304
1979-07-17,69.669488
1979-07-18,69.588356
1979-07-19,69.548264
1979-07-20,69.706659
1979-07-23,69.563858
1979-07-24,69.838731
1979-07-25,70.613632
1979-07-26,70.642001
1979-07-27,70.656674
1979-07-30,70.705618
1979-07-31,71.172702
1979-08-01,71.433066
1979-08-02,71.398614
1979-08-03,71.371016
1979-08-06,71.562930
1979-08-07,72.502756
1979-08-08,72.742780
1979-08-09,72.420011
1979-08-10,73.058303
1979-08-13,73.772238
1979-08-14,73.854483
1979-08-15,74.369487
1979-08-16,74.273137
1979-08-17,74.431018
1979-08-20,74.808848
1979-08-21,74.877422
1979-08-22,74.946004
1979-08-23,74.712039
1979-08-24,74.704996
1979-08-27,75.090050
1979-08-28,75.021080
1979-08-29,75.034677
1979-08-30,75.048276
1979-08-31,75.268397
1979-09-04,73.990630
1979-09-05,73.291057
1979-09-06,73.617673
1979-09-07,74.192402
1979-09-10,74.560511
1979-09-11,74.122241
1979-09-12,74.352628
1979-09-13,74.389981
1979-09-14,75.034329
1979-09-17,75.106190
1979-09-18,74.543218
1979-09-19,74.753158
1979-09-20,76.309367
1979-09-21,76.298433
1979-09-24,75.721147
1979-09-25,75.786199
1979-09-26,75.996370
1979-09-27,76.185854
1979-09-28,75.587322
1979-10-01,75.075753
1979-10-02,75.801982
1979-10-03,75.815908
1979-10-04,76.231089
1979-10-05,77.006154
1979-10-08,76.058116
1979-10-09,73.822426
1979-10-10,72.915578
1979-10-11,72.756406
1979-10-12,72.382496
1979-10-15,71.613669
1979-10-16,71.509834
1979-10-17,71.662382
1979-10-18,71.828826
1979-10-19,70.449326
1979-10-22,69.846161
1979-10-23,69.561903
1979-10-24,69.686859
1979-10-25,69.395547
1979-10-26,69.805073
1979-10-29,69.916220
1979-10-30,71.290893
1979-10-31,70.714660
1979-11-01,71.250982
1979-11-02,71.224751
1979-11-05,70.760781
1979-11-06,70.345357
1979-11-07,69.436318
1979-11-08,69.750742
1979-11-09,70.607664
1979-11-12,72.014278
1979-11-13,71.633186
1979-11-14,71.961799
1979-11-15,72.492331
1979-11-16,72.271115
1979-11-19,72.592981
1979-11-20,72.232373
1979-11-21,72.387184
1979-11-23,72.946155
1979-11-26,74.446085
1979-11-27,74.168815
1979-11-28,74.456228
1979-11-29,74.499628
1979-11-30,74.061769
1979-12-03,73.847969
1979-12-04,74.534282
1979-12-05,74.871770
1979-12-06,75.411783
1979-12-07,75.093056
1979-12-10,75.214260
1979-12-11,75.104964
1979-12-12,75.142373
1979-12-13,75.263657
1979-12-14,76.153891
1979-12-17,76.457014
1979-12-18,75.753175
1979-12-19,75.699690
1979-12-20,75.758141
1979-12-21,75.305759
1979-12-24,75.371237
1979-12-26,75.471725
1979-12-27,75.614253
1979-12-28,75.546692
1979-12-31,75.633243
1980-01-02,74.120852
1980-01-03,73.757530
1980-01-04,74.683940
1980-01-07,74.902405
1980-01-08,76.418259
1980-01-09,76.503548
1980-01-10,77.107991
1980-01-11,77.144190
1980-01-14,77.482180
1980-01-15,78.030826
1980-01-16,77.982799
1980-01-17,77.752176
1980-01-18,78.027219
1980-01-21,78.765966
1980-01-22,78.366581
1980-01-23,79.738113
1980-01-24,79.936042
1980-01-25,79.887950
1980-01-28,80.775071
1980-01-29,80.241675
1980-01-30,81.051751
1980-01-31,80.335230
1980-02-01,81.027648
1980-02-04,80.516620
1980-02-05,80.737648
1980-02-06,81.500914
1980-02-07,81.912191
1980-02-08,83.105480
1980-02-11,82.537561
1980-02-12,83.104131
1980-02-13,83.501649
1980-02-14,82.305918
1980-02-15,81.399058
1980-02-19,80.844657
1980-02-20,82.180753
1980-02-21,81.357997
1980-02-22,81.205529
1980-02-25,80.015371
1980-02-26,80.491212
1980-02-27,79.378228
1980-02-28,79.373961
1980-02-29,80.316391
1980-03-03,79.512953
1980-03-04,79.727118
1980-03-05,78.576960
1980-03-06,76.839697
1980-03-07,75.618335
1980-03-10,75.358740
1980-03-11,76.273582
1980-03-12,75.645885
1980-03-13,74.777388
1980-03-14,74.659164
1980-03-17,72.430661
1980-03-18,73.750231
1980-03-19,73.915312
1980-03-20,73.088377
1980-03-21,72.530582
1980-03-24,70.398843
1980-03-25,70.351347
1980-03-26,70.005948
1980-03-27,69.695942
1980-03-28,71.457865
1980-03-31,72.474948
1980-04-01,72.555314
1980-04-02,72.926825
1980-04-03,72.566880
1980-04-07,71.190988
1980-04-08,71.925135
1980-04-09,73.299108
1980-04-10,74.005158
1980-04-11,73.815453
1980-04-14,73.156310
1980-04-15,73.023429
1980-04-16,72.264382
1980-04-17,71.932170
1980-04-18,71.592762
1980-04-21,71.075273
1980-04-22,73.676997
1980-04-23,73.907227
1980-04-24,74.401129
1980-04-25,74.959282
1980-04-28,75.317966
1980-04-29,75.491362
1980-04-30,75.814551
1980-05-01,75.239208
1980-05-02,75.341507
1980-05-05,75.929069
1980-05-06,75.852975
1980-05-07,76.533608
1980-05-08,75.800536
1980-05-09,74.810186
1980-05-12,74.869754
1980-05-13,75.972572
1980-05-14,76.382368
1980-05-15,76.499165
1980-05-16,76.773292
1980-05-19,77.018870
1980-05-20,76.999836
1980-05-21,77.088115
1980-05-22,78.028020
1980-05-23,79.197178
1980-05-27,79.772353
1980-05-28,80.261716
1980-05-29,78.996398
1980-05-30,79.708051
1980-06-02,79.381004
1980-06-03,79.218724
1980-06-04,80.740998
1980-06-05,80.879787
1980-06-06,81.197891
1980-06-09,81.580622
1980-06-10,82.279108
1980-06-11,83.271943
1980-06-12,82.929992
1980-06-13,83.155101
1980-06-16,83.373074
1980-06-17,83.346913
1980-06-18,83.529062
1980-06-19,82.396450
1980-06-20,81.982215
1980-06-23,82.322604
1980-06-24,82.792463
1980-06-25,83.945526
1980-06-26,83.581302
1980-06-27,83.461580
1980-06-30,82.212224
1980-07-01,82.725091
1980-07-02,83.281244
1980-07-03,84.579031
1980-07-07,85.193008
1980-07-08,84.885235
1980-07-09,85.002414
1980-07-10,84.276643
1980-07-11,84.934327
1980-07-14,86.514715
1980-07-15,86.019218
1980-07-16,86.273497
1980-07-17,87.595162
1980-07-18,88.044291
1980-07-21,88.399718
1980-07-22,88.185169
1980-07-23,88.013881
1980-07-24,87.929184
1980-07-25,87.216352
1980-07-28,87.702090
1980-07-29,88.419037
1980-07-30,88.312606
1980-07-31,87.924371
1980-08-01,87.609236
1980-08-04,87.460284
1980-08-05,87.304065
1980-08-06,87.907052
1980-08-07,89.189979
1980-08-08,89.431517
1980-08-11,90.295310
1980-08-12,89.596218
1980-08-13,89.244400
1980-08-14,90.687829
1980-08-15,91.045451
1980-08-18,89.375401
1980-08-19,88.820501
1980-08-20,89.685460
1980-08-21,90.927389
1980-08-22,91.350581
1980-08-25,90.744517
1980-08-26,90.529842
1980-08-27,89.589964
1980-08-28,88.562871
1980-08-29,88.797852
1980-09-02,89.802134
1980-09-03,91.546862
1980-09-04,91.056233
1980-09-05,90.681675
1980-09-08,89.559109
1980-09-09,90.128588
1980-09-10,90.683645
1980-09-11,91.318738
1980-09-12,91.249035
1980-09-15,91.361031
1980-09-16,92.156423
1980-09-17,93.722722
1980-09-18,93.398425
1980-09-19,94.034242
1980-09-22,94.888430
1980-09-23,94.200115
1980-09-24,94.901787
1980-09-25,93.718221
1980-09-26,92.010211
1980-09-29,89.981464
1980-09-30,91.397456
1980-10-01,92.630149
1980-10-02,93.345732
1980-10-03,94.265494
1980-10-06,96.030901
1980-10-07,95.514847
1980-10-08,96.004886
1980-10-09,95.576164
1980-10-10,95.045260
1980-10-13,96.330699
1980-10-14,96.339533
1980-10-15,97.581609
1980-10-16,96.517558
1980-10-17,96.022710
1980-10-20,96.834652
1980-10-21,96.288517
1980-10-22,96.363088
1980-10-23,94.633419
1980-10-24,94.883360
1980-10-27,93.459995
1980-10-28,93.600395
1980-10-29,93.514215
1980-10-30,92.345999
1980-10-31,93.225002
1980-11-03,94.393969
1980-11-05,96.089892
1980-11-06,94.340022
1980-11-07,94.558377
1980-11-10,94.798750
1980-11-11,96.122753
1980-11-12,98.582123
1980-11-13,99.994596
1980-11-14,100.498904
1980-11-17,100.959364
1980-11-18,102.409351
1980-11-19,101.960993
1980-11-20,102.964308
1980-11-21,102.039086
1980-11-24,101.473090
1980-11-25,102.242251
1980-11-26,102.879477
1980-11-28,103.157198
1980-12-01,100.744424
1980-12-02,100.585335
1980-12-03,100.411541
1980-12-04,100.259739
1980-12-05,98.477085
1980-12-08,95.981422
1980-12-09,95.903032
1980-12-10,94.288477
1980-12-11,93.644013
1980-12-12,95.036121
1980-12-15,95.215070
1980-12-16,96.078105
1980-12-17,97.779943
1980-12-18,97.878050
1980-12-19,98.410367
1980-12-22,99.958534
1980-12-23,99.622348
1980-12-24,100.066588
1980-12-26,100.591913
1980-12-29,99.474791
1980-12-30,99.712989
1980-12-31,100.047006
1981-01-02,100.492563
1981-01-05,101.712131
1981-01-06,101.840845
1981-01-07,99.617489
1981-01-08,98.145940
1981-01-09,98.473881
1981-01-12,98.521548
1981-01-13,98.369982
1981-01-14,98.520988
1981-01-15,99.092762
1981-01-16,99.516985
1981-01-19,99.239778
1981-01-20,97.249075
1981-01-21,97.053033
1981-01-22,96.258490
1981-01-23,96.254503
1981-01-26,95.984435
1981-01-27,96.948864
1981-01-28,96.390332
1981-01-29,96.334580
1981-01-30,95.842404
1981-02-02,93.909554
1981-02-03,95.076761
1981-02-04,95.193226
1981-02-05,95.983389
1981-02-06,96.721882
1981-02-09,95.757157
1981-02-10,95.755208
1981-02-11,95.034576
1981-02-12,94.491644
1981-02-13,94.141317
1981-02-17,94.776954
1981-02-18,95.294084
1981-02-19,93.927401
1981-02-20,93.925449
1981-02-23,94.517114
1981-02-24,94.567114
1981-02-25,95.426282
1981-02-26,96.619757
1981-02-27,97.508990
1981-03-02,98.076334
1981-03-03,97.016738
1981-03-04,97.257341
1981-03-05,96.583823
1981-03-06,96.542047
1981-03-09,97.503956
1981-03-10,97.030862
1981-03-11,96.669230
1981-03-12,99.097152
1981-03-13,99.055327
1981-03-16,100.241356
1981-03-17,99.693403
1981-03-18,99.934441
1981-03-19,99.386293
1981-03-20,99.865712
1981-03-23,101.082593
1981-03-24,100.340459
1981-03-25,102.176190
1981-03-26,101.567941
1981-03-27,100.378207
1981-03-30,100.120118
1981-03-31,101.420300
1981-04-01,101.864068
1981-04-02,101.696296
1981-04-03,101.095805
1981-04-06,99.950505
1981-04-07,99.954294
1981-04-08,100.271571
1981-04-09,100.559050
1981-04-10,100.458291
1981-04-13,99.461300
1981-04-14,99.128939
1981-04-15,100.260892
1981-04-16,100.675674
1981-04-20,101.254963
1981-04-21,100.361696
1981-04-22,100.313148
1981-04-23,100.182331
1981-04-24,101.098634
1981-04-27,101.371739
1981-04-28,100.530021
1981-04-29,99.590853
1981-04-30,99.429966
1981-05-01,99.382408
1981-05-04,97.867163
1981-05-05,97.624859
1981-05-06,97.989277
1981-05-07,98.675960
1981-05-08,98.688309
1981-05-11,97.246493
1981-05-12,98.023556
1981-05-13,97.915929
1981-05-14,98.483300
1981-05-15,99.170816
1981-05-18,99.468297
1981-05-19,99.150451
1981-05-20,99.102768
1981-05-21,98.934948
1981-05-22,98.639438
1981-05-26,99.740879
1981-05-27,100.511996
1981-05-28,100.291440
1981-05-29,99.665020
1981-06-01,99.547917
1981-06-02,98.220358
1981-06-03,98.306243
1981-06-04,98.512471
1981-06-05,99.478488
1981-06-08,99.511750
1981-06-09,99.326783
1981-06-10,99.608432
1981-06-11,100.703129
1981-06-12,100.525597
1981-06-15,100.634188
1981-06-16,99.552751
1981-06-17,100.452393
1981-06-18,99.204798
1981-06-19,99.697815
1981-06-22,99.474855
1981-06-23,100.548545
1981-06-24,100.046520
1981-06-25,100.177893
1981-06-26,100.007577
1981-06-29,99.520369
1981-06-30,99.025531
1981-07-01,97.957137
1981-07-02,97.122546
1981-07-06,96.182103
1981-07-07,96.857478
1981-07-08,96.936307
1981-07-09,97.695031
1981-07-10,97.766327
1981-07-13,97.988787
1981-07-14,98.014761
1981-07-15,98.471662
1981-07-16,98.573264
1981-07-17,98.909329
1981-07-20,97.384672
1981-07-21,97.115611
1981-07-22,96.218438
1981-07-23,96.441234
1981-07-24,97.262100
1981-07-27,98.370822
1981-07-28,97.813746
1981-07-29,97.847355
1981-07-30,98.509741
1981-07-31,99.217723
1981-08-03,98.903745
1981-08-04,99.453824
1981-08-05,100.602953
1981-08-06,100.599694
1981-08-07,99.944174
1981-08-10,100.562952
1981-08-11,101.576407
1981-08-12,101.254405
1981-08-13,101.357406
1981-08-14,100.602568
1981-08-17,99.657741
1981-08-18,98.834247
1981-08-19,99.142430
1981-08-20,99.313909
1981-08-21,98.223952
1981-08-24,95.408425
1981-08-25,95.146678
1981-08-26,95.036957
1981-08-27,93.953724
1981-08-28,94.406872
1981-08-31,93.444924
1981-09-01,93.639643
1981-09-02,94.017090
1981-09-03,92.323787
1981-09-04,91.452540
1981-09-08,89.880380
1981-09-09,90.220057
1981-09-10,91.565639
1981-09-11,92.705731
1981-09-14,92.001253
1981-09-15,91.342365
1981-09-16,90.675719
1981-09-17,89.383414
1981-09-18,88.724100
1981-09-21,89.491732
1981-09-22,89.084023
1981-09-23,88.317383
1981-09-24,87.848399
1981-09-25,86.157172
1981-09-28,88.285603
1981-09-29,88.618691
1981-09-30,88.821909
1981-10-01,89.528965
1981-10-02,91.291431
1981-10-05,91.425154
1981-10-06,91.352351
1981-10-07,92.840459
1981-10-08,93.624782
1981-10-09,92.985487
1981-10-12,92.820753
1981-10-13,92.510484
1981-10-14,91.012945
1981-10-15,91.729122
1981-10-16,91.349700
1981-10-19,91.207787
1981-10-20,92.223377
1981-10-21,92.104406
1981-10-22,91.770681
1981-10-23,90.991991
1981-10-26,90.673474
1981-10-27,91.559668
1981-10-28,91.701534
1981-10-29,91.421199
1981-10-30,93.613309
1981-11-02,95.408520
1981-11-03,95.890540
1981-11-04,95.865543
1981-11-05,94.964431
1981-11-06,94.316783
1981-11-09,94.814604
1981-11-10,94.381996
1981-11-11,94.572355
1981-11-12,94.801228
1981-11-13,93.652646
1981-11-16,92.573082
1981-11-17,93.294847
1981-11-18,92.630635
1981-11-19,92.998407
1981-11-20,93.790001
1981-11-23,93.726404
1981-11-24,95.219765
1981-11-25,95.657257
1981-11-27,96.480399
1981-11-30,97.473413
1981-12-01,97.299923
1981-12-02,96.231335
1981-12-03,96.582576
1981-12-04,97.481949
1981-12-07,96.675221
1981-12-08,96.408888
1981-12-09,96.938061
1981-12-10,97.135143
1981-12-11,96.551849
1981-12-14,94.909634
1981-12-15,95.091378
1981-12-16,94.670092
1981-12-17,95.230842
1981-12-18,95.930927
1981-12-21,95.439752
1981-12-22,95.103241
1981-12-23,94.681525
1981-12-24,94.879014
1981-12-28,94.689402
1981-12-29,94.244195
1981-12-30,94.751642
1981-12-31,94.964786
1982-01-04,95.133518
1982-01-05,93.070061
1982-01-06,92.417095
1982-01-07,92.244754
1982-01-08,92.747165
1982-01-11,90.619718
1982-01-12,90.268781
1982-01-13,89.188152
1982-01-14,89.722095
1982-01-15,90.357116
1982-01-18,91.069961
1982-01-19,90.120377
1982-01-20,89.597967
1982-01-21,89.992638
1982-01-22,89.726545
1982-01-25,89.771460
1982-01-26,89.621918
1982-01-27,90.071424
1982-01-28,92.567766
1982-01-29,93.741407
1982-02-01,91.724362
1982-02-02,91.926335
1982-02-03,90.757367
1982-02-04,90.733475
1982-02-05,91.411012
1982-02-08,89.383644
1982-02-09,88.665756
1982-02-10,89.453004
1982-02-11,89.296456
1982-02-12,89.280333
1982-02-16,89.053458
1982-02-17,88.787490
1982-02-18,88.911928
1982-02-19,88.466152
1982-02-22,87.215450
1982-02-23,87.175862
1982-02-24,88.731082
1982-02-25,88.550711
1982-02-26,88.495444
1982-03-01,88.670968
1982-03-02,88.197016
1982-03-03,86.838483
1982-03-04,86.043335
1982-03-05,85.639544
1982-03-08,84.092133
1982-03-09,85.278505
1982-03-10,85.752070
1982-03-11,85.731962
1982-03-12,85.163093
1982-03-15,85.840841
1982-03-16,85.726608
1982-03-17,85.588817
1982-03-18,86.565186
1982-03-19,86.827586
1982-03-22,88.542271
1982-03-23,89.173816
1982-03-24,88.737446
1982-03-25,88.945089
1982-03-26,87.966427
1982-03-29,88.268461
1982-03-30,88.264014
1982-03-31,88.039443
1982-04-01,89.499522
1982-04-02,90.566680
1982-04-05,90.280934
1982-04-06,90.797756
1982-04-07,90.897545
1982-04-08,91.516955
1982-04-12,91.364809
1982-04-13,91.378028
1982-04-14,91.273084
1982-04-15,91.703944
1982-04-16,92.087614
1982-04-19,92.022011
1982-04-20,91.049583
1982-04-21,91.291550
1982-04-22,92.472366
1982-04-23,93.637666
1982-04-26,94.148150
1982-04-27,93.174604
1982-04-28,92.611441
1982-04-29,91.748023
1982-04-30,92.006179
1982-05-03,92.328759
1982-05-04,92.856910
1982-05-05,93.045256
1982-05-06,93.866234
1982-05-07,94.513404
1982-05-10,93.673444
1982-05-11,94.518745
1982-05-12,94.343234
1982-05-13,93.613515
1982-05-14,93.469596
1982-05-17,92.462306
1982-05-18,91.795436
1982-05-19,91.065013
1982-05-20,90.849614
1982-05-21,91.109861
1982-05-24,91.052963
1982-05-25,90.766019
1982-05-26,89.764934
1982-05-27,89.430232
1982-05-28,88.833483
1982-06-01,88.695166
1982-06-02,89.001562
1982-06-03,88.879065
1982-06-04,87.493193
1982-06-07,87.537541
1982-06-08,87.168528
1982-06-09,86.680164
1982-06-10,87.193770
1982-06-11,88.510938
1982-06-14,87.513000
1982-06-15,87.318649
1982-06-16,86.686423
1982-06-17,85.695737
1982-06-18,85.461424
1982-06-21,85.418243
1982-06-22,86.315295
1982-06-23,87.802334
1982-06-24,87.575772
1982-06-25,87.046149
1982-06-28,87.959997
1982-06-29,87.940685
1982-06-30,87.482507
1982-07-01,86.785804
1982-07-02,85.961198
1982-07-06,85.695350
1982-07-07,85.661066
1982-07-08,85.930364
1982-07-09,86.990873
1982-07-12,87.604017
1982-07-13,87.529720
1982-07-14,88.343104
1982-07-15,88.388760
1982-07-16,88.890493
1982-07-19,88.640060
1982-07-20,89.310143
1982-07-21,89.235737
1982-07-22,89.305481
1982-07-23,89.078830
1982-07-26,88.451487
1982-07-27,87.727811
1982-07-28,86.394677
1982-07-29,86.400354
1982-07-30,85.916756
1982-08-02,87.453857
1982-08-03,86.551790
1982-08-04,85.216064
1982-08-05,84.450051
1982-08-06,83.306403
1982-08-09,82.821152
1982-08-10,82.649123
1982-08-11,82.477056
1982-08-12,82.353177
1982-08-13,83.523824
1982-08-16,83.737676
1982-08-17,87.740658
1982-08-18,87.359164
1982-08-19,87.879020
1982-08-20,91.007347
1982-08-23,93.516371
1982-08-24,92.925113
1982-08-25,94.742450
1982-08-26,95.544914
1982-08-27,94.405221
1982-08-30,94.869468
1982-08-31,96.382005
1982-09-01,95.387765
1982-09-02,97.055283
1982-09-03,99.005572
1982-09-07,97.970311
1982-09-08,98.662227
1982-09-09,98.498479
1982-09-10,97.712868
1982-09-13,98.760657
1982-09-14,99.477434
1982-09-15,100.461044
1982-09-16,100.062707
1982-09-17,99.098370
1982-09-20,99.088005
1982-09-21,101.026880
1982-09-22,100.328868
1982-09-23,100.205213
1982-09-24,99.830635
1982-09-27,100.095500
1982-09-28,99.809818
1982-09-29,98.527923
1982-09-30,97.569767
1982-10-01,98.847696
1982-10-04,98.496952
1982-10-05,98.899994
1982-10-06,102.157100
1982-10-07,104.474194
1982-10-08,106.321318
1982-10-11,109.118049
1982-10-12,109.115785
1982-10-13,110.980277
1982-10-14,109.265128
1982-10-15,108.475263
1982-10-18,111.063659
1982-10-19,110.963922
1982-10-20,113.139006
1982-10-21,113.022975
1982-10-22,112.858157
1982-10-25,108.401073
1982-10-26,109.366370
1982-10-27,110.047232
1982-10-28,108.686557
1982-10-29,108.814463
1982-11-01,110.260686
1982-11-02,111.926960
1982-11-03,116.328838
1982-11-04,115.520509
1982-11-05,115.795147
1982-11-08,114.416320
1982-11-09,116.540433
1982-11-10,115.046997
1982-11-11,115.550048
1982-11-12,113.762576
1982-11-15,111.746464
1982-11-16,110.455736
1982-11-17,112.525236
1982-11-18,112.881941
1982-11-19,111.827085
1982-11-22,109.564127
1982-11-23,108.533322
1982-11-24,109.331215
1982-11-26,110.170092
1982-11-29,109.636907
1982-11-30,113.196624
1982-12-01,113.373144
1982-12-02,113.476145
1982-12-03,113.391147
1982-12-06,115.930592
1982-12-07,116.728720
1982-12-08,116.013911
1982-12-09,114.546366
1982-12-10,114.215843
1982-12-13,114.548099
1982-12-14,112.482239
1982-12-15,110.735272
1982-12-16,110.805706
1982-12-17,112.620549
1982-12-20,111.626153
1982-12-21,113.580961
1982-12-22,113.782560
1982-12-23,114.533316
1982-12-27,116.562995
1982-12-28,115.436497
1982-12-29,115.843254
1982-12-30,115.118224
1982-12-31,115.393875
1983-01-03,113.529154
1983-01-04,116.029946
1983-01-05,116.544859
1983-01-06,119.284691
1983-01-07,119.233209
1983-01-10,120.569693
1983-01-11,119.770699
1983-01-12,120.540786
1983-01-13,119.774357
1983-01-14,120.552946
1983-01-17,120.632950
1983-01-18,120.392298
1983-01-19,119.485512
1983-01-20,120.346926
1983-01-21,118.362117
1983-01-24,115.192061
1983-01-25,116.679438
1983-01-26,116.529058
1983-01-27,118.799148
1983-01-28,119.019261
1983-01-31,119.692413
1983-02-01,117.789734
1983-02-02,118.037110
1983-02-03,118.910869
1983-02-04,120.485456
1983-02-07,121.161706
1983-02-08,120.172368
1983-02-09,119.619964
1983-02-10,121.707331
1983-02-11,121.856056
1983-02-14,122.937407
1983-02-15,122.442339
1983-02-16,121.748998
1983-02-17,121.782244
1983-02-18,122.269774
1983-02-22,120.212870
1983-02-23,121.320340
1983-02-24,123.667786
1983-02-25,123.808522
1983-02-28,122.444463
1983-03-01,124.797291
1983-03-02,125.992522
1983-03-03,126.989401
1983-03-04,127.167324
1983-03-07,127.188042
1983-03-08,125.214076
1983-03-09,126.567571
1983-03-10,125.702408
1983-03-11,125.259417
1983-03-14,124.940581
1983-03-15,125.408625
1983-03-16,124.136924
1983-03-17,123.975371
1983-03-18,124.253036
1983-03-21,125.343085
1983-03-22,124.924449
1983-03-23,126.727943
1983-03-24,127.213121
1983-03-25,126.653274
1983-03-28,125.993787
1983-03-29,125.798824
1983-03-30,127.313355
1983-03-31,126.977242
1983-04-04,127.050984
1983-04-05,126.144990
1983-04-06,125.454749
1983-04-07,126.076736
1983-04-08,127.006232
1983-04-11,128.932993
1983-04-12,129.522093
1983-04-13,130.335726
1983-04-14,131.482055
1983-04-15,132.029901
1983-04-18,132.877253
1983-04-19,132.044449
1983-04-20,133.732409
1983-04-21,133.207191
1983-04-22,133.539129
1983-04-25,132.222911
1983-04-26,134.744674
1983-04-27,134.460577
1983-04-28,135.742240
1983-04-29,136.999140
1983-05-02,135.089091
1983-05-03,135.303666
1983-05-04,136.135042
1983-05-05,136.966558
1983-05-06,138.506896
1983-05-09,138.287996
1983-05-10,138.427693
1983-05-11,137.624829
1983-05-12,137.055419
1983-05-13,137.629094
1983-05-16,136.391835
1983-05-17,136.673560
1983-05-18,136.329182
1983-05-19,135.283355
1983-05-20,135.431587
1983-05-23,136.532057
1983-05-24,138.317759
1983-05-25,138.900570
1983-05-26,138.313486
1983-05-27,137.483932
1983-05-31,135.776454
1983-06-01,135.932214
1983-06-02,137.150027
1983-06-03,137.540024
1983-06-06,137.904989
1983-06-07,136.203486
1983-06-08,135.045614
1983-06-09,135.460969
1983-06-10,136.194464
1983-06-13,138.024811
1983-06-14,138.624579
1983-06-15,139.978151
1983-06-16,141.692106
1983-06-17,141.705756
1983-06-20,141.635617
1983-06-21,142.922993
1983-06-22,143.330562
1983-06-23,143.000538
1983-06-24,142.888435
1983-06-27,141.275409
1983-06-28,138.966055
1983-06-29,139.793321
1983-06-30,140.654268
1983-07-01,141.517626
1983-07-05,139.830060
1983-07-06,141.432306
1983-07-07,140.684348
1983-07-08,140.305690
1983-07-11,141.194985
1983-07-12,139.052408
1983-07-13,139.017973
1983-07-14,139.504433
1983-07-15,138.083421
1983-07-18,137.822033
1983-07-19,138.577773
1983-07-20,142.360441
1983-07-21,142.191418
1983-07-22,142.072829
1983-07-25,142.635601
1983-07-26,143.501360
1983-07-27,141.051745
1983-07-28,138.929949
1983-07-29,136.866711
1983-08-01,136.450188
1983-08-02,136.446223
1983-08-03,137.671887
1983-08-04,135.915854
1983-08-05,136.282576
1983-08-08,134.146812
1983-08-09,134.968735
1983-08-10,136.178487
1983-08-11,136.199807
1983-08-12,136.743881
1983-08-15,138.063830
1983-08-16,137.840580
1983-08-17,139.447733
1983-08-18,138.001117
1983-08-19,138.385278
1983-08-22,138.710431
1983-08-23,137.406632
1983-08-24,136.144829
1983-08-25,135.820011
1983-08-26,136.939144
1983-08-29,137.053407
1983-08-30,137.353523
1983-08-31,138.912485
1983-09-01,138.792314
1983-09-02,139.466527
1983-09-06,141.932783
1983-09-07,142.015449
1983-09-08,141.878283
1983-09-09,141.182948
1983-09-12,139.988472
1983-09-13,139.436728
1983-09-14,139.925586
1983-09-15,139.128240
1983-09-16,140.734481
1983-09-19,141.917728
1983-09-20,143.312850
1983-09-21,142.633525
1983-09-22,143.800415
1983-09-23,143.612175
1983-09-26,144.110162
1983-09-27,142.744021
1983-09-28,142.403145
1983-09-29,141.774005
1983-09-30,140.814142
1983-10-03,140.617328
1983-10-04,141.031101
1983-10-05,142.301626
1983-10-06,144.480087
1983-10-07,144.944973
1983-10-10,146.538593
1983-10-11,144.601635
1983-10-12,144.014107
1983-10-13,144.250053
1983-10-14,144.265255
1983-10-17,144.773053
1983-10-18,142.571176
1983-10-19,141.677308
1983-10-20,141.913449
1983-10-21,141.061779
1983-10-24,141.119501
1983-10-25,141.551295
1983-10-26,140.648180
1983-10-27,140.212652
1983-10-28,138.986000
1983-10-31,139.162874
1983-11-01,139.280311
1983-11-02,140.308368
1983-11-03,139.149076
1983-11-04,138.313093
1983-11-07,137.885668
1983-11-08,137.781777
1983-11-09,139.688050
1983-11-10,140.086760
1983-11-11,141.712491
1983-11-14,141.983511
1983-11-15,140.967529
1983-11-16,141.605205
1983-11-17,141.671727
1983-11-18,140.808724
1983-11-21,141.651429
1983-11-22,142.349244
1983-11-23,142.475541
1983-11-25,142.687174
1983-11-28,142.164849
1983-11-29,143.358257
1983-11-30,142.092960
1983-12-01,142.193848
1983-12-02,141.321103
1983-12-05,141.618478
1983-12-06,141.394757
1983-12-07,141.794782
1983-12-08,141.212021
1983-12-09,141.133500
1983-12-12,141.619215
1983-12-13,141.053262
1983-12-14,139.708962
1983-12-15,138.304547
1983-12-16,138.953149
1983-12-19,138.917333
1983-12-20,138.667541
1983-12-21,140.026939
1983-12-22,140.025343
1983-12-23,139.783994
1983-12-27,141.126962
1983-12-28,141.647868
1983-12-29,141.260756
1983-12-30,141.344836
1984-01-03,140.606321
1984-01-04,142.979125
1984-01-05,144.743648
1984-01-06,145.170870
1984-01-09,144.869216
1984-01-10,144.078617
1984-01-11,143.974180
1984-01-12,143.955519
1984-01-13,143.353316
1984-01-16,143.514885
1984-01-17,144.097136
1984-01-18,143.880991
1984-01-19,143.467290
1984-01-20,142.778698
1984-01-23,141.651865
1984-01-24,142.595461
1984-01-25,141.674484
1984-01-26,141.183095
1984-01-27,140.949496
1984-01-30,140.053835
1984-01-31,140.542491
1984-02-01,139.991874
1984-02-02,140.550833
1984-02-03,138.468549
1984-02-06,136.058872
1984-02-07,136.652577
1984-02-08,134.190345
1984-02-09,133.845749
1984-02-10,134.629255
1984-02-13,133.492086
1984-02-14,134.947874
1984-02-15,134.663339
1984-02-16,134.585597
1984-02-17,134.275095
1984-02-21,133.352383
1984-02-22,133.093500
1984-02-23,133.101941
1984-02-24,135.905453
1984-02-27,137.475644
1984-02-28,135.361121
1984-02-29,135.593987
1984-03-01,136.593029
1984-03-02,137.523164
1984-03-05,136.380757
1984-03-06,134.987666
1984-03-07,133.559781
1984-03-08,134.119002
1984-03-09,133.416561
1984-03-12,135.160171
1984-03-13,135.564077
1984-03-14,135.578952
1984-03-15,136.155961
1984-03-16,137.788343
1984-03-19,136.522832
1984-03-20,137.480861
1984-03-21,137.331317
1984-03-22,135.649684
1984-03-23,135.820400
1984-03-26,135.679431
1984-03-27,136.248581
1984-03-28,138.506859
1984-03-29,138.218546
1984-03-30,137.947503
1984-04-02,136.933652
1984-04-03,136.682377
1984-04-04,136.604428
1984-04-05,134.462752
1984-04-06,134.870459
1984-04-09,134.870544
1984-04-10,135.261053
1984-04-11,134.532205
1984-04-12,136.927827
1984-04-13,136.589348
1984-04-16,137.492454
1984-04-17,138.083076
1984-04-18,137.179799
1984-04-19,137.310209
1984-04-23,136.276252
1984-04-24,137.406181
1984-04-25,137.936511
1984-04-26,139.397261
1984-04-27,139.066894
1984-04-30,139.232237
1984-05-01,140.674158
1984-05-02,140.889526
1984-05-03,140.304324
1984-05-04,138.509202
1984-05-07,138.846553
1984-05-08,139.784730
1984-05-09,139.451658
1984-05-10,139.379824
1984-05-11,138.088410
1984-05-14,137.249825
1984-05-15,137.709525
1984-05-16,137.724804
1984-05-17,136.510942
1984-05-18,135.846145
1984-05-21,134.954505
1984-05-22,134.237156
1984-05-23,133.624343
1984-05-24,131.973148
1984-05-25,132.337508
1984-05-29,131.200675
1984-05-30,131.277095
1984-05-31,131.475754
1984-06-01,133.850274
1984-06-04,134.836418
1984-06-05,134.258952
1984-06-06,135.472664
1984-06-07,135.419363
1984-06-08,135.663250
1984-06-11,133.843864
1984-06-12,133.108459
1984-06-13,133.081355
1984-06-14,131.584597
1984-06-15,130.420037
1984-06-18,132.808260
1984-06-19,133.603913
1984-06-20,135.581580
1984-06-21,135.318023
1984-06-22,135.299649
1984-06-25,134.895837
1984-06-26,133.817348
1984-06-27,132.905136
1984-06-28,133.982300
1984-06-29,134.305776
1984-07-02,134.348830
1984-07-03,134.812825
1984-07-05,134.013858
1984-07-06,133.583209
1984-07-09,134.591485
1984-07-10,134.204542
1984-07-11,132.184846
1984-07-12,131.745080
1984-07-13,132.517045
1984-07-16,133.174977
1984-07-17,133.885741
1984-07-18,133.050242
1984-07-19,132.170653
1984-07-20,131.475483
1984-07-23,130.973577
1984-07-24,130.005551
1984-07-25,130.919420
1984-07-26,132.044591
1984-07-27,133.046804
1984-07-30,132.192415
1984-07-31,132.631708
1984-08-01,135.665927
1984-08-02,139.132116
1984-08-03,142.995174
1984-08-06,143.238847
1984-08-07,143.368035
1984-08-08,142.536879
1984-08-09,145.900174
1984-08-10,145.817908
1984-08-13,145.850214
1984-08-14,144.983259
1984-08-15,143.578274
1984-08-16,144.457255
1984-08-17,144.807129
1984-08-20,145.536421
1984-08-21,148.109959
1984-08-22,147.453953
1984-08-23,147.530436
1984-08-24,147.898250
1984-08-27,146.977065
1984-08-28,147.848336
1984-08-29,147.598086
1984-08-30,147.188801
1984-08-31,147.283017
1984-09-04,145.721100
1984-09-05,145.228254
1984-09-06,146.459074
1984-09-07,145.355984
1984-09-10,145.287332
1984-09-11,145.484018
1984-09-12,145.716124
1984-09-13,148.629366
1984-09-14,149.401421
1984-09-17,149.509737
1984-09-18,148.458261
1984-09-19,147.858209
1984-09-20,148.356296
1984-09-21,146.790405
1984-09-24,146.473529
1984-09-25,146.803524
1984-09-26,147.417235
1984-09-27,148.048799
1984-09-28,147.314911
1984-10-01,146.026158
1984-10-02,145.136377
1984-10-03,144.139991
1984-10-04,144.589799
1984-10-05,144.400688
1984-10-08,143.936394
1984-10-09,143.551907
1984-10-10,143.966503
1984-10-11,144.585421
1984-10-12,145.852844
1984-10-15,147.289280
1984-10-16,146.433564
1984-10-17,145.888744
1984-10-18,149.432352
1984-10-19,149.331830
1984-10-22,148.822304
1984-10-23,148.606146
1984-10-24,148.727920
1984-10-25,147.960193
1984-10-26,147.076681
1984-10-29,146.646837
1984-10-30,148.504100
1984-10-31,147.860488
1984-11-01,149.133261
1984-11-02,149.097356
1984-11-05,150.156842
1984-11-06,151.813292
1984-11-07,150.735050
1984-11-08,150.324890
1984-11-09,149.388876
1984-11-12,149.201406
1984-11-13,147.988684
1984-11-14,148.032988
1984-11-15,147.970272
1984-11-16,146.400113
1984-11-19,145.525524
1984-11-20,146.524616
1984-11-21,146.845621
1984-11-23,149.023344
1984-11-26,147.826736
1984-11-27,148.514010
1984-11-28,147.406289
1984-11-29,146.441281
1984-11-30,146.172968
1984-12-03,145.521883
1984-12-04,146.050428
1984-12-05,144.934244
1984-12-06,145.552395
1984-12-07,145.133315
1984-12-10,145.671221
1984-12-11,145.914004
1984-12-12,145.548366
1984-12-13,144.842567
1984-12-14,145.658380
1984-12-17,146.510156
1984-12-18,150.567930
1984-12-19,149.745165
1984-12-20,149.074534
1984-12-21,148.323126
1984-12-24,149.471441
1984-12-26,149.239634
1984-12-27,148.622284
1984-12-28,149.107711
1984-12-31,150.014757
1985-01-02,148.363085
1985-01-03,147.671105
1985-01-04,146.898223
1985-01-07,147.426565
1985-01-08,147.227908
1985-01-09,148.322016
1985-01-10,151.158337
1985-01-11,150.824868
1985-01-14,153.186074
1985-01-15,153.481368
1985-01-16,153.848598
1985-01-17,153.460971
1985-01-18,154.017089
1985-01-21,157.557967
1985-01-22,157.808549
1985-01-23,159.471073
1985-01-24,158.966208
1985-01-25,159.567750
1985-01-28,159.638536
1985-01-29,161.266134
1985-01-30,161.480964
1985-01-31,161.722832
1985-02-01,160.852597
1985-02-04,162.431504
1985-02-05,162.695755
1985-02-06,162.563694
1985-02-07,163.846167
1985-02-08,164.209691
1985-02-11,162.725592
1985-02-12,162.800784
1985-02-13,165.346498
1985-02-14,164.528923
1985-02-15,163.828458
1985-02-19,163.615014
1985-02-20,163.509803
1985-02-21,162.646513
1985-02-22,161.927475
1985-02-25,161.840265
1985-02-26,163.622205
1985-02-27,163.236938
1985-02-28,163.691657
1985-03-01,165.571247
1985-03-04,164.541474
1985-03-05,164.722587
1985-03-06,163.321857
1985-03-07,162.318689
1985-03-08,161.975450
1985-03-11,161.722569
1985-03-12,162.537023
1985-03-13,161.234624
1985-03-14,160.945426
1985-03-15,159.787386
1985-03-18,160.131711
1985-03-19,162.567350
1985-03-20,162.178367
1985-03-21,162.450416
1985-03-22,162.197148
1985-03-25,161.255350
1985-03-26,161.699682
1985-03-27,162.733151
1985-03-28,162.760703
1985-03-29,163.803596
1985-04-01,164.384338
1985-04-02,163.740926
1985-04-03,162.480652
1985-04-04,162.435749
1985-04-08,161.556114
1985-04-09,161.747145
1985-04-10,162.873044
1985-04-11,163.599724
1985-04-12,163.945185
1985-04-15,164.317960
1985-04-16,164.599968
1985-04-17,165.063699
1985-04-18,164.328241
1985-04-19,164.601310
1985-04-22,164.256401
1985-04-23,165.356756
1985-04-24,165.729956
1985-04-25,166.821578
1985-04-26,165.712498
1985-04-29,164.330362
1985-04-30,163.630299
1985-05-01,162.328400
1985-05-02,162.937431
1985-05-03,163.937961
1985-05-06,163.882630
1985-05-07,164.610315
1985-05-08,164.509430
1985-05-09,165.720089
1985-05-10,167.896548
1985-05-13,168.223830
1985-05-14,167.576132
1985-05-15,168.213386
1985-05-16,169.260939
1985-05-17,170.892112
1985-05-20,173.015927
1985-05-21,172.969614
1985-05-22,172.011199
1985-05-23,171.162113
1985-05-24,171.818299
1985-05-28,171.452584
1985-05-29,171.314963
1985-05-30,171.405535
1985-05-31,173.075514
1985-06-03,172.894955
1985-06-04,173.581928
1985-06-05,173.721003
1985-06-06,174.572656
1985-06-07,173.341204
1985-06-10,173.215321
1985-06-11,172.815209
1985-06-12,171.537431
1985-06-13,169.482247
1985-06-14,171.130389
1985-06-17,170.638531
1985-06-18,171.409023
1985-06-19,170.788915
1985-06-20,170.909931
1985-06-21,173.575455
1985-06-24,173.183872
1985-06-25,173.753609
1985-06-26,174.076173
1985-06-27,175.177314
1985-06-28,175.774820
1985-07-01,176.333187
1985-07-02,175.975303
1985-07-03,175.489056
1985-07-05,176.496848
1985-07-08,175.982936
1985-07-09,175.203061
1985-07-10,176.440566
1985-07-11,176.990380
1985-07-12,177.338449
1985-07-15,176.842510
1985-07-16,178.704756
1985-07-17,179.585282
1985-07-18,178.446598
1985-07-19,179.162151
1985-07-22,178.473016
1985-07-23,176.847099
1985-07-24,175.983247
1985-07-25,176.451213
1985-07-26,176.790629
1985-07-29,174.244859
1985-07-30,174.575181
1985-07-31,175.512214
1985-08-01,176.633364
1985-08-02,176.081302
1985-08-05,175.317655
1985-08-06,172.870793
1985-08-07,172.668028
1985-08-08,173.863653
1985-08-09,173.311174
1985-08-12,172.703378
1985-08-13,172.426847
1985-08-14,172.555335
1985-08-15,172.444443
1985-08-16,171.403461
1985-08-19,171.688584
1985-08-20,173.281818
1985-08-21,174.304089
1985-08-22,172.672700
1985-08-23,172.524844
1985-08-26,172.681146
1985-08-27,173.436717
1985-08-28,174.137071
1985-08-29,174.256552
1985-08-30,174.007137
1985-09-03,173.374672
1985-09-04,172.908160
1985-09-05,172.847619
1985-09-06,173.774654
1985-09-09,173.815624
1985-09-10,172.600882
1985-09-11,170.905709
1985-09-12,169.699763
1985-09-13,169.010937
1985-09-16,169.014991
1985-09-17,167.642005
1985-09-18,167.997321
1985-09-19,169.582325
1985-09-20,168.375016
1985-09-23,170.487806
1985-09-24,168.965514
1985-09-25,167.183886
1985-09-26,167.798703
1985-09-30,168.561748
1985-10-01,171.356129
1985-10-02,170.447330
1985-10-03,170.751517
1985-10-04,169.722043
1985-10-07,168.497873
1985-10-08,168.524257
1985-10-09,169.152957
1985-10-10,169.420303
1985-10-11,170.837062
1985-10-14,172.800997
1985-10-15,172.558522
1985-10-16,174.346862
1985-10-17,174.076490
1985-10-18,173.527776
1985-10-21,173.479988
1985-10-22,174.508532
1985-10-23,175.509405
1985-10-24,174.988215
1985-10-25,174.104903
1985-10-28,174.354166
1985-10-29,175.745656
1985-10-30,176.552258
1985-10-31,176.346491
1985-11-01,177.965609
1985-11-04,177.735948
1985-11-05,178.807316
1985-11-06,179.200337
1985-11-07,179.100710
1985-11-08,180.154039
1985-11-11,183.495269
1985-11-12,184.269912
1985-11-13,183.388785
1985-11-14,185.242980
1985-11-15,184.389478
1985-11-18,184.978488
1985-11-19,184.971809
1985-11-20,185.300322
1985-11-21,187.584408
1985-11-22,187.717438
1985-11-25,186.658160
1985-11-26,186.986873
1985-11-27,188.759953
1985-11-29,188.445731
1985-12-02,186.881043
1985-12-03,187.283167
1985-12-04,190.454602
1985-12-05,190.157453
1985-12-06,189.356596
1985-12-09,190.561210
1985-12-10,190.721074
1985-12-11,192.541922
1985-12-12,192.963149
1985-12-13,195.988652
1985-12-16,197.959695
1985-12-17,196.709809
1985-12-18,195.954676
1985-12-19,196.180093
1985-12-20,197.068748
1985-12-23,194.883890
1985-12-24,193.577010
1985-12-26,194.082908
1985-12-27,195.944156
1985-12-30,196.973693
1985-12-31,197.563974
1986-01-02,196.011808
1986-01-03,197.246371
1986-01-06,197.059362
1986-01-07,200.034275
1986-01-08,194.607783
1986-01-09,192.895432
1986-01-10,192.783203
1986-01-13,193.522726
1986-01-14,193.475988
1986-01-15,195.020941
1986-01-16,195.901259
1986-01-17,195.236364
1986-01-20,194.421512
1986-01-21,192.819589
1986-01-22,190.692743
1986-01-23,191.433127
1986-01-24,193.504511
1986-01-27,194.432601
1986-01-28,196.729598
1986-01-29,197.207869
1986-01-30,196.335804
1986-01-31,198.661925
1986-02-03,200.739731
1986-02-04,199.674849
1986-02-05,199.867226
1986-02-06,200.378714
1986-02-07,201.434719
1986-02-10,203.044815
1986-02-11,202.777199
1986-02-12,202.857028
1986-02-13,204.233071
1986-02-14,206.483018
1986-02-18,209.043387
1986-02-19,206.548396
1986-02-20,208.893407
1986-02-21,211.182374
1986-02-24,210.952032
1986-02-25,210.467763
1986-02-26,210.735797
1986-02-27,213.336613
1986-02-28,213.510648
1986-03-03,212.130729
1986-03-04,211.183494
1986-03-05,211.177289
1986-03-06,211.952402
1986-03-07,212.398110
1986-03-10,213.380592
1986-03-11,218.224380
1986-03-12,219.056445
1986-03-13,219.700243
1986-03-14,222.897355
1986-03-17,221.157344
1986-03-18,222.234922
1986-03-19,222.096766
1986-03-20,223.014380
1986-03-21,220.028868
1986-03-24,221.936862
1986-03-25,221.393093
1986-03-26,223.858127
1986-03-27,225.465052
1986-03-31,225.430529
1986-04-01,221.911289
1986-04-02,222.477993
1986-04-03,219.448640
1986-04-04,215.909143
1986-04-07,215.881275
1986-04-08,220.527381
1986-04-09,220.773365
1986-04-10,223.342819
1986-04-11,222.927644
1986-04-14,224.194032
1986-04-15,224.648010
1986-04-16,228.919739
1986-04-17,229.714066
1986-04-18,229.128496
1986-04-21,231.388283
1986-04-22,229.223660
1986-04-23,228.618954
1986-04-24,228.903117
1986-04-25,229.187301
1986-04-28,229.963419
1986-04-29,227.560924
1986-04-30,222.868434
1986-05-01,222.558088
1986-05-02,222.238226
1986-05-05,225.051381
1986-05-06,224.617852
1986-05-07,223.549898
1986-05-08,224.574508
1986-05-09,225.286727
1986-05-12,225.061329
1986-05-13,223.983330
1986-05-14,225.084276
1986-05-15,222.167709
1986-05-16,220.615425
1986-05-19,221.062835
1986-05-20,223.851754
1986-05-21,223.256390
1986-05-22,227.714913
1986-05-23,228.911761
1986-05-27,232.166919
1986-05-28,233.980659
1986-05-29,235.291804
1986-05-30,234.724447
1986-06-02,232.562847
1986-06-03,233.039422
1986-06-04,231.579687
1986-06-05,233.233549
1986-06-06,233.283060
1986-06-09,227.891494
1986-06-10,227.561128
1986-06-11,229.063903
1986-06-12,229.436424
1986-06-13,233.495320
1986-06-16,233.905956
1986-06-17,232.244907
1986-06-18,232.883751
1986-06-19,232.030255
1986-06-20,235.407316
1986-06-23,233.231938
1986-06-24,234.945704
1986-06-25,236.783324
1986-06-26,236.633182
1986-06-27,237.481902
1986-06-30,238.692273
1986-07-01,239.863509
1986-07-02,240.520982
1986-07-03,239.684196
1986-07-07,232.345699
1986-07-08,230.033038
1986-07-09,231.233579
1986-07-10,231.443875
1986-07-11,230.720859
1986-07-14,226.835358
1986-07-15,222.625456
1986-07-16,223.941084
1986-07-17,224.980563
1986-07-18,225.286331
1986-07-21,225.201358
1986-07-22,227.080102
1986-07-23,227.576680
1986-07-24,226.919556
1986-07-25,229.113748
1986-07-28,225.127805
1986-07-29,223.764556
1986-07-30,225.740171
1986-07-31,225.321155
1986-08-01,224.197503
1986-08-04,225.259259
1986-08-05,226.282972
1986-08-06,226.132598
1986-08-07,226.354572
1986-08-08,226.232818
1986-08-11,229.893032
1986-08-12,232.464848
1986-08-13,234.721754
1986-08-14,235.306948
1986-08-15,236.197990
1986-08-18,236.448856
1986-08-19,235.648340
1986-08-20,238.795764
1986-08-21,238.731211
1986-08-22,239.259496
1986-08-25,237.014538
1986-08-26,241.856484
1986-08-27,242.327584
1986-08-28,241.918583
1986-08-29,242.035775
1986-09-02,237.846986
1986-09-03,239.371244
1986-09-04,242.991924
1986-09-05,239.806654
1986-09-08,237.607116
1986-09-09,237.188338
1986-09-10,236.635430
1986-09-11,225.287976
1986-09-12,220.998964
1986-09-15,222.247011
1986-09-16,222.067498
1986-09-17,222.060454
1986-09-18,222.695604
1986-09-19,222.631058
1986-09-22,225.270153
1986-09-23,226.011047
1986-09-24,226.627367
1986-09-25,222.390488
1986-09-26,222.805524
1986-09-29,220.611016
1986-09-30,221.995329
1986-10-01,224.212094
1986-10-02,224.547904
1986-10-03,224.375008
1986-10-06,225.430948
1986-10-07,225.104376
1986-10-08,227.312944
1986-10-09,226.544502
1986-10-10,226.217791
1986-10-13,226.659589
1986-10-14,226.169463
1986-10-15,229.494104
1986-10-16,230.224367
1986-10-17,229.589889
1986-10-20,226.859769
1986-10-21,226.801973
1986-10-22,227.196068
1986-10-23,230.128945
1986-10-24,229.176686
1986-10-27,229.695993
1986-10-28,230.196106
1986-10-29,231.841217
1986-10-30,234.535367
1986-10-31,234.823946
1986-11-03,236.610535
1986-11-04,237.030463
1986-11-05,237.431207
1986-11-06,236.782442
1986-11-07,236.721050
1986-11-10,237.102704
1986-11-11,238.052771
1986-11-12,237.663763
1986-11-13,234.210438
1986-11-14,235.671712
1986-11-17,234.463232
1986-11-18,228.299411
1986-11-19,229.182842
1986-11-20,233.451203
1986-11-21,237.160806
1986-11-24,238.729504
1986-11-25,239.459097
1986-11-26,240.073013
1986-11-28,240.542254
1986-12-01,240.408446
1986-12-02,245.216963
1986-12-03,245.102435
1986-12-04,244.350618
1986-12-05,242.575125
1986-12-08,242.595763
1986-12-09,240.810158
1986-12-10,242.463382
1986-12-11,239.798135
1986-12-12,239.036111
1986-12-15,239.897514
1986-12-16,241.696528
1986-12-17,239.329604
1986-12-18,238.605858
1986-12-19,241.488466
1986-12-22,240.571140
1986-12-23,238.270710
1986-12-24,238.697619
1986-12-26,238.892410
1986-12-29,236.745903
1986-12-30,235.518351
1986-12-31,234.387421
1987-01-02,238.561752
1987-01-05,244.149916
1987-01-06,244.752989
1987-01-07,247.253908
1987-01-08,249.174121
1987-01-09,250.610348
1987-01-12,252.162957
1987-01-13,251.855829
1987-01-14,254.493983
1987-01-15,257.287478
1987-01-16,258.084998
1987-01-19,261.082744
1987-01-20,260.823880
1987-01-21,259.692445
1987-01-22,265.609741
1987-01-23,261.947136
1987-01-26,261.503848
1987-01-27,265.551335
1987-01-28,267.183862
1987-01-29,266.090420
1987-01-30,265.967128
1987-02-02,268.302412
1987-02-03,267.891363
1987-02-04,271.469702
1987-02-05,272.980706
1987-02-06,271.928723
1987-02-09,270.138606
1987-02-10,267.173156
1987-02-11,269.607691
1987-02-12,267.778001
1987-02-13,271.777386
1987-02-17,277.438818
1987-02-18,277.406276
1987-02-19,277.587526
1987-02-20,277.535516
1987-02-23,274.557254
1987-02-24,275.078883
1987-02-25,276.203477
1987-02-26,275.227508
1987-02-27,276.469137
1987-03-02,275.332499
1987-03-03,276.452885
1987-03-04,280.862189
1987-03-05,282.741854
1987-03-06,282.908866
1987-03-09,280.642534
1987-03-10,283.165288
1987-03-11,282.660605
1987-03-12,283.577389
1987-03-13,282.313068
1987-03-16,280.727218
1987-03-17,284.887607
1987-03-18,285.220340
1987-03-19,286.517537
1987-03-20,290.533164
1987-03-23,293.477356
1987-03-24,293.975907
1987-03-25,292.778699
1987-03-26,293.345561
1987-03-27,288.697343
1987-03-30,281.972087
1987-03-31,284.440406
1987-04-01,285.135979
1987-04-02,286.387517
1987-04-03,293.032796
1987-04-06,294.567501
1987-04-07,289.468614
1987-04-08,290.057269
1987-04-09,285.796385
1987-04-10,285.467843
1987-04-13,278.795317
1987-04-14,272.522219
1987-04-15,277.709213
1987-04-16,280.153310
1987-04-20,279.385162
1987-04-21,286.234141
1987-04-22,280.523843
1987-04-23,280.194996
1987-04-24,275.049962
1987-04-27,275.385402
1987-04-28,276.082446
1987-04-29,278.128150
1987-04-30,281.864913
1987-05-01,281.576815
1987-05-04,282.911464
1987-05-05,288.792672
1987-05-06,288.954263
1987-05-07,288.245486
1987-05-08,286.969360
1987-05-11,285.243124
1987-05-12,286.970050
1987-05-13,287.669887
1987-05-14,287.958779
1987-05-15,281.328653
1987-05-18,280.599714
1987-05-19,273.752602
1987-05-20,272.406695
1987-05-21,274.360347
1987-05-22,276.343592
1987-05-26,283.184831
1987-05-27,282.847171
1987-05-28,284.870341
1987-05-29,284.258242
1987-06-01,284.025283
1987-06-02,282.714352
1987-06-03,287.656201
1987-06-04,289.275737
1987-06-05,287.699702
1987-06-08,290.937255
1987-06-09,291.517982
1987-06-10,291.735949
1987-06-11,293.003321
1987-06-12,295.869558
1987-06-15,297.392256
1987-06-16,299.013196
1987-06-17,299.093905
1987-06-18,299.989075
1987-06-19,301.276873
1987-06-22,303.938836
1987-06-23,302.773014
1987-06-24,301.263483
1987-06-25,303.356874
1987-06-26,301.621217
1987-06-29,302.379554
1987-06-30,298.581179
1987-07-01,297.571947
1987-07-02,300.246157
1987-07-06,299.580551
1987-07-07,302.048985
1987-07-08,302.955392
1987-07-09,302.230585
1987-07-10,303.097862
1987-07-13,302.402418
1987-07-14,305.432475
1987-07-15,305.208788
1987-07-16,307.482416
1987-07-17,309.372773
1987-07-20,306.257771
1987-07-21,303.496468
1987-07-22,303.449709
1987-07-23,302.832368
1987-07-24,304.300675
1987-07-27,305.690434
1987-07-28,307.375537
1987-07-29,310.674814
1987-07-30,313.068918
1987-07-31,313.701322
1987-08-03,312.661935
1987-08-04,311.376300
1987-08-05,313.595883
1987-08-06,317.214041
1987-08-07,318.143931
1987-08-10,323.102426
1987-08-11,328.386497
1987-08-12,327.494138
1987-08-13,329.754506
1987-08-14,329.137837
1987-08-17,329.289772
1987-08-18,324.533589
1987-08-19,325.138957
1987-08-20,330.111406
1987-08-21,331.190131
1987-08-24,328.689860
1987-08-25,332.115680
1987-08-26,329.979811
1987-08-27,326.867285
1987-08-28,322.620105
1987-08-31,325.376501
1987-09-01,319.096252
1987-09-02,317.433048
1987-09-03,316.016366
1987-09-04,312.586270
1987-09-08,309.520961
1987-09-09,309.910262
1987-09-10,313.113178
1987-09-11,317.935683
1987-09-14,319.055775
1987-09-15,313.816230
1987-09-16,311.005731
1987-09-17,311.108825
1987-09-18,311.073616
1987-09-21,306.839541
1987-09-22,315.726718
1987-09-23,317.430721
1987-09-24,316.011888
1987-09-25,316.480754
1987-09-28,319.519797
1987-09-29,318.060955
1987-09-30,318.233338
1987-10-01,323.704495
1987-10-02,324.468947
1987-10-05,324.511447
1987-10-06,315.780465
1987-10-07,315.140436
1987-10-08,310.839817
1987-10-09,307.815121
1987-10-12,306.185354
1987-10-13,311.294843
1987-10-14,302.132780
1987-10-15,295.087966
1987-10-16,279.895032
1987-10-19,222.641774
1987-10-20,234.547225
1987-10-21,255.922185
1987-10-22,245.921219
1987-10-23,245.924185
1987-10-26,225.596939
1987-10-27,231.099372
1987-10-28,231.221258
1987-10-29,242.642564
1987-10-30,249.634243
1987-11-02,253.596533
1987-11-03,248.744245
1987-11-04,246.935835
1987-11-05,252.447147
1987-11-06,248.445876
1987-11-09,241.298872
1987-11-10,237.197180
1987-11-11,240.111523
1987-11-12,246.718819
1987-11-13,243.895923
1987-11-16,245.044207
1987-11-17,241.386318
1987-11-18,243.915501
1987-11-19,238.488369
1987-11-20,240.461943
1987-11-23,241.481924
1987-11-24,244.897090
1987-11-25,242.657251
1987-11-27,238.955749
1987-11-30,229.009871
1987-12-01,230.733529
1987-12-02,232.208800
1987-12-03,224.045813
1987-12-04,222.795672
1987-12-07,227.644570
1987-12-08,233.797800
1987-12-09,237.792166
1987-12-10,232.529840
1987-12-11,234.305269
1987-12-14,241.178867
1987-12-15,241.829505
1987-12-16,247.111465
1987-12-17,242.064611
1987-12-18,248.254582
1987-12-21,248.666441
1987-12-22,249.108264
1987-12-23,252.340719
1987-12-24,251.247635
1987-12-28,244.840964
1987-12-29,243.897135
1987-12-30,247.191153
1987-12-31,246.446540
1988-01-04,256.019989
1988-01-05,258.769989
1988-01-06,259.029999
1988-01-07,261.209991
1988-01-08,243.550003
1988-01-11,247.669998
1988-01-12,245.600006
1988-01-13,246.020004
1988-01-14,246.089996
1988-01-15,252.289993
1988-01-18,252.119995
1988-01-19,249.570007
1988-01-20,242.869995
1988-01-21,243.380005
1988-01-22,246.750000
1988-01-25,252.509995
1988-01-26,249.949997
1988-01-27,249.759995
1988-01-28,253.669998
1988-01-29,257.470001
1988-02-01,255.509995
1988-02-02,256.149994
1988-02-03,252.789993
1988-02-04,252.970001
1988-02-05,251.919998
1988-02-08,250.100006
1988-02-09,252.770004
1988-02-10,257.760010
1988-02-11,257.059998
1988-02-12,258.869995
1988-02-16,261.140015
1988-02-17,260.540009
1988-02-18,259.230011
1988-02-19,262.959991
1988-02-22,267.079987
1988-02-23,266.480011
1988-02-24,265.959991
1988-02-25,263.100006
1988-02-26,263.989990
1988-02-29,269.480011
1988-03-01,269.440002
1988-03-02,269.750000
1988-03-03,269.649994
1988-03-04,269.100006
1988-03-07,269.220001
1988-03-08,271.339996
1988-03-09,271.029999
1988-03-10,265.779999
1988-03-11,266.899994
1988-03-14,268.359985
1988-03-15,268.130005
1988-03-16,270.869995
1988-03-17,273.269989
1988-03-18,273.179993
1988-03-21,270.790009
1988-03-22,270.899994
1988-03-23,270.980011
1988-03-24,265.380005
1988-03-25,260.720001
1988-03-28,260.279999
1988-03-29,262.329987
1988-03-30,260.320007
1988-03-31,261.149994
1988-04-04,258.410004
1988-04-05,260.890015
1988-04-06,267.940002
1988-04-07,268.609985
1988-04-08,271.920013
1988-04-11,272.679993
1988-04-12,273.899994
1988-04-13,274.109985
1988-04-14,262.209991
1988-04-15,262.230011
1988-04-18,261.679993
1988-04-19,260.390015
1988-04-20,258.579987
1988-04-21,258.880005
1988-04-22,262.640015
1988-04-25,265.040009
1988-04-26,266.609985
1988-04-27,266.519989
1988-04-28,265.320007
1988-04-29,264.040009
1988-05-02,264.329987
1988-05-03,265.890015
1988-05-04,263.230011
1988-05-05,261.839996
1988-05-06,260.589996
1988-05-09,259.880005
1988-05-10,261.010010
1988-05-11,256.649994
1988-05-12,257.209991
1988-05-13,260.200012
1988-05-16,262.290009
1988-05-17,259.049988
1988-05-18,255.020004
1988-05-19,256.299988
1988-05-20,256.760010
1988-05-23,254.580002
1988-05-24,257.329987
1988-05-25,257.640015
1988-05-26,258.529999
1988-05-27,257.399994
1988-05-31,266.320007
1988-06-01,270.950012
1988-06-02,269.579987
1988-06-03,270.739990
1988-06-06,271.410004
1988-06-07,269.559998
1988-06-08,276.019989
1988-06-09,274.779999
1988-06-10,275.869995
1988-06-13,276.070007
1988-06-14,279.010010
1988-06-15,279.170013
1988-06-16,274.420013
1988-06-17,275.359985
1988-06-20,273.619995
1988-06-21,276.399994
1988-06-22,280.459991
1988-06-23,279.609985
1988-06-24,278.739990
1988-06-27,273.970001
1988-06-28,277.320007
1988-06-29,275.970001
1988-06-30,278.540009
1988-07-01,276.859985
1988-07-05,281.049988
1988-07-06,277.190002
1988-07-07,276.950012
1988-07-08,275.160004
1988-07-11,275.730011
1988-07-12,272.980011
1988-07-13,274.480011
1988-07-14,275.470001
1988-07-15,277.290009
1988-07-18,275.739990
1988-07-19,273.679993
1988-07-20,275.230011
1988-07-21,271.829987
1988-07-22,268.609985
1988-07-25,269.890015
1988-07-26,270.450012
1988-07-27,267.760010
1988-07-28,271.350006
1988-07-29,277.489990
1988-08-01,277.760010
1988-08-02,277.709991
1988-08-03,278.679993
1988-08-04,277.809998
1988-08-05,277.070007
1988-08-08,275.959991
1988-08-09,272.570007
1988-08-10,267.890015
1988-08-11,268.799988
1988-08-12,268.600006
1988-08-15,264.769989
1988-08-16,266.730011
1988-08-17,266.950012
1988-08-18,267.239990
1988-08-19,266.450012
1988-08-22,263.179993
1988-08-23,263.299988
1988-08-24,267.440002
1988-08-25,265.459991
1988-08-26,266.040009
1988-08-29,268.859985
1988-08-30,269.079987
1988-08-31,268.070007
1988-09-01,264.850006
1988-09-02,271.190002
1988-09-06,272.369995
1988-09-07,272.660004
1988-09-08,272.690002
1988-09-09,273.779999
1988-09-12,273.410004
1988-09-13,274.420013
1988-09-14,276.359985
1988-09-15,275.160004
1988-09-16,277.760010
1988-09-19,275.890015
1988-09-20,276.929993
1988-09-21,277.429993
1988-09-22,276.420013
1988-09-23,277.019989
1988-09-26,276.320007
1988-09-27,275.700012
1988-09-28,276.549988
1988-09-29,280.179993
1988-09-30,279.489990
1988-10-03,279.089996
1988-10-04,278.350006
1988-10-05,279.619995
1988-10-06,280.170013
1988-10-07,286.040009
1988-10-10,286.209991
1988-10-11,285.899994
1988-10-12,281.839996
1988-10-13,283.119995
1988-10-14,283.440002
1988-10-17,284.390015
1988-10-18,287.459991
1988-10-19,284.980011
1988-10-20,291.059998
1988-10-21,291.869995
1988-10-24,290.489990
1988-10-25,290.619995
1988-10-26,289.660004
1988-10-27,285.440002
1988-10-28,286.750000
1988-10-31,287.269989
1988-11-01,287.510010
1988-11-02,287.510010
1988-11-03,287.709991
1988-11-04,284.970001
1988-11-07,282.649994
1988-11-08,283.970001
1988-11-09,282.149994
1988-11-10,282.589996
1988-11-11,276.630005
1988-11-14,276.549988
1988-11-15,277.209991
1988-11-16,272.600006
1988-11-17,273.420013
1988-11-18,275.429993
1988-11-21,275.190002
1988-11-22,276.209991
1988-11-23,278.089996
1988-11-25,276.359985
1988-11-28,277.890015
1988-11-29,280.290009
1988-11-30,283.179993
1988-12-01,281.950012
1988-12-02,281.309998
1988-12-05,284.600006
1988-12-06,287.390015
1988-12-07,287.959991
1988-12-08,286.350006
1988-12-09,286.929993
1988-12-12,286.429993
1988-12-13,286.239990
1988-12-14,285.220001
1988-12-15,284.160004
1988-12-16,286.260010
1988-12-19,288.980011
1988-12-20,287.500000
1988-12-21,287.410004
1988-12-22,286.890015
1988-12-23,288.170013
1988-12-27,287.100006
1988-12-28,287.369995
1988-12-29,289.809998
1988-12-30,288.119995
1989-01-03,285.649994
1989-01-04,289.989990
1989-01-05,290.609985
1989-01-06,291.290009
1989-01-09,291.649994
1989-01-10,291.029999
1989-01-11,292.730011
1989-01-12,293.929993
1989-01-13,294.720001
1989-01-16,295.000000
1989-01-17,294.390015
1989-01-18,297.480011
1989-01-19,297.869995
1989-01-20,297.600006
1989-01-23,295.440002
1989-01-24,299.640015
1989-01-25,300.350006
1989-01-26,303.019989
1989-01-27,305.239990
1989-01-30,306.510010
1989-01-31,309.209991
1989-02-01,308.859985
1989-02-02,308.760010
1989-02-03,308.910004
1989-02-06,308.160004
1989-02-07,311.929993
1989-02-08,310.920013
1989-02-09,308.299988
1989-02-10,304.190002
1989-02-13,304.880005
1989-02-14,304.200012
1989-02-15,306.760010
1989-02-16,307.359985
1989-02-17,309.489990
1989-02-21,308.690002
1989-02-22,303.420013
1989-02-23,304.690002
1989-02-24,299.559998
1989-02-27,300.380005
1989-02-28,301.510010
1989-03-01,299.769989
1989-03-02,302.769989
1989-03-03,304.059998
1989-03-06,307.929993
1989-03-07,306.980011
1989-03-08,307.209991
1989-03-09,307.179993
1989-03-10,306.100006
1989-03-13,308.679993
1989-03-14,308.510010
1989-03-15,310.130005
1989-03-16,313.029999
1989-03-17,305.989990
1989-03-20,303.100006
1989-03-21,304.579987
1989-03-22,303.700012
1989-03-23,302.119995
1989-03-27,303.980011
1989-03-28,305.059998
1989-03-29,305.859985
1989-03-30,306.079987
1989-03-31,308.540009
1989-04-03,310.209991
1989-04-04,309.220001
1989-04-05,310.200012
1989-04-06,309.209991
1989-04-07,311.160004
1989-04-10,311.149994
1989-04-11,312.600006
1989-04-12,313.130005
1989-04-13,310.440002
1989-04-14,315.640015
1989-04-17,316.040009
1989-04-18,320.570007
1989-04-19,321.760010
1989-04-20,320.760010
1989-04-21,324.339996
1989-04-24,323.440002
1989-04-25,321.459991
1989-04-26,321.709991
1989-04-27,324.489990
1989-04-28,324.559998
1989-05-01,324.109985
1989-05-02,323.140015
1989-05-03,323.239990
1989-05-04,323.019989
1989-05-05,322.950012
1989-05-08,321.399994
1989-05-09,320.739990
1989-05-10,321.399994
1989-05-11,322.630005
1989-05-12,329.890015
1989-05-15,332.459991
1989-05-16,331.730011
1989-05-17,334.049988
1989-05-18,334.600006
1989-05-19,338.049988
1989-05-22,338.920013
1989-05-23,335.070007
1989-05-24,335.980011
1989-05-25,336.089996
1989-05-26,338.739990
1989-05-30,336.140015
1989-05-31,337.690002
1989-06-01,339.250000
1989-06-02,343.000000
1989-06-05,339.380005
1989-06-06,341.799988
1989-06-07,344.660004
1989-06-08,344.450012
1989-06-09,344.510010
1989-06-12,344.070007
1989-06-13,341.630005
1989-06-14,341.559998
1989-06-15,337.609985
1989-06-16,338.950012
1989-06-19,339.570007
1989-06-20,338.920013
1989-06-21,338.109985
1989-06-22,341.109985
1989-06-23,346.040009
1989-06-26,344.769989
1989-06-27,346.720001
1989-06-28,343.989990
1989-06-29,337.519989
1989-06-30,335.779999
1989-07-03,337.190002
1989-07-05,338.720001
1989-07-06,339.730011
1989-07-07,343.279999
1989-07-10,345.600006
1989-07-11,347.410004
1989-07-12,348.510010
1989-07-13,348.649994
1989-07-14,350.690002
1989-07-17,351.359985
1989-07-18,350.230011
1989-07-19,354.859985
1989-07-20,352.510010
1989-07-21,355.040009
1989-07-24,352.750000
1989-07-25,353.000000
1989-07-26,357.440002
1989-07-27,361.670013
1989-07-28,361.850006
1989-07-31,366.100006
1989-08-01,363.769989
1989-08-02,364.450012
1989-08-03,365.029999
1989-08-04,364.209991
1989-08-07,370.100006
1989-08-08,370.179993
1989-08-09,367.690002
1989-08-10,369.119995
1989-08-11,365.480011
1989-08-14,363.829987
1989-08-15,365.600006
1989-08-16,366.670013
1989-08-17,365.410004
1989-08-18,367.089996
1989-08-21,361.470001
1989-08-22,362.070007
1989-08-23,365.790009
1989-08-24,373.029999
1989-08-25,372.019989
1989-08-28,373.850006
1989-08-29,371.529999
1989-08-30,372.399994
1989-08-31,373.250000
1989-09-01,375.779999
1989-09-05,374.579987
1989-09-06,371.070007
1989-09-07,370.140015
1989-09-08,370.579987
1989-09-11,369.549988
1989-09-12,370.690002
1989-09-13,367.250000
1989-09-14,364.829987
1989-09-15,366.859985
1989-09-18,368.649994
1989-09-19,368.619995
1989-09-20,368.540009
1989-09-21,367.779999
1989-09-22,369.220001
1989-09-25,366.380005
1989-09-26,366.500000
1989-09-27,367.329987
1989-09-28,371.119995
1989-09-29,371.739990
1989-10-02,373.589996
1989-10-03,377.829987
1989-10-04,380.260010
1989-10-05,380.299988
1989-10-06,382.250000
1989-10-09,383.339996
1989-10-10,382.630005
1989-10-11,380.359985
1989-10-12,378.649994
1989-10-13,355.489990
1989-10-16,365.359985
1989-10-17,363.579987
1989-10-18,364.220001
1989-10-19,369.950012
1989-10-20,369.989990
1989-10-23,367.549988
1989-10-24,366.350006
1989-10-25,365.119995
1989-10-26,360.320007
1989-10-27,357.260010
1989-10-30,357.329987
1989-10-31,363.109985
1989-11-01,364.010010
1989-11-02,361.309998
1989-11-03,360.410004
1989-11-06,355.190002
1989-11-07,357.690002
1989-11-08,361.279999
1989-11-09,359.700012
1989-11-10,362.500000
1989-11-13,363.119995
1989-11-14,361.500000
1989-11-15,364.250000
1989-11-16,364.359985
1989-11-17,365.500000
1989-11-20,363.130005
1989-11-21,363.390015
1989-11-22,365.869995
1989-11-24,368.119995
1989-11-27,370.040009
1989-11-28,370.269989
1989-11-29,367.950012
1989-11-30,370.510010
1989-12-01,375.519989
1989-12-04,376.519989
1989-12-05,374.619995
1989-12-06,373.519989
1989-12-07,372.519989
1989-12-08,373.700012
1989-12-11,373.720001
1989-12-12,377.149994
1989-12-13,378.250000
1989-12-14,376.299988
1989-12-15,375.380005
1989-12-18,368.570007
1989-12-19,367.269989
1989-12-20,367.690002
1989-12-21,369.779999
1989-12-22,372.809998
1989-12-26,372.230011
1989-12-27,374.380005
1989-12-28,376.380005
1989-12-29,379.410004
1990-01-02,386.160004
1990-01-03,385.170013
1990-01-04,382.019989
1990-01-05,378.299988
1990-01-08,380.040009
1990-01-09,375.559998
1990-01-10,373.089996
1990-01-11,374.399994
1990-01-12,365.220001
1990-01-15,362.079987
1990-01-16,366.119995
1990-01-17,362.540009
1990-01-18,363.380005
1990-01-19,364.429993
1990-01-22,355.040009
1990-01-23,356.359985
1990-01-24,348.440002
1990-01-25,350.519989
1990-01-26,350.250000
1990-01-29,349.670013
1990-01-30,347.380005
1990-01-31,353.940002
1990-02-01,353.679993
1990-02-02,356.029999
1990-02-05,357.279999
1990-02-06,355.049988
1990-02-07,359.529999
1990-02-08,358.700012
1990-02-09,359.579987
1990-02-12,355.890015
1990-02-13,357.010010
1990-02-14,358.100006
1990-02-15,361.230011
1990-02-16,358.989990
1990-02-20,353.910004
1990-02-21,353.570007
1990-02-22,351.480011
1990-02-23,349.899994
1990-02-26,354.880005
1990-02-27,356.660004
1990-02-28,358.500000
1990-03-01,359.459991
1990-03-02,362.489990
1990-03-05,360.679993
1990-03-06,365.239990
1990-03-07,364.190002
1990-03-08,367.790009
1990-03-09,365.420013
1990-03-12,366.239990
1990-03-13,363.369995
1990-03-14,364.320007
1990-03-15,365.630005
1990-03-16,369.790009
1990-03-19,371.559998
1990-03-20,369.470001
1990-03-21,367.489990
1990-03-22,363.109985
1990-03-23,364.769989
1990-03-26,365.440002
1990-03-27,369.640015
1990-03-28,370.190002
1990-03-29,368.880005
1990-03-30,368.000000
1990-04-02,366.720001
1990-04-03,372.130005
1990-04-04,369.529999
1990-04-05,369.149994
1990-04-06,368.480011
1990-04-09,369.890015
1990-04-10,370.649994
1990-04-11,370.489990
1990-04-12,373.140015
1990-04-16,373.609985
1990-04-17,373.549988
1990-04-18,369.279999
1990-04-19,366.429993
1990-04-20,363.220001
1990-04-23,358.850006
1990-04-24,358.130005
1990-04-25,359.980011
1990-04-26,361.000000
1990-04-27,356.880005
1990-04-30,358.820007
1990-05-01,360.480011
1990-05-02,362.920013
1990-05-03,364.209991
1990-05-04,367.459991
1990-05-07,369.899994
1990-05-08,371.640015
1990-05-09,372.640015
1990-05-10,373.739990
1990-05-11,382.720001
1990-05-14,385.890015
1990-05-15,385.399994
1990-05-16,385.179993
1990-05-17,385.709991
1990-05-18,385.899994
1990-05-21,389.640015
1990-05-22,390.329987
1990-05-23,391.279999
1990-05-24,390.369995
1990-05-25,386.380005
1990-05-29,393.079987
1990-05-30,393.320007
1990-05-31,393.799988
1990-06-01,395.940002
1990-06-04,400.640015
1990-06-05,399.859985
1990-06-06,398.049988
1990-06-07,396.089996
1990-06-08,391.260010
1990-06-11,394.609985
1990-06-12,399.670013
1990-06-13,398.209991
1990-06-14,396.040009
1990-06-15,396.059998
1990-06-18,389.500000
1990-06-19,391.269989
1990-06-20,391.959991
1990-06-21,393.459991
1990-06-22,387.959991
1990-06-25,384.779999
1990-06-26,384.519989
1990-06-27,387.890015
1990-06-28,390.640015
1990-06-29,391.140015
1990-07-02,392.809998
1990-07-03,393.660004
1990-07-05,388.820007
1990-07-06,391.820007
1990-07-09,393.049988
1990-07-10,389.750000
1990-07-11,394.929993
1990-07-12,399.529999
1990-07-13,401.579987
1990-07-16,403.459991
1990-07-17,401.899994
1990-07-18,398.309998
1990-07-19,399.519989
1990-07-20,395.459991
1990-07-23,388.609985
1990-07-24,389.140015
1990-07-25,390.589996
1990-07-26,389.329987
1990-07-27,386.700012
1990-07-30,389.100006
1990-07-31,389.890015
1990-08-01,389.220001
1990-08-02,384.859985
1990-08-03,377.670013
1990-08-06,366.510010
1990-08-07,367.109985
1990-08-08,370.980011
1990-08-09,372.809998
1990-08-10,368.070007
1990-08-13,371.829987
1990-08-14,372.489990
1990-08-15,373.250000
1990-08-16,364.910004
1990-08-17,359.899994
1990-08-20,360.720001
1990-08-21,353.459991
1990-08-22,347.640015
1990-08-23,337.220001
1990-08-24,342.109985
1990-08-27,353.149994
1990-08-28,353.170013
1990-08-29,356.329987
1990-08-30,350.309998
1990-08-31,354.649994
1990-09-04,355.320007
1990-09-05,356.750000
1990-09-06,352.450012
1990-09-07,355.690002
1990-09-10,353.910004
1990-09-11,353.320007
1990-09-12,354.970001
1990-09-13,350.690002
1990-09-14,348.700012
1990-09-17,349.760010
1990-09-18,350.869995
1990-09-19,348.670013
1990-09-20,343.109985
1990-09-21,342.929993
1990-09-24,335.670013
1990-09-25,339.750000
1990-09-26,336.230011
1990-09-27,331.790009
1990-09-28,337.390015
1990-10-01,347.299988
1990-10-02,347.600006
1990-10-03,343.619995
1990-10-04,345.049988
1990-10-05,343.750000
1990-10-08,345.929993
1990-10-09,336.709991
1990-10-10,331.519989
1990-10-11,326.079987
1990-10-12,331.119995
1990-10-15,334.730011
1990-10-16,329.980011
1990-10-17,329.820007
1990-10-18,337.529999
1990-10-19,344.980011
1990-10-22,347.540009
1990-10-23,344.899994
1990-10-24,345.170013
1990-10-25,342.510010
1990-10-26,336.570007
1990-10-29,333.510010
1990-10-30,336.010010
1990-10-31,335.950012
1990-11-01,339.350006
1990-11-02,344.730011
1990-11-05,348.200012
1990-11-06,345.000000
1990-11-07,338.809998
1990-11-08,340.760010
1990-11-09,347.709991
1990-11-12,354.070007
1990-11-13,352.109985
1990-11-14,355.200012
1990-11-15,351.470001
1990-11-16,351.690002
1990-11-19,354.160004
1990-11-20,349.700012
1990-11-21,350.519989
1990-11-23,349.500000
1990-11-26,351.179993
1990-11-27,353.079987
1990-11-28,352.920013
1990-11-29,351.230011
1990-11-30,357.670013
1990-12-03,360.000000
1990-12-04,362.570007
1990-12-05,366.540009
1990-12-06,365.619995
1990-12-07,364.170013
1990-12-10,365.500000
1990-12-11,362.920013
1990-12-12,367.089996
1990-12-13,366.170013
1990-12-14,363.369995
1990-12-17,362.500000
1990-12-18,367.000000
1990-12-19,367.190002
1990-12-20,367.100006
1990-12-21,368.910004
1990-12-24,367.130005
1990-12-26,368.209991
1990-12-27,365.369995
1990-12-28,365.959991
1990-12-31,367.630005
1991-01-02,363.440002
1991-01-03,358.399994
1991-01-04,357.510010
1991-01-07,351.390015
1991-01-08,350.790009
1991-01-09,347.019989
1991-01-10,350.399994
1991-01-11,351.190002
1991-01-14,348.220001
1991-01-15,349.609985
1991-01-16,352.350006
1991-01-17,365.500000
1991-01-18,370.279999
1991-01-21,368.980011
1991-01-22,365.920013
1991-01-23,368.049988
1991-01-24,373.209991
1991-01-25,374.660004
1991-01-28,374.690002
1991-01-29,374.579987
1991-01-30,380.269989
1991-01-31,383.640015
1991-02-01,382.679993
1991-02-04,388.859985
1991-02-05,392.329987
1991-02-06,399.950012
1991-02-07,398.339996
1991-02-08,401.559998
1991-02-11,412.059998
1991-02-12,408.679993
1991-02-13,412.700012
1991-02-14,407.350006
1991-02-15,412.839996
1991-02-19,413.239990
1991-02-20,408.500000
1991-02-21,408.309998
1991-02-22,409.179993
1991-02-25,411.119995
1991-02-26,406.209991
1991-02-27,411.750000
1991-02-28,411.079987
1991-03-01,414.920013
1991-03-04,413.779999
1991-03-05,422.100006
1991-03-06,421.500000
1991-03-07,421.250000
1991-03-08,420.239990
1991-03-11,418.130005
1991-03-12,414.869995
1991-03-13,419.980011
1991-03-14,418.790009
1991-03-15,418.890015
1991-03-18,417.239990
1991-03-19,411.079987
1991-03-20,412.579987
1991-03-21,411.079987
1991-03-22,412.279999
1991-03-25,414.970001
1991-03-26,422.230011
1991-03-27,421.170013
1991-03-28,421.029999
1991-04-01,416.739990
1991-04-02,425.970001
1991-04-03,425.380005
1991-04-04,426.500000
1991-04-05,421.549988
1991-04-08,425.269989
1991-04-09,419.570007
1991-04-10,419.109985
1991-04-11,424.149994
1991-04-12,427.260010
1991-04-15,428.230011
1991-04-16,435.459991
1991-04-17,438.649994
1991-04-18,436.420013
1991-04-19,431.649994
1991-04-22,428.029999
1991-04-23,428.940002
1991-04-24,430.089996
1991-04-25,426.170013
1991-04-26,425.950012
1991-04-29,420.010010
1991-04-30,422.029999
1991-05-01,427.589996
1991-05-02,427.859985
1991-05-03,428.230011
1991-05-06,427.700012
1991-05-07,424.809998
1991-05-08,426.149994
1991-05-09,431.690002
1991-05-10,423.299988
1991-05-13,424.570007
1991-05-14,418.820007
1991-05-15,415.429993
1991-05-16,419.589996
1991-05-17,420.029999
1991-05-20,420.000000
1991-05-21,423.510010
1991-05-22,424.470001
1991-05-23,423.100006
1991-05-24,426.059998
1991-05-28,431.220001
1991-05-29,432.190002
1991-05-30,436.920013
1991-05-31,440.239990
1991-06-03,438.380005
1991-06-04,438.070007
1991-06-05,435.079987
1991-06-06,433.459991
1991-06-07,428.720001
1991-06-10,427.890015
1991-06-11,430.779999
1991-06-12,425.799988
1991-06-13,426.950012
1991-06-14,432.220001
1991-06-17,429.790009
1991-06-18,428.079987
1991-06-19,424.130005
1991-06-20,424.510010
1991-06-21,427.140015
1991-06-24,419.670013
1991-06-25,419.359985
1991-06-26,420.440002
1991-06-27,423.619995
1991-06-28,420.070007
1991-07-01,427.730011
1991-07-02,427.220001
1991-07-03,422.709991
1991-07-05,423.630005
1991-07-08,428.010010
1991-07-09,425.980011
1991-07-10,425.559998
1991-07-11,426.950012
1991-07-12,430.670013
1991-07-15,433.170013
1991-07-16,432.220001
1991-07-17,431.829987
1991-07-18,436.579987
1991-07-19,435.279999
1991-07-22,433.799988
1991-07-23,429.880005
1991-07-24,429.010010
1991-07-25,431.660004
1991-07-26,431.649994
1991-07-29,434.250000
1991-07-30,438.369995
1991-07-31,439.649994
1991-08-01,438.890015
1991-08-02,439.019989
1991-08-05,436.790009
1991-08-06,443.309998
1991-08-07,443.420013
1991-08-08,442.079987
1991-08-09,439.720001
1991-08-12,440.869995
1991-08-13,442.709991
1991-08-14,443.089996
1991-08-15,442.470001
1991-08-16,438.279999
1991-08-19,428.010010
1991-08-20,431.390015
1991-08-21,444.079987
1991-08-22,444.940002
1991-08-23,448.170013
1991-08-26,447.959991
1991-08-27,447.160004
1991-08-28,451.299988
1991-08-29,451.119995
1991-08-30,450.059998
1991-09-03,446.390015
1991-09-04,443.940002
1991-09-05,443.010010
1991-09-06,442.970001
1991-09-09,442.529999
1991-09-10,438.109985
1991-09-11,438.720001
1991-09-12,441.290009
1991-09-13,437.029999
1991-09-16,439.709991
1991-09-17,439.429993
1991-09-18,441.070007
1991-09-19,441.779999
1991-09-20,442.269989
1991-09-23,440.000000
1991-09-24,442.209991
1991-09-25,441.290009
1991-09-26,440.850006
1991-09-27,440.179993
1991-09-30,442.529999
1991-10-01,444.079987
1991-10-02,443.010010
1991-10-03,438.690002
1991-10-04,435.220001
1991-10-07,433.269989
1991-10-08,434.630005
1991-10-09,430.220001
1991-10-10,434.500000
1991-10-11,435.600006
1991-10-14,441.329987
1991-10-15,446.540009
1991-10-16,448.589996
1991-10-17,447.600006
1991-10-18,448.260010
1991-10-21,445.450012
1991-10-22,442.959991
1991-10-23,443.079987
1991-10-24,439.799988
1991-10-25,438.839996
1991-10-28,445.010010
1991-10-29,447.359985
1991-10-30,449.049988
1991-10-31,448.480011
1991-11-01,447.200012
1991-11-04,446.380005
1991-11-05,444.820007
1991-11-06,446.369995
1991-11-07,450.730011
1991-11-08,450.000000
1991-11-11,450.260010
1991-11-12,454.440002
1991-11-13,455.250000
1991-11-14,455.000000
1991-11-15,438.359985
1991-11-18,441.510010
1991-11-19,434.859985
1991-11-20,433.859985
1991-11-21,435.619995
1991-11-22,431.250000
1991-11-25,430.450012
1991-11-26,433.450012
1991-11-27,431.899994
1991-11-29,430.410004
1991-12-02,437.670013
1991-12-03,437.269989
1991-12-04,436.279999
1991-12-05,433.220001
1991-12-06,435.190002
1991-12-09,434.299988
1991-12-10,434.029999
1991-12-11,433.809998
1991-12-12,438.239990
1991-12-13,441.600006
1991-12-16,441.609985
1991-12-17,439.690002
1991-12-18,440.540009
1991-12-19,439.440002
1991-12-20,444.649994
1991-12-23,455.890015
1991-12-24,459.059998
1991-12-26,465.420013
1991-12-27,467.410004
1991-12-30,477.390015
1991-12-31,479.630005
1992-01-02,479.839996
1992-01-03,482.239990
1992-01-06,480.850006
1992-01-07,480.230011
1992-01-08,481.029999
1992-01-09,480.500000
1992-01-10,477.609985
1992-01-13,476.750000
1992-01-14,483.779999
1992-01-15,484.200012
1992-01-16,481.269989
1992-01-17,482.049988
1992-01-20,479.170013
1992-01-21,474.899994
1992-01-22,481.220001
1992-01-23,477.579987
1992-01-24,478.179993
1992-01-27,477.700012
1992-01-28,477.730011
1992-01-29,472.450012
1992-01-30,473.940002
1992-01-31,470.700012
1992-02-03,471.679993
1992-02-04,476.839996
1992-02-05,477.019989
1992-02-06,477.119995
1992-02-07,474.070007
1992-02-10,477.399994
1992-02-11,477.440002
1992-02-12,481.350006
1992-02-13,477.410004
1992-02-14,476.179993
1992-02-18,470.320007
1992-02-19,471.350006
1992-02-20,477.890015
1992-02-21,475.079987
1992-02-24,476.130005
1992-02-25,474.160004
1992-02-26,479.820007
1992-02-27,478.119995
1992-02-28,476.790009
1992-03-02,476.660004
1992-03-03,477.279999
1992-03-04,473.239990
1992-03-05,470.010010
1992-03-06,467.709991
1992-03-09,468.700012
1992-03-10,470.709991
1992-03-11,467.410004
1992-03-12,467.250000
1992-03-13,469.519989
1992-03-16,470.179993
1992-03-17,473.920013
1992-03-18,473.420013
1992-03-19,474.179993
1992-03-20,475.920013
1992-03-23,474.320007
1992-03-24,473.130005
1992-03-25,471.799988
1992-03-26,472.209991
1992-03-27,467.170013
1992-03-30,466.700012
1992-03-31,467.519989
1992-04-01,468.160004
1992-04-02,463.859985
1992-04-03,465.109985
1992-04-06,469.989990
1992-04-07,461.290009
1992-04-08,457.160004
1992-04-09,464.320007
1992-04-10,468.589996
1992-04-13,470.679993
1992-04-14,477.989990
1992-04-15,482.500000
1992-04-16,482.250000
1992-04-20,475.470001
1992-04-21,475.600006
1992-04-22,475.079987
1992-04-23,477.160004
1992-04-24,474.200012
1992-04-27,473.619995
1992-04-28,474.470001
1992-04-29,477.839996
1992-04-30,481.250000
1992-05-01,478.450012
1992-05-04,483.769989
1992-05-05,483.760010
1992-05-06,483.750000
1992-05-07,483.049988
1992-05-08,483.299988
1992-05-11,486.350006
1992-05-12,483.829987
1992-05-13,484.049988
1992-05-14,480.239990
1992-05-15,476.940002
1992-05-18,480.290009
1992-05-19,484.450012
1992-05-20,483.339996
1992-05-21,480.100006
1992-05-22,481.859985
1992-05-26,478.950012
1992-05-27,479.850006
1992-05-28,485.209991
1992-05-29,483.600006
1992-06-01,486.040009
1992-06-02,481.769989
1992-06-03,483.059998
1992-06-04,481.570007
1992-06-05,481.829987
1992-06-08,481.739990
1992-06-09,478.100006
1992-06-10,474.829987
1992-06-11,476.929993
1992-06-12,477.779999
1992-06-15,478.410004
1992-06-16,476.160004
1992-06-17,469.089996
1992-06-18,467.589996
1992-06-19,470.760010
1992-06-22,470.450012
1992-06-23,471.200012
1992-06-24,471.209991
1992-06-25,470.390015
1992-06-26,470.899994
1992-06-29,477.339996
1992-06-30,476.410004
1992-07-01,481.950012
1992-07-02,480.660004
1992-07-06,483.320007
1992-07-07,477.869995
1992-07-08,479.179993
1992-07-09,483.829987
1992-07-10,484.290009
1992-07-13,484.589996
1992-07-14,487.880005
1992-07-15,487.209991
1992-07-16,487.760010
1992-07-17,485.529999
1992-07-20,483.390015
1992-07-21,483.410004
1992-07-22,480.100006
1992-07-23,481.450012
1992-07-24,480.890015
1992-07-27,480.920013
1992-07-28,487.980011
1992-07-29,493.519989
1992-07-30,495.510010
1992-07-31,495.869995
1992-08-03,497.049988
1992-08-04,496.390015
1992-08-05,493.859985
1992-08-06,492.160004
1992-08-07,490.369995
1992-08-10,491.220001
1992-08-11,490.630005
1992-08-12,489.350006
1992-08-13,489.320007
1992-08-14,491.959991
1992-08-17,493.019989
1992-08-18,493.829987
1992-08-19,490.140015
1992-08-20,490.260010
1992-08-21,486.269989
1992-08-24,481.489990
1992-08-25,482.609985
1992-08-26,484.940002
1992-08-27,484.980011
1992-08-28,486.519989
1992-08-31,485.720001
1992-09-01,488.230011
1992-09-02,490.510010
1992-09-03,490.540009
1992-09-04,489.529999
1992-09-08,486.459991
1992-09-09,488.910004
1992-09-10,493.140015
1992-09-11,492.709991
1992-09-14,499.609985
1992-09-15,493.209991
1992-09-16,493.380005
1992-09-17,493.410004
1992-09-18,496.929993
1992-09-21,496.100006
1992-09-22,490.239990
1992-09-23,490.600006
1992-09-24,492.040009
1992-09-25,487.220001
1992-09-28,489.980011
1992-09-29,490.230011
1992-09-30,491.429993
1992-10-01,489.660004
1992-10-02,482.820007
1992-10-05,479.649994
1992-10-06,479.209991
1992-10-07,475.760010
1992-10-08,479.920013
1992-10-09,473.940002
1992-10-12,479.570007
1992-10-13,481.760010
1992-10-14,481.850006
1992-10-15,482.160004
1992-10-16,484.670013
1992-10-19,488.540009
1992-10-20,489.149994
1992-10-21,489.380005
1992-10-22,488.470001
1992-10-23,487.890015
1992-10-26,492.410004
1992-10-27,492.890015
1992-10-28,494.829987
1992-10-29,495.690002
1992-10-30,493.130005
1992-11-02,498.079987
1992-11-03,494.890015
1992-11-04,491.700012
1992-11-05,493.489990
1992-11-06,492.809998
1992-11-09,494.049988
1992-11-10,494.119995
1992-11-11,498.339996
1992-11-12,499.170013
1992-11-13,498.690002
1992-11-16,496.760010
1992-11-17,495.200012
1992-11-18,499.440002
1992-11-19,500.369995
1992-11-20,504.000000
1992-11-23,502.260010
1992-11-24,505.350006
1992-11-25,507.260010
1992-11-27,508.420013
1992-11-30,509.920013
1992-12-01,509.420013
1992-12-02,508.440002
1992-12-03,508.489990
1992-12-04,511.070007
1992-12-07,514.979980
1992-12-08,516.989990
1992-12-09,515.580017
1992-12-10,514.390015
1992-12-11,513.330017
1992-12-14,512.309998
1992-12-15,512.030029
1992-12-16,510.790009
1992-12-17,515.450012
1992-12-18,522.380005
1992-12-21,521.700012
1992-12-22,521.239990
1992-12-23,519.739990
1992-12-24,520.890015
1992-12-28,520.190002
1992-12-29,518.830017
1992-12-30,519.840027
1992-12-31,516.179993
1993-01-04,516.000000
1993-01-05,514.859985
1993-01-06,515.080017
1993-01-07,510.579987
1993-01-08,508.609985
1993-01-11,510.899994
1993-01-12,511.010010
1993-01-13,513.409973
1993-01-14,516.859985
1993-01-15,518.349976
1993-01-18,517.979980
1993-01-19,515.969971
1993-01-20,513.880005
1993-01-21,516.400024
1993-01-22,517.130005
1993-01-25,521.869995
1993-01-26,521.859985
1993-01-27,519.679993
1993-01-28,520.330017
1993-01-29,520.489990
1993-02-01,525.030029
1993-02-02,525.219971
1993-02-03,530.750000
1993-02-04,533.890015
1993-02-05,533.190002
1993-02-08,532.130005
1993-02-09,529.260010
1993-02-10,530.359985
1993-02-11,532.070007
1993-02-12,528.520020
1993-02-16,515.919983
1993-02-17,515.219971
1993-02-18,513.590027
1993-02-19,516.369995
1993-02-22,517.700012
1993-02-23,517.299988
1993-02-24,524.559998
1993-02-25,526.320007
1993-02-26,527.590027
1993-03-01,526.070007
1993-03-02,533.210022
1993-03-03,534.950012
1993-03-04,532.719971
1993-03-05,531.369995
1993-03-08,541.669983
1993-03-09,541.429993
1993-03-10,543.729980
1993-03-11,540.640015
1993-03-12,536.020020
1993-03-15,537.950012
1993-03-16,537.919983
1993-03-17,534.299988
1993-03-18,538.570007
1993-03-19,536.530029
1993-03-22,534.989990
1993-03-23,534.849976
1993-03-24,534.030029
1993-03-25,537.619995
1993-03-26,533.929993
1993-03-29,537.590027
1993-03-30,539.059998
1993-03-31,538.719971
1993-04-01,537.090027
1993-04-02,526.710022
1993-04-05,527.849976
1993-04-06,526.500000
1993-04-07,528.369995
1993-04-08,527.349976
1993-04-12,535.150024
1993-04-13,536.169983
1993-04-14,535.500000
1993-04-15,535.229980
1993-04-16,535.880005
1993-04-19,534.159973
1993-04-20,531.359985
1993-04-21,529.599976
1993-04-22,524.859985
1993-04-23,521.719971
1993-04-26,517.679993
1993-04-27,523.090027
1993-04-28,523.099976
1993-04-29,524.140015
1993-04-30,525.700012
1993-05-03,528.549988
1993-05-04,530.590027
1993-05-05,531.250000
1993-05-06,529.880005
1993-05-07,528.979980
1993-05-10,529.859985
1993-05-11,531.760010
1993-05-12,532.309998
1993-05-13,525.679993
1993-05-14,526.369995
1993-05-17,527.469971
1993-05-18,527.489990
1993-05-19,536.200012
1993-05-20,539.840027
1993-05-21,534.159973
1993-05-24,536.869995
1993-05-25,538.020020
1993-05-26,543.539978
1993-05-27,542.320007
1993-05-28,539.760010
1993-06-01,544.200012
1993-06-02,544.409973
1993-06-03,542.820007
1993-06-04,539.929993
1993-06-07,537.150024
1993-06-08,533.609985
1993-06-09,535.109985
1993-06-10,534.650024
1993-06-11,536.919983
1993-06-14,537.489990
1993-06-15,535.789978
1993-06-16,537.200012
1993-06-17,538.549988
1993-06-18,532.719971
1993-06-21,535.780029
1993-06-22,535.429993
1993-06-23,532.140015
1993-06-24,536.520020
1993-06-25,537.700012
1993-06-28,542.900024
1993-06-29,541.530029
1993-06-30,541.340027
1993-07-01,539.559998
1993-07-02,536.010010
1993-07-06,530.739990
1993-07-07,532.429993
1993-07-08,539.409973
1993-07-09,538.840027
1993-07-12,539.869995
1993-07-13,538.799988
1993-07-14,541.210022
1993-07-15,540.210022
1993-07-16,536.039978
1993-07-19,536.429993
1993-07-20,537.989990
1993-07-21,537.840027
1993-07-22,534.630005
1993-07-23,537.739990
1993-07-26,540.219971
1993-07-27,539.289978
1993-07-28,538.030029
1993-07-29,541.700012
1993-07-30,539.159973
1993-08-02,541.750000
1993-08-03,540.890015
1993-08-04,540.059998
1993-08-05,539.650024
1993-08-06,540.340027
1993-08-09,543.210022
1993-08-10,541.719971
1993-08-11,542.969971
1993-08-12,541.200012
1993-08-13,542.659973
1993-08-16,545.500000
1993-08-17,546.500000
1993-08-18,550.020020
1993-08-19,550.530029
1993-08-20,550.219971
1993-08-23,549.150024
1993-08-24,554.650024
1993-08-25,555.159973
1993-08-26,556.380005
1993-08-27,555.780029
1993-08-30,557.530029
1993-08-31,559.619995
1993-09-01,559.200012
1993-09-02,557.030029
1993-09-03,557.169983
1993-09-07,553.780029
1993-09-08,551.539978
1993-09-09,552.789978
1993-09-10,557.900024
1993-09-13,558.530029
1993-09-14,555.940002
1993-09-15,558.030029
1993-09-16,555.429993
1993-09-17,554.700012
1993-09-20,550.239990
1993-09-21,547.700012
1993-09-22,551.640015
1993-09-23,553.500000
1993-09-24,553.609985
1993-09-27,558.729980
1993-09-28,558.409973
1993-09-29,556.729980
1993-09-30,555.330017
1993-10-01,558.239990
1993-10-04,558.530029
1993-10-05,558.400024
1993-10-06,557.840027
1993-10-07,555.969971
1993-10-08,557.390015
1993-10-11,558.080017
1993-10-12,558.369995
1993-10-13,558.820007
1993-10-14,565.340027
1993-10-15,568.570007
1993-10-18,567.359985
1993-10-19,564.669983
1993-10-20,564.500000
1993-10-21,563.640015
1993-10-22,561.109985
1993-10-25,562.320007
1993-10-26,562.530029
1993-10-27,562.909973
1993-10-28,566.690002
1993-10-29,566.820007
1993-11-01,568.489990
1993-11-02,567.859985
1993-11-03,561.330017
1993-11-04,554.820007
1993-11-05,557.669983
1993-11-08,558.559998
1993-11-09,558.760010
1993-11-10,562.900024
1993-11-11,561.590027
1993-11-12,564.940002
1993-11-15,563.109985
1993-11-16,566.840027
1993-11-17,564.530029
1993-11-18,563.099976
1993-11-19,561.929993
1993-11-22,557.739990
1993-11-23,560.119995
1993-11-24,561.940002
1993-11-26,562.799988
1993-11-29,561.500000
1993-11-30,561.409973
1993-12-01,561.580017
1993-12-02,563.179993
1993-12-03,565.340027
1993-12-06,567.309998
1993-12-07,567.750000
1993-12-08,567.179993
1993-12-09,564.809998
1993-12-10,564.530029
1993-12-13,566.710022
1993-12-14,563.539978
1993-12-15,562.070007
1993-12-16,563.909973
1993-12-17,567.619995
1993-12-20,566.989990
1993-12-21,566.330017
1993-12-22,568.789978
1993-12-23,568.869995
1993-12-27,573.099976
1993-12-28,573.599976
1993-12-29,573.179993
1993-12-30,570.840027
1993-12-31,568.200012
1994-01-03,567.099976
1994-01-04,569.070007
1994-01-05,569.900024
1994-01-06,569.369995
1994-01-07,572.760010
1994-01-10,579.369995
1994-01-11,577.979980
1994-01-12,578.030029
1994-01-13,576.010010
1994-01-14,579.039978
1994-01-17,577.070007
1994-01-18,578.239990
1994-01-19,578.309998
1994-01-20,579.140015
1994-01-21,578.820007
1994-01-24,575.539978
1994-01-25,574.320007
1994-01-26,577.119995
1994-01-27,581.820007
1994-01-28,583.849976
1994-01-31,587.520020
1994-02-01,585.270020
1994-02-02,588.190002
1994-02-03,586.690002
1994-02-04,573.679993
1994-02-07,576.200012
1994-02-08,575.359985
1994-02-09,577.609985
1994-02-10,572.960022
1994-02-11,574.510010
1994-02-14,574.710022
1994-02-15,577.640015
1994-02-16,578.000000
1994-02-17,575.010010
1994-02-18,571.869995
1994-02-22,576.580017
1994-02-23,575.750000
1994-02-24,567.909973
1994-02-25,570.140015
1994-02-28,571.570007
1994-03-01,568.330017
1994-03-02,569.000000
1994-03-03,566.830017
1994-03-04,569.000000
1994-03-07,571.719971
1994-03-08,570.479980
1994-03-09,572.169983
1994-03-10,568.320007
1994-03-11,571.440002
1994-03-14,572.619995
1994-03-15,572.210022
1994-03-16,575.190002
1994-03-17,577.030029
1994-03-18,577.229980
1994-03-21,574.140015
1994-03-22,574.469971
1994-03-23,574.150024
1994-03-24,569.020020
1994-03-25,564.719971
1994-03-28,564.010010
1994-03-29,554.840027
1994-03-30,546.359985
1994-03-31,546.650024
1994-04-04,538.369995
1994-04-05,550.020020
1994-04-06,549.729980
1994-04-07,553.200012
1994-04-08,548.599976
1994-04-11,552.049988
1994-04-12,549.250000
1994-04-13,547.650024
1994-04-14,547.840027
1994-04-15,547.590027
1994-04-18,543.080017
1994-04-19,543.200012
1994-04-20,542.489990
1994-04-21,550.809998
1994-04-22,549.450012
1994-04-25,555.770020
1994-04-26,554.830017
1994-04-28,551.440002
1994-04-29,553.659973
1994-05-02,556.440002
1994-05-03,556.539978
1994-05-04,555.000000
1994-05-05,554.780029
1994-05-06,550.460022
1994-05-09,544.140015
1994-05-10,548.719971
1994-05-11,543.200012
1994-05-12,546.010010
1994-05-13,546.500000
1994-05-16,547.099976
1994-05-17,553.210022
1994-05-18,558.559998
1994-05-19,562.020020
1994-05-20,560.349976
1994-05-23,558.299988
1994-05-24,560.390015
1994-05-25,562.429993
1994-05-26,563.320007
1994-05-27,563.760010
1994-05-31,562.750000
1994-06-01,564.190002
1994-06-02,564.340027
1994-06-03,567.429993
1994-06-06,566.010010
1994-06-07,565.210022
1994-06-08,563.799988
1994-06-09,565.049988
1994-06-10,566.059998
1994-06-13,566.609985
1994-06-14,570.679993
1994-06-15,568.530029
1994-06-16,570.200012
1994-06-17,565.909973
1994-06-20,562.250000
1994-06-21,557.140015
1994-06-22,559.309998
1994-06-23,555.039978
1994-06-24,546.849976
1994-06-27,552.489990
1994-06-28,551.099976
1994-06-29,553.080017
1994-06-30,548.960022
1994-07-01,551.469971
1994-07-05,551.830017
1994-07-06,551.549988
1994-07-07,554.330017
1994-07-08,555.770020
1994-07-11,554.000000
1994-07-12,553.869995
1994-07-13,554.830017
1994-07-14,560.679993
1994-07-15,561.599976
1994-07-18,562.969971
1994-07-19,561.309998
1994-07-20,558.520020
1994-07-21,559.770020
1994-07-22,560.390015
1994-07-25,561.900024
1994-07-26,560.859985
1994-07-27,559.919983
1994-07-28,561.969971
1994-07-29,566.979980
1994-08-01,570.539978
1994-08-02,570.159973
1994-08-03,571.289978
1994-08-04,567.669983
1994-08-05,566.070007
1994-08-08,567.190002
1994-08-09,567.510010
1994-08-10,570.500000
1994-08-11,568.760010
1994-08-12,572.590027
1994-08-15,571.890015
1994-08-16,576.659973
1994-08-17,576.890015
1994-08-18,574.429993
1994-08-19,575.080017
1994-08-22,573.460022
1994-08-23,576.190002
1994-08-24,581.830017
1994-08-25,580.739990
1994-08-26,587.969971
1994-08-29,589.049988
1994-08-30,590.929993
1994-08-31,590.229980
1994-09-01,587.450012
1994-09-02,584.909973
1994-09-06,586.020020
1994-09-07,584.909973
1994-09-08,587.640015
1994-09-09,581.739990
1994-09-12,579.330017
1994-09-13,580.969971
1994-09-14,582.570007
1994-09-15,590.080017
1994-09-16,585.590027
1994-09-19,585.400024
1994-09-20,576.109985
1994-09-21,573.750000
1994-09-22,573.520020
1994-09-23,571.530029
1994-09-26,573.330017
1994-09-27,574.869995
1994-09-28,578.349976
1994-09-29,575.200012
1994-09-30,575.799988
1994-10-03,574.820007
1994-10-04,566.049988
1994-10-05,564.719971
1994-10-06,563.280029
1994-10-07,566.750000
1994-10-10,571.659973
1994-10-11,580.090027
1994-10-12,579.690002
1994-10-13,582.179993
1994-10-14,584.260010
1994-10-17,584.140015
1994-10-18,582.539978
1994-10-19,585.809998
1994-10-20,581.539978
1994-10-21,579.099976
1994-10-24,574.090027
1994-10-25,575.030029
1994-10-26,576.460022
1994-10-27,580.479980
1994-10-28,590.380005
1994-10-31,588.729980
1994-11-01,583.979980
1994-11-02,581.650024
1994-11-03,583.489990
1994-11-04,576.750000
1994-11-07,577.909973
1994-11-08,581.270020
1994-11-09,581.010010
1994-11-10,579.760010
1994-11-11,577.239990
1994-11-14,581.989990
1994-11-15,580.750000
1994-11-16,581.570007
1994-11-17,579.039978
1994-11-18,576.539978
1994-11-21,572.609985
1994-11-22,562.349976
1994-11-23,562.229980
1994-11-25,565.390015
1994-11-28,567.830017
1994-11-29,569.119995
1994-11-30,567.289978
1994-12-01,561.429993
1994-12-02,566.989990
1994-12-05,567.109985
1994-12-06,566.869995
1994-12-07,564.539978
1994-12-08,557.330017
1994-12-09,559.460022
1994-12-12,562.640015
1994-12-13,563.539978
1994-12-14,569.580017
1994-12-15,570.090027
1994-12-16,574.429993
1994-12-19,573.330017
1994-12-20,572.349976
1994-12-21,575.500000
1994-12-22,575.580017
1994-12-23,576.210022
1994-12-27,579.530029
1994-12-28,577.510010
1994-12-29,577.919983
1994-12-30,575.710022
1995-01-03,575.520020
1995-01-04,577.690002
1995-01-05,577.299988
1995-01-06,577.719971
1995-01-09,577.979980
1995-01-10,579.049988
1995-01-11,579.030029
1995-01-12,579.000000
1995-01-13,584.539978
1995-01-16,588.820007
1995-01-17,589.679993
1995-01-18,589.270020
1995-01-19,585.799988
1995-01-20,583.080017
1995-01-23,584.409973
1995-01-24,584.520020
1995-01-25,586.590027
1995-01-26,587.719971
1995-01-27,590.330017
1995-01-30,588.080017
1995-01-31,590.640015
1995-02-01,590.650024
1995-02-02,593.729980
1995-02-03,601.130005
1995-02-06,604.559998
1995-02-07,604.210022
1995-02-08,604.739990
1995-02-09,603.619995
1995-02-10,605.330017
1995-02-13,605.710022
1995-02-14,606.960022
1995-02-15,609.520020
1995-02-16,610.380005
1995-02-17,606.409973
1995-02-21,607.409973
1995-02-22,610.419983
1995-02-23,612.869995
1995-02-24,614.400024
1995-02-27,609.119995
1995-02-28,613.650024
1995-03-01,611.640015
1995-03-02,611.010010
1995-03-03,611.500000
1995-03-06,611.869995
1995-03-07,607.479980
1995-03-08,608.770020
1995-03-09,609.109985
1995-03-10,617.200012
1995-03-13,617.849976
1995-03-14,621.450012
1995-03-15,620.210022
1995-03-16,624.710022
1995-03-17,624.849976
1995-03-20,625.650024
1995-03-21,624.299988
1995-03-22,625.059998
1995-03-23,625.409973
1995-03-24,631.739990
1995-03-27,634.830017
1995-03-28,635.719971
1995-03-29,634.739990
1995-03-30,633.650024
1995-03-31,631.760010
1995-04-03,633.330017
1995-04-04,637.770020
1995-04-05,638.309998
1995-04-06,638.950012
1995-04-07,639.440002
1995-04-10,640.210022
1995-04-11,638.340027
1995-04-12,640.460022
1995-04-13,643.070007
1995-04-17,639.219971
1995-04-18,638.280029
1995-04-19,637.729980
1995-04-20,638.190002
1995-04-21,642.239990
1995-04-24,647.929993
1995-04-25,647.010010
1995-04-26,647.770020
1995-04-27,648.890015
1995-04-28,650.359985
1995-05-01,649.950012
1995-05-02,650.809998
1995-05-03,657.940002
1995-05-04,658.219971
1995-05-05,657.739990
1995-05-08,662.820007
1995-05-09,662.580017
1995-05-10,663.650024
1995-05-11,663.760010
1995-05-12,665.280029
1995-05-15,668.229980
1995-05-16,668.890015
1995-05-17,667.479980
1995-05-18,658.039978
1995-05-19,657.849976
1995-05-22,663.570007
1995-05-23,669.859985
1995-05-24,669.950012
1995-05-25,670.099976
1995-05-26,663.950012
1995-05-30,663.890015
1995-05-31,676.359985
1995-06-01,676.530029
1995-06-02,675.400024
1995-06-05,679.320007
1995-06-06,679.359985
1995-06-07,676.289978
1995-06-08,675.390015
1995-06-09,669.799988
1995-06-12,673.559998
1995-06-13,680.409973
1995-06-14,680.989990
1995-06-15,681.820007
1995-06-16,685.260010
1995-06-19,692.150024
1995-06-20,691.849976
1995-06-21,690.590027
1995-06-22,699.630005
1995-06-23,697.919983
1995-06-26,690.840027
1995-06-27,688.679993
1995-06-28,691.890015
1995-06-29,690.799988
1995-06-30,692.070007
1995-07-03,695.080017
1995-07-05,695.409973
1995-07-06,704.140015
1995-07-07,707.280029
1995-07-10,708.330017
1995-07-11,705.280029
1995-07-12,713.099976
1995-07-13,713.260010
1995-07-14,711.849976
1995-07-17,715.450012
1995-07-18,710.099976
1995-07-19,700.659973
1995-07-20,703.929993
1995-07-21,704.049988
1995-07-24,707.869995
1995-07-25,713.559998
1995-07-26,714.250000
1995-07-27,718.950012
1995-07-28,716.070007
1995-07-31,715.020020
1995-08-01,711.950012
1995-08-02,711.030029
1995-08-03,711.159973
1995-08-04,711.450012
1995-08-07,712.909973
1995-08-08,713.440002
1995-08-09,712.679993
1995-08-10,709.989990
1995-08-11,707.140015
1995-08-14,713.099976
1995-08-15,711.710022
1995-08-16,713.669983
1995-08-17,712.520020
1995-08-18,712.820007
1995-08-21,711.440002
1995-08-22,713.270020
1995-08-23,710.340027
1995-08-24,710.770020
1995-08-25,714.150024
1995-08-28,712.820007
1995-08-29,714.130005
1995-08-30,715.539978
1995-08-31,716.820007
1995-09-01,719.340027
1995-09-05,726.260010
1995-09-06,727.679993
1995-09-07,727.880005
1995-09-08,730.940002
1995-09-11,732.539978
1995-09-12,735.869995
1995-09-13,739.109985
1995-09-14,745.309998
1995-09-15,744.979980
1995-09-18,744.500000
1995-09-19,746.340027
1995-09-20,749.659973
1995-09-21,744.880005
1995-09-22,743.260010
1995-09-25,743.359985
1995-09-26,742.849976
1995-09-27,742.739990
1995-09-28,748.929993
1995-09-29,747.070007
1995-10-02,743.650024
1995-10-03,744.469971
1995-10-04,743.479980
1995-10-05,745.219971
1995-10-06,745.109985
1995-10-09,739.840027
1995-10-10,738.750000
1995-10-11,741.340027
1995-10-12,746.020020
1995-10-13,747.820007
1995-10-16,745.929993
1995-10-17,750.729980
1995-10-18,751.710022
1995-10-19,755.830017
1995-10-20,751.760010
1995-10-23,748.700012
1995-10-24,750.590027
1995-10-25,745.429993
1995-10-26,738.109985
1995-10-27,742.000000
1995-10-30,746.630005
1995-10-31,744.400024
1995-11-01,748.010010
1995-11-02,755.239990
1995-11-03,756.369995
1995-11-06,753.739990
1995-11-07,751.030029
1995-11-08,758.099976
1995-11-09,760.309998
1995-11-10,759.659973
1995-11-13,759.260010
1995-11-14,755.489990
1995-11-15,761.669983
1995-11-16,766.059998
1995-11-17,769.570007
1995-11-20,765.559998
1995-11-21,770.000000
1995-11-22,767.659973
1995-11-24,769.690002
1995-11-27,771.429993
1995-11-28,778.099976
1995-11-29,779.979980
1995-11-30,777.070007
1995-12-01,779.150024
1995-12-04,787.799988
1995-12-05,793.010010
1995-12-06,796.409973
1995-12-07,791.289978
1995-12-08,792.979980
1995-12-11,795.630005
1995-12-12,794.679993
1995-12-13,798.760010
1995-12-14,792.690002
1995-12-15,791.950012
1995-12-18,779.770020
1995-12-19,786.349976
1995-12-20,778.690002
1995-12-21,784.570007
1995-12-22,786.469971
1995-12-26,789.479980
1995-12-27,790.200012
1995-12-28,789.690002
1995-12-29,792.039978
1996-01-02,798.219971
1996-01-03,799.119995
1996-01-04,794.469971
1996-01-05,793.200012
1996-01-08,795.679993
1996-01-09,784.159973
1996-01-10,770.109985
1996-01-11,775.570007
1996-01-12,774.429993
1996-01-15,771.869995
1996-01-16,782.969971
1996-01-17,780.369995
1996-01-18,782.849976
1996-01-19,787.479980
1996-01-22,789.500000
1996-01-23,788.719971
1996-01-24,797.989990
1996-01-25,794.219971
1996-01-26,800.130005
1996-01-29,803.650024
1996-01-30,811.309998
1996-01-31,819.000000
1996-02-01,822.299988
1996-02-02,818.969971
1996-02-05,826.229980
1996-02-06,832.559998
1996-02-07,837.340027
1996-02-08,845.440002
1996-02-09,845.869995
1996-02-12,852.469971
1996-02-13,851.479980
1996-02-14,845.239990
1996-02-15,839.900024
1996-02-16,835.700012
1996-02-20,826.260010
1996-02-21,836.010010
1996-02-22,849.929993
1996-02-23,850.229980
1996-02-26,839.119995
1996-02-27,835.059998
1996-02-28,832.099976
1996-02-29,826.590027
1996-03-01,831.700012
1996-03-04,840.150024
1996-03-05,846.659973
1996-03-06,842.020020
1996-03-07,844.210022
1996-03-08,818.190002
1996-03-11,826.650024
1996-03-12,822.869995
1996-03-13,825.140015
1996-03-14,828.150024
1996-03-15,828.900024
1996-03-18,843.440002
1996-03-19,842.219971
1996-03-20,840.020020
1996-03-21,839.049988
1996-03-22,840.900024
1996-03-25,840.150024
1996-03-26,843.940002
1996-03-27,838.950012
1996-03-28,839.000000
1996-03-29,834.549988
1996-04-01,845.200012
1996-04-02,847.349976
1996-04-03,848.169983
1996-04-04,848.210022
1996-04-08,833.469971
1996-04-09,830.840027
1996-04-10,819.619995
1996-04-11,816.700012
1996-04-12,823.859985
1996-04-15,831.330017
1996-04-16,834.580017
1996-04-17,830.309998
1996-04-18,832.919983
1996-04-19,834.809998
1996-04-22,838.460022
1996-04-23,843.250000
1996-04-24,841.460022
1996-04-25,844.960022
1996-04-26,845.830017
1996-04-29,846.770020
1996-04-30,846.849976
1996-05-01,847.489990
1996-05-02,833.119995
1996-05-03,830.890015
1996-05-06,829.909973
1996-05-07,826.630005
1996-05-08,835.280029
1996-05-09,836.369995
1996-05-10,845.070007
1996-05-13,857.440002
1996-05-14,862.890015
1996-05-15,862.789978
1996-05-16,862.140015
1996-05-17,867.760010
1996-05-20,873.340027
1996-05-21,872.849976
1996-05-22,880.309998
1996-05-23,877.190002
1996-05-24,880.460022
1996-05-28,872.320007
1996-05-29,866.960022
1996-05-30,872.000000
1996-05-31,868.690002
1996-06-03,866.830017
1996-06-04,873.210022
1996-06-05,881.090027
1996-06-06,874.219971
1996-06-07,874.599976
1996-06-10,873.140015
1996-06-11,871.599976
1996-06-12,869.479980
1996-06-13,868.080017
1996-06-14,865.400024
1996-06-17,864.530029
1996-06-18,860.520020
1996-06-19,860.400024
1996-06-20,860.609985
1996-06-21,866.789978
1996-06-24,869.409973
1996-06-25,868.929993
1996-06-26,863.880005
1996-06-27,869.299988
1996-06-28,872.010010
1996-07-01,878.969971
1996-07-02,876.190002
1996-07-03,874.630005
1996-07-05,855.190002
1996-07-08,849.070007
1996-07-09,852.030029
1996-07-10,853.770020
1996-07-11,840.340027
1996-07-12,841.010010
1996-07-15,819.679993
1996-07-16,817.820007
1996-07-17,825.320007
1996-07-18,837.739990
1996-07-19,831.460022
1996-07-22,825.000000
1996-07-23,816.030029
1996-07-24,815.770020
1996-07-25,821.659973
1996-07-26,827.809998
1996-07-29,821.429993
1996-07-30,827.130005
1996-07-31,833.479980
1996-08-01,846.770020
1996-08-02,863.059998
1996-08-05,860.190002
1996-08-06,863.020020
1996-08-07,865.460022
1996-08-08,863.440002
1996-08-09,863.010010
1996-08-12,867.840027
1996-08-13,860.820007
1996-08-14,863.359985
1996-08-15,863.710022
1996-08-16,867.630005
1996-08-19,869.450012
1996-08-20,868.369995
1996-08-21,867.669983
1996-08-22,875.010010
1996-08-23,870.280029
1996-08-26,866.169983
1996-08-27,869.469971
1996-08-28,867.619995
1996-08-29,858.099976
1996-08-30,851.059998
1996-09-03,854.630005
1996-09-04,856.140015
1996-09-05,848.150024
1996-09-06,856.369995
1996-09-09,866.940002
1996-09-10,867.109985
1996-09-11,871.809998
1996-09-12,877.150024
1996-09-13,889.419983
1996-09-16,894.159973
1996-09-17,892.809998
1996-09-18,890.919983
1996-09-19,892.969971
1996-09-20,898.239990
1996-09-23,897.549988
1996-09-24,896.409973
1996-09-25,896.729980
1996-09-26,897.049988
1996-09-27,897.500000
1996-09-30,898.969971
1996-10-01,901.289978
1996-10-02,907.880005
1996-10-03,906.280029
1996-10-04,917.659973
1996-10-07,920.159973
1996-10-08,916.840027
1996-10-09,911.869995
1996-10-10,909.159973
1996-10-11,917.080017
1996-10-14,920.849976
1996-10-15,919.590027
1996-10-16,922.070007
1996-10-17,925.520020
1996-10-18,930.549988
1996-10-21,929.280029
1996-10-22,924.979980
1996-10-23,925.929993
1996-10-24,919.419983
1996-10-25,917.630005
1996-10-28,912.830017
1996-10-29,918.489990
1996-10-30,917.950012
1996-10-31,923.760010
1996-11-01,921.909973
1996-11-04,925.880005
1996-11-05,935.590027
1996-11-06,949.469971
1996-11-07,953.669983
1996-11-08,957.909973
1996-11-11,959.289978
1996-11-12,956.369995
1996-11-13,958.679993
1996-11-14,964.989990
1996-11-15,967.340027
1996-11-18,966.630005
1996-11-19,973.390015
1996-11-20,975.909973
1996-11-21,974.359985
1996-11-22,982.219971
1996-11-25,993.159973
1996-11-26,991.979980
1996-11-27,990.890015
1996-11-29,993.580017
1996-12-02,993.000000
1996-12-03,982.150024
1996-12-04,978.239990
1996-12-05,977.409973
1996-12-06,971.210022
1996-12-09,984.630005
1996-12-10,981.650024
1996-12-11,972.849976
1996-12-12,958.150024
1996-12-13,957.260010
1996-12-16,947.229980
1996-12-17,953.880005
1996-12-18,961.159973
1996-12-19,979.880005
1996-12-20,983.989990
1996-12-23,981.429993
1996-12-24,986.869995
1996-12-26,993.159973
1996-12-27,994.849976
1996-12-30,991.010010
1996-12-31,973.900024
1997-01-02,969.049988
1997-01-03,983.559998
1997-01-06,983.080017
1997-01-07,990.479980
1997-01-08,984.400024
1997-01-09,992.890015
1997-01-10,999.010010
1997-01-13,999.080017
1997-01-14,1011.390015
1997-01-15,1009.219971
1997-01-16,1012.599976
1997-01-17,1021.090027
1997-01-20,1021.789978
1997-01-21,1029.709961
1997-01-22,1034.410034
1997-01-23,1023.020020
1997-01-24,1013.750000
1997-01-27,1006.520020
1997-01-28,1006.599976
1997-01-29,1016.630005
1997-01-30,1032.119995
1997-01-31,1034.739990
1997-02-03,1035.589966
1997-02-04,1039.000000
1997-02-05,1024.719971
1997-02-06,1027.500000
1997-02-07,1039.910034
1997-02-10,1034.510010
1997-02-11,1039.989990
1997-02-12,1057.640015
1997-02-13,1069.680054
1997-02-14,1065.310059
1997-02-18,1075.819946
1997-02-19,1070.920044
1997-02-20,1058.199951
1997-02-21,1056.859985
1997-02-24,1068.089966
1997-02-25,1070.500000
1997-02-26,1062.229980
1997-02-27,1048.430054
1997-02-28,1042.849976
1997-03-03,1048.780029
1997-03-04,1043.189941
1997-03-05,1058.099976
1997-03-06,1053.699951
1997-03-07,1062.170044
1997-03-10,1073.640015
1997-03-11,1070.609985
1997-03-12,1061.510010
1997-03-13,1042.319946
1997-03-14,1047.089966
1997-03-17,1050.489990
1997-03-18,1042.520020
1997-03-19,1037.400024
1997-03-20,1033.339966
1997-03-21,1035.260010
1997-03-24,1044.250000
1997-03-25,1041.939941
1997-03-26,1044.079956
1997-03-27,1022.140015
1997-03-31,1000.000000
1997-04-01,1003.330017
1997-04-02,990.929993
1997-04-03,991.210022
1997-04-04,1001.250000
1997-04-07,1006.849976
1997-04-08,1012.409973
1997-04-09,1005.179993
1997-04-10,1002.219971
1997-04-11,974.940002
1997-04-14,982.979980
1997-04-15,997.500000
1997-04-16,1009.219971
1997-04-17,1006.929993
1997-04-18,1012.969971
1997-04-21,1005.080017
1997-04-22,1023.900024
1997-04-23,1022.669983
1997-04-24,1019.429993
1997-04-25,1011.750000
1997-04-28,1021.919983
1997-04-29,1049.849976
1997-04-30,1059.699951
1997-05-01,1056.130005
1997-05-02,1075.229980
1997-05-05,1098.140015
1997-05-06,1094.949951
1997-05-07,1079.050049
1997-05-08,1085.219971
1997-05-09,1091.489990
1997-05-12,1108.579956
1997-05-13,1102.780029
1997-05-14,1106.790039
1997-05-15,1114.859985
1997-05-16,1099.000000
1997-05-19,1103.680054
1997-05-20,1114.880005
1997-05-21,1111.939941
1997-05-22,1107.079956
1997-05-23,1122.160034
1997-05-27,1125.719971
1997-05-28,1122.599976
1997-05-29,1118.619995
1997-05-30,1124.219971
1997-06-02,1121.689941
1997-06-03,1120.540039
1997-06-04,1113.689941
1997-06-05,1118.229980
1997-06-06,1137.619995
1997-06-09,1144.150024
1997-06-10,1147.300049
1997-06-11,1153.209961
1997-06-12,1171.910034
1997-06-13,1184.900024
1997-06-16,1185.780029
1997-06-17,1186.469971
1997-06-18,1179.410034
1997-06-19,1191.290039
1997-06-20,1192.239990
1997-06-23,1165.619995
1997-06-24,1189.130005
1997-06-25,1179.420044
1997-06-26,1172.630005
1997-06-27,1177.449951
1997-06-30,1174.589966
1997-07-01,1182.569946
1997-07-02,1199.979980
1997-07-03,1217.109985
1997-07-07,1210.859985
1997-07-08,1219.819946
1997-07-09,1205.000000
1997-07-10,1213.319946
1997-07-11,1217.339966
1997-07-14,1219.599976
1997-07-15,1229.400024
1997-07-16,1243.859985
1997-07-17,1237.280029
1997-07-18,1215.630005
1997-07-21,1212.500000
1997-07-22,1240.439941
1997-07-23,1243.900024
1997-07-24,1248.880005
1997-07-25,1246.869995
1997-07-28,1243.760010
1997-07-29,1251.660034
1997-07-30,1265.209961
1997-07-31,1268.050049
1997-08-01,1258.589966
1997-08-04,1262.810059
1997-08-05,1265.579956
1997-08-06,1276.250000
1997-08-07,1264.199951
1997-08-08,1240.750000
1997-08-11,1245.670044
1997-08-12,1231.819946
1997-08-13,1226.099976
1997-08-14,1229.800049
1997-08-15,1197.989990
1997-08-18,1213.680054
1997-08-19,1231.680054
1997-08-20,1249.609985
1997-08-21,1230.609985
1997-08-22,1228.630005
1997-08-25,1224.119995
1997-08-26,1214.640015
1997-08-27,1215.719971
1997-08-28,1202.560059
1997-08-29,1197.010010
1997-09-02,1234.439941
1997-09-03,1235.140015
1997-09-04,1239.170044
1997-09-05,1236.819946
1997-09-08,1239.760010
1997-09-09,1242.989990
1997-09-10,1223.599976
1997-09-11,1215.410034
1997-09-12,1230.520020
1997-09-15,1225.260010
1997-09-16,1259.719971
1997-09-17,1256.290039
1997-09-18,1262.060059
1997-09-19,1266.369995
1997-09-22,1272.949951
1997-09-23,1268.290039
1997-09-24,1258.400024
1997-09-25,1249.650024
1997-09-26,1259.790039
1997-09-29,1270.640015
1997-09-30,1262.560059
1997-10-01,1273.510010
1997-10-02,1280.300049
1997-10-03,1286.420044
1997-10-06,1296.630005
1997-10-07,1310.599976
1997-10-08,1298.579956
1997-10-09,1294.319946
1997-10-10,1289.540039
1997-10-13,1291.030029
1997-10-14,1293.939941
1997-10-15,1287.880005
1997-10-16,1273.920044
1997-10-17,1259.160034
1997-10-20,1274.439941
1997-10-21,1296.680054
1997-10-22,1291.709961
1997-10-23,1267.979980
1997-10-24,1255.910034
1997-10-27,1169.689941
1997-10-28,1229.520020
1997-10-29,1226.219971
1997-10-30,1205.790039
1997-10-31,1220.400024
1997-11-03,1252.959961
1997-11-04,1255.329956
1997-11-05,1258.180054
1997-11-06,1251.969971
1997-11-07,1238.199951
1997-11-10,1229.790039
1997-11-11,1233.329956
1997-11-12,1209.819946
1997-11-13,1224.199951
1997-11-14,1239.880005
1997-11-17,1263.760010
1997-11-18,1253.260010
1997-11-19,1261.949951
1997-11-20,1281.189941
1997-11-21,1286.689941
1997-11-24,1264.790039
1997-11-25,1270.479980
1997-11-26,1271.829956
1997-11-28,1276.890015
1997-12-01,1302.819946
1997-12-02,1298.699951
1997-12-03,1305.839966
1997-12-04,1300.979980
1997-12-05,1315.280029
1997-12-08,1313.469971
1997-12-09,1304.660034
1997-12-10,1296.739990
1997-12-11,1277.219971
1997-12-12,1275.160034
1997-12-15,1288.560059
1997-12-16,1294.780029
1997-12-17,1291.520020
1997-12-18,1277.890015
1997-12-19,1266.500000
1997-12-22,1275.780029
1997-12-23,1256.319946
1997-12-24,1247.750000
1997-12-26,1252.790039
1997-12-29,1275.810059
1997-12-30,1299.339966
1997-12-31,1298.819946
1998-01-02,1305.040039
1998-01-05,1307.780029
1998-01-06,1293.800049
1998-01-07,1290.660034
1998-01-08,1280.069946
1998-01-09,1242.099976
1998-01-12,1257.530029
1998-01-13,1274.869995
1998-01-14,1282.709961
1998-01-15,1273.099976
1998-01-16,1287.530029
1998-01-20,1310.430054
1998-01-21,1300.079956
1998-01-22,1289.680054
1998-01-23,1282.400024
1998-01-26,1281.540039
1998-01-27,1297.699951
1998-01-28,1309.310059
1998-01-29,1320.160034
1998-01-30,1313.189941
1998-02-02,1341.319946
1998-02-03,1347.719971
1998-02-04,1349.109985
1998-02-05,1344.770020
1998-02-06,1356.959961
1998-02-09,1354.750000
1998-02-10,1365.849976
1998-02-11,1367.489990
1998-02-12,1373.160034
1998-02-13,1367.770020
1998-02-17,1371.410034
1998-02-18,1384.239990
1998-02-19,1379.189941
1998-02-20,1387.160034
1998-02-23,1392.459961
1998-02-24,1382.290039
1998-02-25,1399.040039
1998-02-26,1406.949951
1998-02-27,1407.900024
1998-03-02,1405.729980
1998-03-03,1411.540039
1998-03-04,1405.560059
1998-03-05,1389.270020
1998-03-06,1417.099976
1998-03-09,1412.579956
1998-03-10,1428.630005
1998-03-11,1434.560059
1998-03-12,1436.729980
1998-03-13,1434.989990
1998-03-16,1449.329956
1998-03-17,1450.910034
1998-03-18,1457.790039
1998-03-19,1463.510010
1998-03-20,1476.170044
1998-03-23,1471.349976
1998-03-24,1484.920044
1998-03-25,1479.949951
1998-03-26,1478.430054
1998-03-27,1471.489990
1998-03-30,1468.969971
1998-03-31,1480.000000
1998-04-01,1488.699951
1998-04-02,1504.689941
1998-04-03,1508.319946
1998-04-06,1506.560059
1998-04-07,1491.119995
1998-04-08,1480.540039
1998-04-09,1492.680054
1998-04-13,1491.449951
1998-04-14,1499.589966
1998-04-15,1504.400024
1998-04-16,1489.439941
1998-04-17,1509.010010
1998-04-20,1510.260010
1998-04-21,1514.329956
1998-04-22,1519.619995
1998-04-23,1504.910034
1998-04-24,1489.209961
1998-04-27,1460.500000
1998-04-28,1458.729980
1998-04-29,1471.770020
1998-04-30,1494.890015
1998-05-01,1507.329956
1998-05-04,1508.770020
1998-05-05,1499.969971
1998-05-06,1486.099976
1998-05-07,1472.979980
1998-05-08,1490.479980
1998-05-11,1489.199951
1998-05-12,1501.579956
1998-05-13,1506.000000
1998-05-14,1504.030029
1998-05-15,1492.459961
1998-05-18,1488.709961
1998-05-19,1493.699951
1998-05-20,1506.750000
1998-05-21,1500.800049
1998-05-22,1495.189941
1998-05-26,1473.060059
1998-05-27,1470.839966
1998-05-28,1478.280029
1998-05-29,1469.189941
1998-06-01,1469.459961
1998-06-02,1472.479980
1998-06-03,1458.680054
1998-06-04,1474.989990
1998-06-05,1500.680054
1998-06-08,1503.270020
1998-06-09,1506.930054
1998-06-10,1498.750000
1998-06-11,1475.290039
1998-06-12,1481.060059
1998-06-15,1451.650024
1998-06-16,1465.910034
1998-06-17,1492.280029
1998-06-18,1491.349976
1998-06-19,1483.650024
1998-06-22,1487.119995
1998-06-23,1509.069946
1998-06-24,1527.180054
1998-06-25,1522.319946
1998-06-26,1527.859985
1998-06-29,1535.010010
1998-06-30,1528.869995
1998-07-01,1548.770020
1998-07-02,1545.890015
1998-07-06,1560.829956
1998-07-07,1557.250000
1998-07-08,1573.449951
1998-07-09,1562.920044
1998-07-10,1570.709961
1998-07-13,1571.930054
1998-07-14,1588.670044
1998-07-15,1584.939941
1998-07-16,1597.359985
1998-07-17,1601.079956
1998-07-20,1597.520020
1998-07-21,1571.849976
1998-07-22,1570.630005
1998-07-23,1537.819946
1998-07-24,1539.229980
1998-07-27,1547.969971
1998-07-28,1524.989990
1998-07-29,1518.500000
1998-07-30,1542.660034
1998-07-31,1512.589966
1998-08-03,1501.530029
1998-08-04,1447.150024
1998-08-05,1459.920044
1998-08-06,1471.119995
1998-08-07,1470.880005
1998-08-10,1462.449951
1998-08-11,1443.609985
1998-08-12,1464.469971
1998-08-13,1451.930054
1998-08-14,1435.579956
1998-08-17,1463.880005
1998-08-18,1487.709961
1998-08-19,1483.560059
1998-08-20,1474.920044
1998-08-21,1460.949951
1998-08-24,1470.280029
1998-08-25,1476.640015
1998-08-26,1465.060059
1998-08-27,1408.979980
1998-08-28,1388.300049
1998-08-31,1293.900024
1998-09-01,1343.939941
1998-09-02,1339.140015
1998-09-03,1328.069946
1998-09-04,1316.810059
1998-09-08,1383.920044
1998-09-09,1360.660034
1998-09-10,1325.510010
1998-09-11,1364.949951
1998-09-14,1393.170044
1998-09-15,1403.939941
1998-09-16,1414.589966
1998-09-17,1378.680054
1998-09-18,1380.339966
1998-09-21,1385.510010
1998-09-22,1393.280029
1998-09-23,1442.660034
1998-09-24,1411.040039
1998-09-25,1413.790039
1998-09-28,1419.569946
1998-09-29,1420.040039
1998-09-30,1376.790039
1998-10-01,1335.359985
1998-10-02,1357.380005
1998-10-05,1338.369995
1998-10-06,1333.069946
1998-10-07,1314.630005
1998-10-08,1299.439941
1998-10-09,1333.229980
1998-10-12,1351.270020
1998-10-13,1347.410034
1998-10-14,1361.969971
1998-10-15,1418.810059
1998-10-16,1430.920044
1998-10-19,1439.000000
1998-10-20,1441.089966
1998-10-21,1449.300049
1998-10-22,1460.930054
1998-10-23,1450.369995
1998-10-26,1452.599976
1998-10-27,1443.150024
1998-10-28,1447.150024
1998-10-29,1471.510010
1998-10-30,1488.780029
1998-11-02,1506.310059
1998-11-03,1505.319946
1998-11-04,1516.150024
1998-11-05,1536.849976
1998-11-06,1546.699951
1998-11-09,1532.290039
1998-11-10,1529.920044
1998-11-11,1520.040039
1998-11-12,1515.750000
1998-11-13,1526.709961
1998-11-16,1540.510010
1998-11-17,1545.209961
1998-11-18,1552.400024
1998-11-19,1563.520020
1998-11-20,1578.369995
1998-11-23,1611.839966
1998-11-24,1604.869995
1998-11-25,1610.280029
1998-11-27,1617.949951
1998-11-30,1579.020020
1998-12-01,1594.869995
1998-12-02,1589.770020
1998-12-03,1561.160034
1998-12-04,1597.270020
1998-12-07,1612.180054
1998-12-08,1603.689941
1998-12-09,1606.680054
1998-12-10,1581.650024
1998-12-11,1583.920044
1998-12-14,1549.630005
1998-12-15,1579.020020
1998-12-16,1577.869995
1998-12-17,1602.469971
1998-12-18,1613.410034
1998-12-21,1633.560059
1998-12-22,1634.579956
1998-12-23,1668.500000
1998-12-24,1665.449951
1998-12-28,1664.390015
1998-12-29,1687.030029
1998-12-30,1673.660034
1998-12-31,1670.010010
1999-01-04,1668.520020
1999-01-05,1691.250000
1999-01-06,1729.079956
1999-01-07,1725.640015
1999-01-08,1732.930054
1999-01-11,1717.689941
1999-01-12,1684.569946
1999-01-13,1677.729980
1999-01-14,1647.569946
1999-01-15,1689.819946
1999-01-19,1701.709961
1999-01-20,1708.089966
1999-01-21,1678.930054
1999-01-22,1665.390015
1999-01-25,1677.339966
1999-01-26,1702.260010
1999-01-27,1690.079956
1999-01-28,1720.439941
1999-01-29,1739.839966
1999-02-01,1730.810059
1999-02-02,1715.910034
1999-02-03,1729.839966
1999-02-04,1697.910034
1999-02-05,1685.579956
1999-02-08,1691.800049
1999-02-09,1654.239990
1999-02-10,1664.640015
1999-02-11,1706.250000
1999-02-12,1673.770020
1999-02-16,1689.750000
1999-02-17,1665.680054
1999-02-18,1683.839966
1999-02-19,1686.479980
1999-02-22,1731.319946
1999-02-23,1730.050049
1999-02-24,1706.030029
1999-02-25,1694.829956
1999-02-26,1685.770020
1999-03-01,1682.859985
1999-03-02,1668.369995
1999-03-03,1671.739990
1999-03-04,1697.760010
1999-03-05,1737.050049
1999-03-08,1747.040039
1999-03-09,1743.109985
1999-03-10,1752.750000
1999-03-11,1767.930054
1999-03-12,1763.739990
1999-03-15,1781.020020
1999-03-16,1779.839966
1999-03-17,1768.270020
1999-03-18,1793.849976
1999-03-19,1770.339966
1999-03-22,1767.260010
1999-03-23,1719.760010
1999-03-24,1728.569946
1999-03-25,1757.750000
1999-03-26,1747.949951
1999-03-29,1785.500000
1999-03-30,1772.790039
1999-03-31,1753.209961
1999-04-01,1763.310059
1999-04-05,1800.670044
1999-04-06,1796.339966
1999-04-07,1808.969971
1999-04-08,1832.339966
1999-04-09,1838.300049
1999-04-12,1852.349976
1999-04-13,1840.400024
1999-04-14,1811.290039
1999-04-15,1803.680054
1999-04-16,1798.420044
1999-04-19,1758.189941
1999-04-20,1780.939941
1999-04-21,1821.880005
1999-04-22,1852.859985
1999-04-23,1850.180054
1999-04-26,1854.530029
1999-04-27,1858.290039
1999-04-28,1842.219971
1999-04-29,1831.530029
1999-04-30,1821.109985
1999-05-03,1847.630005
1999-05-04,1816.790039
1999-05-05,1838.079956
1999-05-06,1817.390015
1999-05-07,1835.060059
1999-05-10,1829.160034
1999-05-11,1850.160034
1999-05-12,1861.969971
1999-05-13,1866.869995
1999-05-14,1826.310059
1999-05-17,1828.670044
1999-05-18,1820.359985
1999-05-19,1835.329956
1999-05-20,1828.050049
1999-05-21,1816.410034
1999-05-24,1784.140015
1999-05-25,1753.790039
1999-05-26,1781.839966
1999-05-27,1750.189941
1999-05-28,1778.099976
1999-06-01,1767.800049
1999-06-02,1768.920044
1999-06-03,1775.400024
1999-06-04,1813.969971
1999-06-07,1823.290039
1999-06-08,1799.869995
1999-06-09,1801.790039
1999-06-10,1780.189941
1999-06-11,1768.040039
1999-06-14,1768.560059
1999-06-15,1778.359985
1999-06-16,1818.400024
1999-06-17,1831.449951
1999-06-18,1835.479980
1999-06-21,1843.930054
1999-06-22,1826.000000
1999-06-23,1822.170044
1999-06-24,1798.550049
1999-06-25,1797.910034
1999-06-28,1820.089966
1999-06-29,1847.589966
1999-06-30,1876.780029
1999-07-01,1888.150024
1999-07-02,1902.180054
1999-07-06,1898.150024
1999-07-07,1909.130005
1999-07-08,1907.280029
1999-07-09,1919.400024
1999-07-12,1913.689941
1999-07-13,1906.189941
1999-07-14,1912.540039
1999-07-15,1928.209961
1999-07-16,1940.760010
1999-07-19,1925.550049
1999-07-20,1883.760010
1999-07-21,1886.859985
1999-07-22,1861.829956
1999-07-23,1856.310059
1999-07-26,1843.750000
1999-07-27,1864.380005
1999-07-28,1868.050049
1999-07-29,1835.020020
1999-07-30,1818.180054
1999-08-02,1817.270020
1999-08-03,1809.300049
1999-08-04,1786.510010
1999-08-05,1798.109985
1999-08-06,1780.060059
1999-08-09,1776.680054
1999-08-10,1754.329956
1999-08-11,1782.849976
1999-08-12,1777.750000
1999-08-13,1818.250000
1999-08-16,1822.530029
1999-08-17,1840.880005
1999-08-18,1825.560059
1999-08-19,1812.979980
1999-08-20,1830.819946
1999-08-23,1863.180054
1999-08-24,1867.680054
1999-08-25,1892.869995
1999-08-26,1865.790039
1999-08-27,1847.119995
1999-08-30,1814.109985
1999-08-31,1809.189941
1999-09-01,1824.199951
1999-09-02,1807.829956
1999-09-03,1860.150024
1999-09-07,1851.010010
1999-09-08,1842.560059
1999-09-09,1847.369995
1999-09-10,1852.849976
1999-09-13,1842.959961
1999-09-14,1832.229980
1999-09-15,1807.170044
1999-09-16,1807.979980
1999-09-17,1831.229980
1999-09-20,1831.420044
1999-09-21,1793.089966
1999-09-22,1797.150024
1999-09-23,1755.880005
1999-09-24,1751.699951
1999-09-27,1759.859985
1999-09-28,1758.770020
1999-09-29,1739.920044
1999-09-30,1759.589966
1999-10-01,1759.770020
1999-10-04,1789.709961
1999-10-05,1785.319946
1999-10-06,1818.609985
1999-10-07,1808.000000
1999-10-08,1833.219971
1999-10-11,1832.109985
1999-10-12,1801.689941
1999-10-13,1764.099976
1999-10-14,1761.180054
1999-10-15,1711.770020
1999-10-18,1721.000000
1999-10-19,1730.869995
1999-10-20,1769.550049
1999-10-21,1761.579956
1999-10-22,1786.359985
1999-10-25,1775.349976
1999-10-26,1759.270020
1999-10-27,1779.719971
1999-10-28,1842.800049
1999-10-29,1870.939941
1999-11-01,1858.859985
1999-11-02,1850.130005
1999-11-03,1860.280029
1999-11-04,1870.880005
1999-11-05,1881.329956
1999-11-08,1890.810059
1999-11-09,1875.069946
1999-11-10,1886.510010
1999-11-11,1897.500000
1999-11-12,1917.719971
1999-11-15,1915.469971
1999-11-16,1950.829956
1999-11-17,1938.219971
1999-11-18,1957.869995
1999-11-19,1953.839966
1999-11-22,1952.410034
1999-11-23,1930.099976
1999-11-24,1947.209961
1999-11-26,1946.719971
1999-11-29,1934.949951
1999-11-30,1908.969971
1999-12-01,1921.489990
1999-12-02,1937.069946
1999-12-03,1970.430054
1999-12-06,1956.760010
1999-12-07,1937.339966
1999-12-08,1930.239990
1999-12-09,1936.089966
1999-12-10,1948.369995
1999-12-13,1946.229980
1999-12-14,1929.680054
1999-12-15,1943.709961
1999-12-16,1951.310059
1999-12-17,1954.439941
1999-12-20,1950.439941
1999-12-21,1971.560059
1999-12-22,1975.500000
1999-12-23,2006.069946
1999-12-27,2004.369995
1999-12-28,2005.140015
1999-12-29,2013.380005
1999-12-30,2014.810059
1999-12-31,2021.400024
2000-01-03,2002.109985
2000-01-04,1925.410034
2000-01-05,1929.280029
2000-01-06,1931.510010
2000-01-07,1983.829956
2000-01-10,2006.069946
2000-01-11,1979.920044
2000-01-12,1971.359985
2000-01-13,1995.349976
2000-01-14,2016.640015
2000-01-18,2002.890015
2000-01-19,2004.020020
2000-01-20,1989.810059
2000-01-21,1984.010010
2000-01-24,1929.199951
2000-01-25,1940.900024
2000-01-26,1932.780029
2000-01-27,1925.310059
2000-01-28,1872.609985
2000-01-31,1919.839966
2000-02-01,1940.239990
2000-02-02,1940.209961
2000-02-03,1962.209961
2000-02-04,1961.439941
2000-02-07,1961.300049
2000-02-08,1985.489990
2000-02-09,1944.569946
2000-02-10,1951.650024
2000-02-11,1910.920044
2000-02-14,1914.880005
2000-02-15,1931.579956
2000-02-16,1912.119995
2000-02-17,1912.959961
2000-02-18,1854.849976
2000-02-22,1863.260010
2000-02-23,1875.160034
2000-02-24,1865.199951
2000-02-25,1837.699951
2000-02-28,1858.170044
2000-02-29,1883.500000
2000-03-01,1901.510010
2000-03-02,1905.089966
2000-03-03,1942.890015
2000-03-06,1918.439941
2000-03-07,1869.329956
2000-03-08,1884.810059
2000-03-09,1933.109985
2000-03-10,1923.979980
2000-03-13,1908.420044
2000-03-14,1874.689941
2000-03-15,1920.280029
2000-03-16,2012.030029
2000-03-17,2020.310059
2000-03-20,2009.530029
2000-03-21,2060.899902
2000-03-22,2070.270020
2000-03-23,2107.129883
2000-03-24,2107.280029
2000-03-27,2102.310059
2000-03-28,2080.080078
2000-03-29,2081.449951
2000-03-30,2053.050049
2000-03-31,2067.760010
2000-04-03,2077.969971
2000-04-04,2062.530029
2000-04-05,2052.520020
2000-04-06,2072.149902
2000-04-07,2092.870117
2000-04-10,2076.459961
2000-04-11,2071.219971
2000-04-12,2025.229980
2000-04-13,1988.430054
2000-04-14,1872.550049
2000-04-17,1934.500000
2000-04-18,1990.040039
2000-04-19,1970.579956
2000-04-20,1980.359985
2000-04-24,1973.910034
2000-04-25,2039.599976
2000-04-26,2017.040039
2000-04-27,2022.680054
2000-04-28,2005.550049
2000-05-01,2027.400024
2000-05-02,1997.089966
2000-05-03,1954.229980
2000-05-04,1946.650024
2000-05-05,1978.520020
2000-05-08,1967.010010
2000-05-09,1950.500000
2000-05-10,1910.790039
2000-05-11,1945.380005
2000-05-12,1963.589966
2000-05-15,2007.030029
2000-05-16,2025.959961
2000-05-17,2000.939941
2000-05-18,1986.400024
2000-05-19,1944.650024
2000-05-22,1936.040039
2000-05-23,1898.939941
2000-05-24,1933.849976
2000-05-25,1909.670044
2000-05-26,1904.979980
2000-05-30,1966.589966
2000-05-31,1964.400024
2000-06-01,2003.449951
2000-06-02,2042.790039
2000-06-05,2029.500000
2000-06-06,2015.979980
2000-06-07,2034.910034
2000-06-08,2021.560059
2000-06-09,2015.030029
2000-06-12,1999.920044
2000-06-13,2032.579956
2000-06-14,2034.189941
2000-06-15,2045.520020
2000-06-16,2026.000000
2000-06-19,2055.840088
2000-06-20,2041.939941
2000-06-21,2046.349976
2000-06-22,2009.130005
2000-06-23,1994.329956
2000-06-26,2013.469971
2000-06-27,2006.880005
2000-06-28,2013.079956
2000-06-29,1995.890015
2000-06-30,2012.829956
2000-07-03,2033.579956
2000-07-05,2001.709961
2000-07-06,2016.410034
2000-07-07,2047.189941
2000-07-10,2042.650024
2000-07-11,2049.989990
2000-07-12,2066.790039
2000-07-13,2070.860107
2000-07-14,2090.439941
2000-07-17,2091.139893
2000-07-18,2067.969971
2000-07-19,2051.760010
2000-07-20,2070.610107
2000-07-21,2049.310059
2000-07-24,2027.410034
2000-07-25,2041.510010
2000-07-26,2011.010010
2000-07-27,2007.290039
2000-07-28,1966.199951
2000-07-31,1981.359985
2000-08-01,1991.430054
2000-08-02,1992.410034
2000-08-03,2011.800049
2000-08-04,2026.400024
2000-08-07,2049.139893
2000-08-08,2054.120117
2000-08-09,2040.550049
2000-08-10,2023.329956
2000-08-11,2039.510010
2000-08-14,2066.899902
2000-08-15,2057.030029
2000-08-16,2050.929932
2000-08-17,2073.439941
2000-08-18,2067.479980
2000-08-21,2078.250000
2000-08-22,2076.379883
2000-08-23,2087.399902
2000-08-24,2090.659912
2000-08-25,2088.100098
2000-08-28,2098.719971
2000-08-29,2092.989990
2000-08-30,2083.479980
2000-08-31,2104.429932
2000-09-01,2108.760010
2000-09-05,2089.770020
2000-09-06,2069.399902
2000-09-07,2083.679932
2000-09-08,2072.580078
2000-09-11,2065.340088
2000-09-12,2055.260010
2000-09-13,2059.770020
2000-09-14,2054.209961
2000-09-15,2033.319946
2000-09-18,2003.810059
2000-09-19,2025.170044
2000-09-20,2013.339966
2000-09-21,2010.209961
2000-09-22,2009.760010
2000-09-25,1996.319946
2000-09-26,1979.920044
2000-09-27,1979.310059
2000-09-28,2023.329956
2000-09-29,1993.329956
2000-10-02,1992.939941
2000-10-03,1979.439941
2000-10-04,1990.619995
2000-10-05,1993.699951
2000-10-06,1955.819946
2000-10-09,1946.160034
2000-10-10,1925.410034
2000-10-11,1894.369995
2000-10-12,1846.079956
2000-10-13,1907.709961
2000-10-16,1908.339966
2000-10-17,1874.119995
2000-10-18,1863.349976
2000-10-19,1928.099976
2000-10-20,1939.439941
2000-10-23,1937.859985
2000-10-24,1941.130005
2000-10-25,1895.030029
2000-10-26,1894.420044
2000-10-27,1915.550049
2000-10-30,1942.199951
2000-10-31,1984.910034
2000-11-01,1973.719971
2000-11-02,1983.729980
2000-11-03,1981.500000
2000-11-06,1989.189941
2000-11-07,1988.800049
2000-11-08,1957.619995
2000-11-09,1945.239990
2000-11-10,1897.780029
2000-11-13,1877.510010
2000-11-14,1921.670044
2000-11-15,1931.439941
2000-11-16,1907.199951
2000-11-17,1900.880005
2000-11-20,1866.010010
2000-11-21,1872.719971
2000-11-22,1838.000000
2000-11-24,1865.000000
2000-11-27,1875.010010
2000-11-28,1857.300049
2000-11-29,1865.890015
2000-11-30,1828.420044
2000-12-01,1828.810059
2000-12-04,1842.359985
2000-12-05,1914.089966
2000-12-06,1879.579956
2000-12-07,1868.640015
2000-12-08,1905.290039
2000-12-11,1919.650024
2000-12-12,1907.099976
2000-12-13,1891.930054
2000-12-14,1865.449951
2000-12-15,1825.420044
2000-12-18,1840.180054
2000-12-19,1816.359985
2000-12-20,1759.619995
2000-12-21,1773.709961
2000-12-22,1817.000000
2000-12-26,1829.829956
2000-12-27,1849.339966
2000-12-28,1856.760010
2000-12-29,1837.369995
2001-01-02,1785.859985
2001-01-03,1875.560059
2001-01-04,1855.819946
2001-01-05,1807.130005
2001-01-08,1804.040039
2001-01-09,1810.979980
2001-01-10,1828.500000
2001-01-11,1847.369995
2001-01-12,1835.540039
2001-01-16,1847.130005
2001-01-17,1851.160034
2001-01-18,1876.939941
2001-01-19,1869.380005
2001-01-22,1869.890015
2001-01-23,1894.250000
2001-01-24,1899.709961
2001-01-25,1890.270020
2001-01-26,1886.800049
2001-01-29,1899.750000
2001-01-30,1913.130005
2001-01-31,1902.550049
2001-02-01,1913.109985
2001-02-02,1879.689941
2001-02-05,1886.479980
2001-02-06,1883.719971
2001-02-07,1868.290039
2001-02-08,1856.660034
2001-02-09,1831.959961
2001-02-12,1853.650024
2001-02-13,1837.770020
2001-02-14,1834.099976
2001-02-15,1849.150024
2001-02-16,1814.219971
2001-02-20,1782.750000
2001-02-21,1749.859985
2001-02-22,1746.500000
2001-02-23,1736.819946
2001-02-26,1767.290039
2001-02-27,1753.880005
2001-02-28,1729.079956
2001-03-01,1730.920044
2001-03-02,1721.089966
2001-03-05,1731.420044
2001-03-06,1748.739990
2001-03-07,1760.359985
2001-03-08,1764.390015
2001-03-09,1720.709961
2001-03-12,1646.420044
2001-03-13,1671.189941
2001-03-14,1628.020020
2001-03-15,1637.609985
2001-03-16,1605.479980
2001-03-19,1633.810059
2001-03-20,1594.500000
2001-03-21,1565.979980
2001-03-22,1559.650024
2001-03-23,1590.699951
2001-03-26,1608.650024
2001-03-27,1649.790039
2001-03-28,1609.670044
2001-03-29,1602.260010
2001-03-30,1619.540039
2001-04-02,1599.359985
2001-04-03,1544.349976
2001-04-04,1540.170044
2001-04-05,1607.459961
2001-04-06,1575.709961
2001-04-09,1588.500000
2001-04-10,1631.689941
2001-04-11,1628.229980
2001-04-12,1652.829956
2001-04-16,1647.500000
2001-04-17,1664.439941
2001-04-18,1729.260010
2001-04-19,1750.979980
2001-04-20,1736.020020
2001-04-23,1710.010010
2001-04-24,1689.229980
2001-04-25,1716.170044
2001-04-26,1724.380005
2001-04-27,1750.319946
2001-04-30,1745.390015
2001-05-01,1769.119995
2001-05-02,1770.660034
2001-05-03,1744.540039
2001-05-04,1769.780029
2001-05-07,1765.489990
2001-05-08,1762.410034
2001-05-09,1754.719971
2001-05-10,1754.459961
2001-05-11,1741.329956
2001-05-14,1746.010010
2001-05-15,1746.750000
2001-05-16,1796.719971
2001-05-17,1801.630005
2001-05-18,1806.829956
2001-05-21,1836.020020
2001-05-22,1831.199951
2001-05-23,1802.839966
2001-05-24,1808.640015
2001-05-25,1787.280029
2001-05-29,1773.459961
2001-05-30,1746.109985
2001-05-31,1757.089966
2001-06-01,1763.869995
2001-06-04,1772.920044
2001-06-05,1795.959961
2001-06-06,1777.250000
2001-06-07,1786.989990
2001-06-08,1770.209961
2001-06-11,1755.430054
2001-06-12,1757.479980
2001-06-13,1737.939941
2001-06-14,1707.560059
2001-06-15,1699.849976
2001-06-18,1691.589966
2001-06-19,1697.410034
2001-06-20,1712.260010
2001-06-21,1731.750000
2001-06-22,1715.390015
2001-06-25,1705.939941
2001-06-26,1703.369995
2001-06-27,1695.609985
2001-06-28,1716.810059
2001-06-29,1714.319946
2001-07-02,1731.530029
2001-07-03,1728.650024
2001-07-05,1707.680054
2001-07-06,1667.900024
2001-07-09,1679.400024
2001-07-10,1655.310059
2001-07-11,1653.540039
2001-07-12,1692.729980
2001-07-13,1703.310059
2001-07-16,1684.770020
2001-07-17,1701.569946
2001-07-18,1692.270020
2001-07-19,1702.520020
2001-07-20,1696.670044
2001-07-23,1668.900024
2001-07-24,1641.760010
2001-07-25,1668.160034
2001-07-26,1685.619995
2001-07-27,1689.790039
2001-07-30,1688.030029
2001-07-31,1697.449951
2001-08-01,1704.239990
2001-08-02,1711.170044
2001-08-03,1702.430054
2001-08-06,1683.030029
2001-08-07,1688.599976
2001-08-08,1659.579956
2001-08-09,1659.760010
2001-08-10,1669.209961
2001-08-13,1670.959961
2001-08-14,1664.609985
2001-08-15,1652.709961
2001-08-16,1657.880005
2001-08-17,1630.349976
2001-08-20,1643.589966
2001-08-21,1623.739990
2001-08-22,1635.160034
2001-08-23,1630.670044
2001-08-24,1662.739990
2001-08-27,1654.719971
2001-08-28,1629.910034
2001-08-29,1612.050049
2001-08-30,1584.770020
2001-08-31,1591.180054
2001-09-04,1590.290039
2001-09-05,1588.930054
2001-09-06,1553.410034
2001-09-07,1524.469971
2001-09-10,1533.979980
2001-09-17,1459.000000
2001-09-18,1450.540039
2001-09-19,1427.250000
2001-09-20,1382.930054
2001-09-21,1356.609985
2001-09-24,1409.500000
2001-09-25,1421.910034
2001-09-26,1415.010010
2001-09-27,1431.290039
2001-09-28,1462.689941
2001-10-01,1459.329956
2001-10-02,1477.290039
2001-10-03,1507.030029
2001-10-04,1503.310059
2001-10-05,1506.109985
2001-10-08,1493.540039
2001-10-09,1485.630005
2001-10-10,1519.770020
2001-10-11,1542.979980
2001-10-12,1534.859985
2001-10-15,1532.520020
2001-10-16,1543.150024
2001-10-17,1514.500000
2001-10-18,1502.609985
2001-10-19,1509.459961
2001-10-22,1532.550049
2001-10-23,1525.349976
2001-10-24,1525.959961
2001-10-25,1546.900024
2001-10-26,1553.260010
2001-10-29,1516.390015
2001-10-30,1490.439941
2001-10-31,1490.579956
2001-11-01,1524.959961
2001-11-02,1529.349976
2001-11-05,1551.390015
2001-11-06,1573.930054
2001-11-07,1570.160034
2001-11-08,1574.089966
2001-11-09,1576.609985
2001-11-12,1573.819946
2001-11-13,1603.280029
2001-11-14,1606.640015
2001-11-15,1608.089966
2001-11-16,1603.170044
2001-11-19,1620.660034
2001-11-20,1608.900024
2001-11-21,1601.020020
2001-11-23,1619.780029
2001-11-26,1629.760010
2001-11-27,1618.619995
2001-11-28,1589.380005
2001-11-29,1605.989990
2001-11-30,1604.920044
2001-12-03,1591.479980
2001-12-04,1612.469971
2001-12-05,1649.000000
2001-12-06,1644.479980
2001-12-07,1632.099976
2001-12-10,1606.229980
2001-12-11,1601.760010
2001-12-12,1602.449951
2001-12-13,1577.579956
2001-12-14,1582.810059
2001-12-17,1598.739990
2001-12-18,1610.829956
2001-12-19,1620.270020
2001-12-20,1606.920044
2001-12-21,1613.939941
2001-12-24,1613.599976
2001-12-26,1620.260010
2001-12-27,1631.689941
2001-12-28,1637.229980
2001-12-31,1618.979980
2002-01-02,1628.510010
2002-01-03,1643.479980
2002-01-04,1653.689941
2002-01-07,1642.949951
2002-01-08,1637.479980
2002-01-09,1629.699951
2002-01-10,1631.719971
2002-01-11,1616.349976
2002-01-14,1606.199951
2002-01-15,1617.180054
2002-01-16,1591.040039
2002-01-17,1607.020020
2002-01-18,1591.079956
2002-01-22,1579.410034
2002-01-23,1591.939941
2002-01-24,1597.550049
2002-01-25,1599.140015
2002-01-28,1598.859985
2002-01-29,1553.229980
2002-01-30,1571.689941
2002-01-31,1595.349976
2002-02-01,1584.060059
2002-02-04,1544.890015
2002-02-05,1538.699951
2002-02-06,1529.680054
2002-02-07,1525.260010
2002-02-08,1547.939941
2002-02-11,1570.209961
2002-02-12,1563.949951
2002-02-13,1580.030029
2002-02-14,1577.290039
2002-02-15,1559.979980
2002-02-19,1530.579956
2002-02-20,1551.369995
2002-02-21,1527.339966
2002-02-22,1539.910034
2002-02-25,1567.589966
2002-02-26,1567.650024
2002-02-27,1569.010010
2002-02-28,1564.589966
2002-03-01,1600.020020
2002-03-04,1631.250000
2002-03-05,1620.369995
2002-03-06,1644.199951
2002-03-07,1636.859985
2002-03-08,1646.439941
2002-03-11,1652.040039
2002-03-12,1648.280029
2002-03-13,1632.459961
2002-03-14,1631.000000
2002-03-15,1649.560059
2002-03-18,1648.729980
2002-03-19,1655.439941
2002-03-20,1629.430054
2002-03-21,1631.930054
2002-03-22,1625.020020
2002-03-25,1601.209961
2002-03-26,1610.810059
2002-03-27,1619.449951
2002-03-28,1623.430054
2002-04-01,1622.229980
2002-04-02,1608.390015
2002-04-03,1592.599976
2002-04-04,1593.959961
2002-04-05,1588.880005
2002-04-08,1592.880005
2002-04-09,1582.359985
2002-04-10,1600.359985
2002-04-11,1562.520020
2002-04-12,1572.890015
2002-04-15,1560.920044
2002-04-16,1597.479980
2002-04-17,1594.319946
2002-04-18,1592.079956
2002-04-19,1593.069946
2002-04-22,1568.520020
2002-04-23,1558.790039
2002-04-24,1547.739990
2002-04-25,1545.400024
2002-04-26,1524.079956
2002-04-29,1508.750000
2002-04-30,1525.000000
2002-05-01,1538.650024
2002-05-02,1536.160034
2002-05-03,1520.439941
2002-05-06,1491.050049
2002-05-07,1486.569946
2002-05-08,1542.530029
2002-05-09,1520.390015
2002-05-10,1494.869995
2002-05-13,1522.800049
2002-05-14,1555.040039
2002-05-15,1546.729980
2002-05-16,1556.930054
2002-05-17,1569.170044
2002-05-20,1548.310059
2002-05-21,1531.319946
2002-05-22,1540.119995
2002-05-23,1555.819946
2002-05-24,1537.020020
2002-05-28,1523.890015
2002-05-29,1514.329956
2002-05-30,1510.250000
2002-05-31,1513.770020
2002-06-03,1476.260010
2002-06-04,1476.280029
2002-06-05,1489.880005
2002-06-06,1460.500000
2002-06-07,1458.209961
2002-06-10,1462.780029
2002-06-11,1438.469971
2002-06-12,1448.160034
2002-06-13,1433.010010
2002-06-14,1429.780029
2002-06-17,1470.839966
2002-06-18,1472.250000
2002-06-19,1447.979980
2002-06-20,1428.550049
2002-06-21,1404.209961
2002-06-24,1409.300049
2002-06-25,1385.770020
2002-06-26,1382.780029
2002-06-27,1407.109985
2002-06-28,1405.939941
2002-07-01,1375.880005
2002-07-02,1346.959961
2002-07-03,1355.400024
2002-07-05,1405.199951
2002-07-08,1388.439941
2002-07-09,1354.229980
2002-07-10,1308.300049
2002-07-11,1318.180054
2002-07-12,1309.680054
2002-07-15,1304.760010
2002-07-16,1280.780029
2002-07-17,1287.979980
2002-07-18,1253.209961
2002-07-19,1205.160034
2002-07-22,1165.479980
2002-07-23,1133.989990
2002-07-24,1199.010010
2002-07-25,1192.280029
2002-07-26,1212.410034
2002-07-29,1278.099976
2002-07-30,1283.619995
2002-07-31,1296.339966
2002-08-01,1258.219971
2002-08-02,1229.189941
2002-08-05,1187.069946
2002-08-06,1222.589966
2002-08-07,1247.280029
2002-08-08,1288.119995
2002-08-09,1292.939941
2002-08-12,1286.089966
2002-08-13,1258.359985
2002-08-14,1309.040039
2002-08-15,1324.319946
2002-08-16,1322.359985
2002-08-19,1353.630005
2002-08-20,1334.699951
2002-08-21,1351.819946
2002-08-22,1370.849976
2002-08-23,1339.790039
2002-08-26,1349.880005
2002-08-27,1331.199951
2002-08-28,1307.280029
2002-08-29,1307.280029
2002-08-30,1304.859985
2002-09-03,1250.680054
2002-09-04,1273.030029
2002-09-05,1252.770020
2002-09-06,1273.880005
2002-09-09,1286.790039
2002-09-10,1296.229980
2002-09-11,1296.250000
2002-09-12,1264.420044
2002-09-13,1268.569946
2002-09-16,1270.449951
2002-09-17,1245.390015
2002-09-18,1239.699951
2002-09-19,1202.469971
2002-09-20,1205.420044
2002-09-23,1188.760010
2002-09-24,1168.219971
2002-09-25,1197.560059
2002-09-26,1219.599976
2002-09-27,1180.280029
2002-09-30,1163.040039
2002-10-01,1209.589966
2002-10-02,1181.319946
2002-10-03,1168.569946
2002-10-04,1142.359985
2002-10-07,1120.520020
2002-10-08,1139.900024
2002-10-09,1108.910034
2002-10-10,1147.800049
2002-10-11,1192.630005
2002-10-14,1201.369995
2002-10-15,1258.239990
2002-10-16,1228.010010
2002-10-17,1255.420044
2002-10-18,1262.839966
2002-10-21,1284.729980
2002-10-22,1271.079956
2002-10-23,1279.630005
2002-10-24,1260.170044
2002-10-25,1281.810059
2002-10-28,1271.199951
2002-10-29,1259.790039
2002-10-30,1272.250000
2002-10-31,1265.410034
2002-11-01,1287.130005
2002-11-04,1297.689941
2002-11-05,1307.800049
2002-11-06,1320.040039
2002-11-07,1290.150024
2002-11-08,1278.939941
2002-11-11,1252.420044
2002-11-12,1262.140015
2002-11-13,1261.969971
2002-11-14,1293.209961
2002-11-15,1301.280029
2002-11-18,1287.790039
2002-11-19,1282.609985
2002-11-20,1307.609985
2002-11-21,1335.750000
2002-11-22,1331.170044
2002-11-25,1334.520020
2002-11-26,1306.790039
2002-11-27,1343.469971
2002-11-29,1339.890015
2002-12-02,1337.349976
2002-12-03,1317.650024
2002-12-04,1313.540039
2002-12-05,1297.800049
2002-12-06,1305.989990
2002-12-09,1277.050049
2002-12-10,1294.910034
2002-12-11,1295.910034
2002-12-12,1291.160034
2002-12-13,1273.829956
2002-12-16,1303.849976
2002-12-17,1293.260010
2002-12-18,1276.359985
2002-12-19,1266.790039
2002-12-20,1283.260010
2002-12-23,1285.599976
2002-12-24,1278.579956
2002-12-26,1274.560059
2002-12-27,1254.660034
2002-12-30,1260.420044
2002-12-31,1261.180054
2003-01-02,1303.170044
2003-01-03,1302.550049
2003-01-06,1331.819946
2003-01-07,1323.170044
2003-01-08,1304.949951
2003-01-09,1330.310059
2003-01-10,1330.290039
2003-01-13,1328.500000
2003-01-14,1336.250000
2003-01-15,1317.180054
2003-01-16,1312.010010
2003-01-17,1293.630005
2003-01-21,1273.310059
2003-01-22,1260.160034
2003-01-23,1273.040039
2003-01-24,1235.839966
2003-01-27,1215.859985
2003-01-28,1231.739990
2003-01-29,1240.310059
2003-01-30,1212.229980
2003-01-31,1228.140015
2003-02-03,1234.790039
2003-02-04,1217.400024
2003-02-05,1211.040039
2003-02-06,1203.579956
2003-02-07,1191.459961
2003-02-10,1200.510010
2003-02-11,1190.829956
2003-02-12,1176.150024
2003-02-13,1174.430054
2003-02-14,1199.609985
2003-02-18,1223.109985
2003-02-19,1214.660034
2003-02-20,1203.180054
2003-02-21,1219.099976
2003-02-24,1196.709961
2003-02-25,1205.319946
2003-02-26,1189.979980
2003-02-27,1204.109985
2003-02-28,1209.709961
2003-03-03,1200.599976
2003-03-04,1182.170044
2003-03-05,1193.869995
2003-03-06,1182.819946
2003-03-07,1192.619995
2003-03-10,1161.849976
2003-03-11,1152.150024
2003-03-12,1157.609985
2003-03-13,1197.560059
2003-03-14,1199.550049
2003-03-17,1242.089966
2003-03-18,1247.400024
2003-03-19,1258.369995
2003-03-20,1260.770020
2003-03-21,1289.739990
2003-03-24,1244.310059
2003-03-25,1259.439941
2003-03-26,1252.589966
2003-03-27,1250.709961
2003-03-28,1243.510010
2003-03-31,1221.459961
2003-04-01,1236.300049
2003-04-02,1268.819946
2003-04-03,1262.430054
2003-04-04,1265.900024
2003-04-07,1267.489990
2003-04-08,1265.569946
2003-04-09,1247.989990
2003-04-10,1256.040039
2003-04-11,1251.410034
2003-04-14,1275.819946
2003-04-15,1283.959961
2003-04-16,1268.280029
2003-04-17,1287.989990
2003-04-21,1285.719971
2003-04-22,1313.630005
2003-04-23,1324.680054
2003-04-24,1313.750000
2003-04-25,1295.569946
2003-04-28,1318.849976
2003-04-29,1323.260010
2003-04-30,1322.069946
2003-05-01,1321.390015
2003-05-02,1341.280029
2003-05-05,1336.239990
2003-05-06,1347.540039
2003-05-07,1340.869995
2003-05-08,1327.420044
2003-05-09,1346.680054
2003-05-12,1363.609985
2003-05-13,1359.739990
2003-05-14,1355.760010
2003-05-15,1366.589966
2003-05-16,1363.319946
2003-05-19,1329.380005
2003-05-20,1327.869995
2003-05-21,1333.329956
2003-05-22,1345.530029
2003-05-23,1347.489990
2003-05-27,1373.859985
2003-05-28,1376.579956
2003-05-29,1371.510010
2003-05-30,1391.719971
2003-06-02,1396.699951
2003-06-03,1403.290039
2003-06-04,1424.910034
2003-06-05,1430.640015
2003-06-06,1427.280029
2003-06-09,1410.209961
2003-06-10,1423.109985
2003-06-11,1441.859985
2003-06-12,1443.410034
2003-06-13,1429.109985
2003-06-16,1461.150024
2003-06-17,1462.479980
2003-06-18,1460.319946
2003-06-19,1438.089966
2003-06-20,1439.540039
2003-06-23,1419.239990
2003-06-24,1421.859985
2003-06-25,1410.099976
2003-06-26,1425.819946
2003-06-27,1411.969971
2003-06-30,1409.479980
2003-07-01,1421.030029
2003-07-02,1437.609985
2003-07-03,1425.969971
2003-07-07,1453.069946
2003-07-08,1458.510010
2003-07-09,1450.510010
2003-07-10,1430.959961
2003-07-11,1444.699951
2003-07-14,1453.000000
2003-07-15,1448.020020
2003-07-16,1438.859985
2003-07-17,1421.109985
2003-07-18,1437.890015
2003-07-21,1416.880005
2003-07-22,1430.349976
2003-07-23,1431.099976
2003-07-24,1420.959961
2003-07-25,1445.699951
2003-07-28,1442.579956
2003-07-29,1432.310059
2003-07-30,1429.910034
2003-07-31,1434.329956
2003-08-01,1419.640015
2003-08-04,1423.510010
2003-08-05,1398.420044
2003-08-06,1401.010010
2003-08-07,1411.270020
2003-08-08,1416.300049
2003-08-11,1421.010010
2003-08-12,1435.170044
2003-08-13,1426.550049
2003-08-14,1435.959961
2003-08-15,1436.430054
2003-08-18,1449.650024
2003-08-19,1453.449951
2003-08-20,1450.609985
2003-08-21,1454.979980
2003-08-22,1440.170044
2003-08-25,1441.109985
2003-08-26,1445.510010
2003-08-27,1445.839966
2003-08-28,1454.699951
2003-08-29,1462.300049
2003-09-02,1482.609985
2003-09-03,1489.250000
2003-09-04,1491.770020
2003-09-05,1482.239990
2003-09-08,1497.219971
2003-09-09,1484.930054
2003-09-10,1467.290039
2003-09-11,1475.719971
2003-09-12,1478.939941
2003-09-15,1473.430054
2003-09-16,1494.500000
2003-09-17,1489.699951
2003-09-18,1509.469971
2003-09-19,1504.739990
2003-09-22,1485.160034
2003-09-23,1494.189941
2003-09-24,1465.660034
2003-09-25,1457.089966
2003-09-26,1448.030029
2003-09-29,1462.199951
2003-09-30,1446.770020
2003-10-01,1479.229980
2003-10-02,1482.359985
2003-10-03,1496.319946
2003-10-06,1502.859985
2003-10-07,1510.050049
2003-10-08,1502.650024
2003-10-09,1509.859985
2003-10-10,1509.000000
2003-10-13,1519.599976
2003-10-14,1525.599976
2003-10-15,1521.949951
2003-10-16,1526.800049
2003-10-17,1511.180054
2003-10-20,1518.969971
2003-10-21,1520.930054
2003-10-22,1498.280029
2003-10-23,1503.260010
2003-10-24,1496.199951
2003-10-27,1499.430054
2003-10-28,1522.209961
2003-10-29,1524.410034
2003-10-30,1523.119995
2003-10-31,1528.619995
2003-11-03,1540.709961
2003-11-04,1532.339966
2003-11-05,1530.540039
2003-11-06,1539.750000
2003-11-07,1533.020020
2003-11-10,1524.260010
2003-11-11,1523.469971
2003-11-12,1541.489990
2003-11-13,1541.300049
2003-11-14,1529.839966
2003-11-17,1520.069946
2003-11-18,1506.319946
2003-11-19,1518.510010
2003-11-20,1505.760010
2003-11-21,1508.209961
2003-11-24,1532.689941
2003-11-25,1535.489990
2003-11-26,1542.390015
2003-11-28,1542.069946
2003-12-01,1559.500000
2003-12-02,1554.420044
2003-12-03,1552.089966
2003-12-04,1559.469971
2003-12-05,1547.520020
2003-12-08,1558.959961
2003-12-09,1545.680054
2003-12-10,1544.310059
2003-12-11,1562.229980
2003-12-12,1566.500000
2003-12-15,1557.660034
2003-12-16,1568.020020
2003-12-17,1570.150024
2003-12-18,1588.900024
2003-12-19,1588.189941
2003-12-22,1594.430054
2003-12-23,1598.930054
2003-12-24,1596.050049
2003-12-26,1598.750000
2003-12-29,1619.160034
2003-12-30,1619.589966
2003-12-31,1622.939941
2004-01-02,1618.050049
2004-01-05,1638.099976
2004-01-06,1640.310059
2004-01-07,1644.599976
2004-01-08,1652.829956
2004-01-09,1638.140015
2004-01-12,1646.030029
2004-01-13,1637.329956
2004-01-14,1650.959961
2004-01-15,1653.209961
2004-01-16,1664.569946
2004-01-20,1663.030029
2004-01-21,1676.069946
2004-01-22,1670.729980
2004-01-23,1667.260010
2004-01-26,1687.439941
2004-01-27,1670.910034
2004-01-28,1648.439941
2004-01-29,1657.089966
2004-01-30,1652.729980
2004-02-02,1658.790039
2004-02-03,1659.920044
2004-02-04,1646.290039
2004-02-05,1649.349976
2004-02-06,1670.140015
2004-02-09,1666.160034
2004-02-10,1674.550049
2004-02-11,1693.030029
2004-02-12,1684.920044
2004-02-13,1675.859985
2004-02-17,1692.219971
2004-02-18,1684.900024
2004-02-19,1678.010010
2004-02-20,1673.709961
2004-02-23,1669.199951
2004-02-24,1666.420044
2004-02-25,1673.339966
2004-02-26,1675.630005
2004-02-27,1675.699951
2004-03-01,1691.900024
2004-03-02,1681.880005
2004-03-03,1685.170044
2004-03-04,1690.829956
2004-03-05,1693.760010
2004-03-08,1679.739990
2004-03-09,1670.069946
2004-03-10,1645.790039
2004-03-11,1621.209961
2004-03-12,1641.420044
2004-03-15,1617.910034
2004-03-16,1627.030029
2004-03-17,1646.290039
2004-03-18,1644.209961
2004-03-19,1625.839966
2004-03-22,1604.800049
2004-03-23,1602.670044
2004-03-24,1598.849976
2004-03-25,1625.010010
2004-03-26,1623.359985
2004-03-29,1644.750000
2004-03-30,1651.430054
2004-03-31,1650.420044
2004-04-01,1659.160034
2004-04-02,1673.410034
2004-04-05,1686.239990
2004-04-06,1683.229980
2004-04-07,1672.140015
2004-04-08,1670.359985
2004-04-12,1679.020020
2004-04-13,1655.989990
2004-04-14,1654.170044
2004-04-15,1655.150024
2004-04-16,1663.619995
2004-04-19,1665.400024
2004-04-20,1639.489990
2004-04-21,1648.310059
2004-04-22,1671.630005
2004-04-23,1672.619995
2004-04-26,1665.199951
2004-04-27,1668.989990
2004-04-28,1646.199951
2004-04-29,1634.160034
2004-04-30,1624.510010
2004-05-03,1639.459961
2004-05-04,1642.500000
2004-05-05,1645.650024
2004-05-06,1634.750000
2004-05-07,1612.310059
2004-05-10,1595.380005
2004-05-11,1607.939941
2004-05-12,1611.150024
2004-05-13,1610.050049
2004-05-14,1609.119995
2004-05-17,1592.229980
2004-05-18,1603.140015
2004-05-19,1599.290039
2004-05-20,1600.060059
2004-05-21,1606.489990
2004-05-24,1609.219971
2004-05-25,1635.140015
2004-05-26,1638.160034
2004-05-27,1647.650024
2004-05-28,1646.800049
2004-06-01,1647.569946
2004-06-02,1653.670044
2004-06-03,1641.430054
2004-06-04,1650.079956
2004-06-07,1676.479980
2004-06-08,1679.209961
2004-06-09,1663.380005
2004-06-10,1671.020020
2004-06-14,1655.000000
2004-06-15,1664.920044
2004-06-16,1667.229980
2004-06-17,1665.020020
2004-06-18,1669.390015
2004-06-21,1662.459961
2004-06-22,1668.550049
2004-06-23,1682.750000
2004-06-24,1678.069946
2004-06-25,1668.930054
2004-06-28,1667.609985
2004-06-29,1671.839966
2004-06-30,1678.829956
2004-07-01,1661.530029
2004-07-02,1656.329956
2004-07-06,1642.839966
2004-07-07,1646.359985
2004-07-08,1632.890015
2004-07-09,1638.420044
2004-07-12,1640.729980
2004-07-13,1641.959961
2004-07-14,1636.619995
2004-07-15,1629.579956
2004-07-16,1621.810059
2004-07-19,1621.089966
2004-07-20,1632.520020
2004-07-21,1610.880005
2004-07-22,1615.270020
2004-07-23,1599.619995
2004-07-26,1596.479980
2004-07-27,1612.329956
2004-07-28,1613.500000
2004-07-29,1621.349976
2004-07-30,1623.260010
2004-08-02,1630.479980
2004-08-03,1620.280029
2004-08-04,1619.000000
2004-08-05,1592.640015
2004-08-06,1568.069946
2004-08-09,1569.959961
2004-08-10,1590.349976
2004-08-11,1586.430054
2004-08-12,1567.949951
2004-08-13,1570.439941
2004-08-16,1591.939941
2004-08-17,1595.569946
2004-08-18,1615.719971
2004-08-19,1609.969971
2004-08-20,1620.469971
2004-08-23,1616.680054
2004-08-24,1617.459961
2004-08-25,1630.489990
2004-08-26,1630.680054
2004-08-27,1634.829956
2004-08-30,1622.280029
2004-08-31,1629.829956
2004-09-01,1632.819946
2004-09-02,1651.140015
2004-09-03,1644.250000
2004-09-07,1655.650024
2004-09-08,1648.520020
2004-09-09,1651.650024
2004-09-10,1659.839966
2004-09-13,1663.099976
2004-09-14,1666.819946
2004-09-15,1655.099976
2004-09-16,1659.780029
2004-09-17,1667.250000
2004-09-20,1657.880005
2004-09-21,1668.390015
2004-09-22,1645.170044
2004-09-23,1637.819946
2004-09-24,1640.400024
2004-09-27,1630.670044
2004-09-28,1640.619995
2004-09-29,1647.790039
2004-09-30,1647.479980
2004-10-01,1672.489990
2004-10-04,1678.099976
2004-10-05,1677.089966
2004-10-06,1688.829956
2004-10-07,1672.079956
2004-10-08,1659.510010
2004-10-11,1662.839966
2004-10-12,1659.069946
2004-10-13,1647.130005
2004-10-14,1631.810059
2004-10-15,1639.079956
2004-10-18,1647.699951
2004-10-19,1631.739990
2004-10-20,1632.489990
2004-10-21,1636.760010
2004-10-22,1620.849976
2004-10-25,1619.479980
2004-10-26,1643.569946
2004-10-27,1665.010010
2004-10-28,1668.550049
2004-10-29,1672.650024
2004-11-01,1673.109985
2004-11-02,1673.160034
2004-11-03,1692.219971
2004-11-04,1719.640015
2004-11-05,1726.339966
2004-11-08,1724.589966
2004-11-09,1724.079956
2004-11-10,1722.670044
2004-11-11,1738.319946
2004-11-12,1754.329956
2004-11-15,1753.989990
2004-11-16,1741.719971
2004-11-17,1751.569946
2004-11-18,1753.969971
2004-11-19,1734.449951
2004-11-22,1744.709961
2004-11-23,1744.310059
2004-11-24,1751.550049
2004-11-26,1753.089966
2004-11-29,1747.339966
2004-11-30,1740.329956
2004-12-01,1766.900024
2004-12-02,1765.369995
2004-12-03,1766.630005
2004-12-06,1765.329956
2004-12-07,1745.839966
2004-12-08,1754.750000
2004-12-09,1764.349976
2004-12-10,1762.510010
2004-12-13,1778.540039
2004-12-14,1785.510010
2004-12-15,1789.140015
2004-12-16,1785.510010
2004-12-17,1772.189941
2004-12-20,1772.869995
2004-12-21,1788.930054
2004-12-22,1795.660034
2004-12-23,1796.489990
2004-12-27,1788.760010
2004-12-28,1801.579956
2004-12-29,1801.709961
2004-12-30,1801.979980
2004-12-31,1799.550049
2005-01-03,1784.959961
2005-01-04,1764.300049
2005-01-05,1758.069946
2005-01-06,1764.630005
2005-01-07,1762.119995
2005-01-10,1768.170044
2005-01-11,1757.510010
2005-01-12,1764.719971
2005-01-13,1749.479980
2005-01-14,1759.979980
2005-01-18,1777.040039
2005-01-19,1760.280029
2005-01-20,1746.609985
2005-01-21,1735.430054
2005-01-24,1729.329956
2005-01-25,1736.250000
2005-01-26,1744.719971
2005-01-27,1745.579956
2005-01-28,1740.959961
2005-01-31,1755.680054
2005-02-01,1767.790039
2005-02-02,1773.630005
2005-02-03,1769.260010
2005-02-04,1788.819946
2005-02-07,1786.920044
2005-02-08,1788.160034
2005-02-09,1773.280029
2005-02-10,1780.800049
2005-02-11,1793.540039
2005-02-14,1794.979980
2005-02-15,1801.060059
2005-02-16,1801.589966
2005-02-17,1787.410034
2005-02-18,1788.650024
2005-02-22,1762.760010
2005-02-23,1772.760010
2005-02-24,1787.339966
2005-02-25,1804.170044
2005-02-28,1792.630005
2005-03-01,1802.790039
2005-03-02,1802.920044
2005-03-03,1803.510010
2005-03-04,1820.880005
2005-03-07,1825.699951
2005-03-08,1817.119995
2005-03-09,1798.790039
2005-03-10,1802.199951
2005-03-11,1789.010010
2005-03-14,1799.140015
2005-03-15,1785.609985
2005-03-16,1771.349976
2005-03-17,1774.550049
2005-03-18,1773.719971
2005-03-21,1764.979980
2005-03-22,1747.030029
2005-03-23,1748.280029
2005-03-24,1746.619995
2005-03-28,1750.890015
2005-03-29,1737.939941
2005-03-30,1762.089966
2005-03-31,1760.890015
2005-04-01,1749.449951
2005-04-04,1754.430054
2005-04-05,1762.319946
2005-04-06,1766.689941
2005-04-07,1777.349976
2005-04-08,1762.520020
2005-04-11,1762.560059
2005-04-12,1772.439941
2005-04-13,1751.770020
2005-04-14,1734.250000
2005-04-15,1705.260010
2005-04-18,1710.270020
2005-04-19,1720.430054
2005-04-20,1697.739990
2005-04-21,1731.270020
2005-04-22,1719.660034
2005-04-25,1734.560059
2005-04-26,1719.089966
2005-04-27,1726.209961
2005-04-28,1707.130005
2005-04-29,1727.489990
2005-05-02,1735.430054
2005-05-03,1733.949951
2005-05-04,1755.920044
2005-05-05,1751.469971
2005-05-06,1749.650024
2005-05-09,1760.869995
2005-05-10,1742.060059
2005-05-11,1750.260010
2005-05-12,1732.890015
2005-05-13,1725.150024
2005-05-16,1742.739990
2005-05-17,1755.099976
2005-05-18,1773.010010
2005-05-19,1781.280029
2005-05-20,1778.589966
2005-05-23,1785.459961
2005-05-24,1785.800049
2005-05-25,1779.810059
2005-05-26,1791.410034
2005-05-27,1793.339966
2005-05-31,1782.459961
2005-06-01,1799.150024
2005-06-02,1802.189941
2005-06-03,1789.829956
2005-06-06,1792.140015
2005-06-07,1791.890015
2005-06-08,1788.300049
2005-06-09,1797.719971
2005-06-10,1793.510010
2005-06-13,1798.069946
2005-06-14,1802.729980
2005-06-15,1806.780029
2005-06-16,1813.349976
2005-06-17,1822.349976
2005-06-20,1821.060059
2005-06-21,1817.359985
2005-06-22,1817.800049
2005-06-23,1798.489990
2005-06-24,1784.770020
2005-06-27,1783.449951
2005-06-28,1800.069946
2005-06-29,1797.729980
2005-06-30,1784.989990
2005-07-01,1789.849976
2005-07-05,1805.680054
2005-07-06,1791.050049
2005-07-07,1795.550049
2005-07-08,1816.520020
2005-07-11,1827.910034
2005-07-12,1832.150024
2005-07-13,1833.979980
2005-07-14,1838.800049
2005-07-15,1840.930054
2005-07-18,1830.750000
2005-07-19,1843.069946
2005-07-20,1852.020020
2005-07-21,1839.800049
2005-07-22,1849.810059
2005-07-25,1842.849976
2005-07-26,1846.040039
2005-07-27,1854.719971
2005-07-28,1865.640015
2005-07-29,1851.369995
2005-08-01,1853.130005
2005-08-02,1866.280029
2005-08-03,1868.060059
2005-08-04,1854.300049
2005-08-05,1840.189941
2005-08-08,1835.369995
2005-08-09,1847.760010
2005-08-10,1845.160034
2005-08-11,1858.430054
2005-08-12,1847.310059
2005-08-15,1852.780029
2005-08-16,1830.989990
2005-08-17,1832.819946
2005-08-18,1831.089966
2005-08-19,1832.290039
2005-08-22,1835.319946
2005-08-23,1829.109985
2005-08-24,1817.219971
2005-08-25,1821.459961
2005-08-26,1810.520020
2005-08-29,1821.560059
2005-08-30,1815.969971
2005-08-31,1834.479980
2005-09-01,1836.369995
2005-09-02,1831.060059
2005-09-06,1854.229980
2005-09-07,1859.000000
2005-09-08,1852.000000
2005-09-09,1866.739990
2005-09-12,1865.449951
2005-09-13,1851.869995
2005-09-14,1845.839966
2005-09-15,1846.760010
2005-09-16,1862.109985
2005-09-19,1851.739990
2005-09-20,1837.199951
2005-09-21,1820.489990
2005-09-22,1827.540039
2005-09-23,1828.540039
2005-09-26,1829.050049
2005-09-27,1829.130005
2005-09-28,1831.319946
2005-09-29,1847.619995
2005-09-30,1849.329956
2005-10-03,1846.170044
2005-10-04,1827.959961
2005-10-05,1801.400024
2005-10-06,1794.040039
2005-10-07,1800.709961
2005-10-10,1787.800049
2005-10-11,1784.219971
2005-10-12,1773.599976
2005-10-13,1772.359985
2005-10-14,1787.010010
2005-10-17,1792.329956
2005-10-18,1774.319946
2005-10-19,1801.010010
2005-10-20,1774.020020
2005-10-21,1776.729980
2005-10-24,1806.589966
2005-10-25,1802.300049
2005-10-26,1794.560059
2005-10-27,1776.010010
2005-10-28,1805.560059
2005-10-31,1818.500000
2005-11-01,1812.109985
2005-11-02,1830.430054
2005-11-03,1838.859985
2005-11-04,1839.160034
2005-11-07,1843.270020
2005-11-08,1837.800049
2005-11-09,1841.000000
2005-11-10,1856.900024
2005-11-11,1862.560059
2005-11-14,1861.250000
2005-11-15,1854.280029
2005-11-16,1857.969971
2005-11-17,1875.489990
2005-11-18,1883.989990
2005-11-21,1893.930054
2005-11-22,1903.660034
2005-11-23,1910.390015
2005-11-25,1914.410034
2005-11-28,1898.369995
2005-11-29,1898.739990
2005-11-30,1887.280029
2005-12-01,1910.229980
2005-12-02,1910.859985
2005-12-05,1906.420044
2005-12-06,1908.890015
2005-12-07,1899.689941
2005-12-08,1897.569946
2005-12-09,1902.920044
2005-12-12,1904.589966
2005-12-13,1915.300049
2005-12-14,1923.439941
2005-12-15,1920.849976
2005-12-16,1915.400024
2005-12-19,1904.209961
2005-12-20,1903.810059
2005-12-21,1908.650024
2005-12-22,1917.160034
2005-12-23,1918.250000
2005-12-27,1899.930054
2005-12-28,1902.739990
2005-12-29,1897.199951
2005-12-30,1887.939941
2006-01-03,1918.959961
2006-01-04,1926.390015
2006-01-05,1926.439941
2006-01-06,1945.020020
2006-01-09,1952.130005
2006-01-10,1951.530029
2006-01-11,1958.560059
2006-01-12,1946.280029
2006-01-13,1948.640015
2006-01-17,1941.569946
2006-01-18,1934.209961
2006-01-19,1944.979980
2006-01-20,1909.349976
2006-01-23,1912.910034
2006-01-24,1917.540039
2006-01-25,1914.280029
2006-01-26,1928.170044
2006-01-27,1943.339966
2006-01-30,1945.660034
2006-01-31,1937.930054
2006-02-01,1941.750000
2006-02-02,1924.670044
2006-02-03,1914.500000
2006-02-06,1916.040039
2006-02-07,1900.579956
2006-02-08,1917.839966
2006-02-09,1915.099976
2006-02-10,1920.000000
2006-02-13,1914.020020
2006-02-14,1933.459961
2006-02-15,1940.689941
2006-02-16,1955.060059
2006-02-17,1951.829956
2006-02-21,1945.449951
2006-02-22,1960.260010
2006-02-23,1953.369995
2006-02-24,1956.140015
2006-02-27,1963.579956
2006-02-28,1943.189941
2006-03-01,1959.770020
2006-03-02,1956.599976
2006-03-03,1953.739990
2006-03-06,1940.199951
2006-03-07,1936.680054
2006-03-08,1941.170044
2006-03-09,1931.729980
2006-03-10,1945.930054
2006-03-13,1950.390015
2006-03-14,1970.660034
2006-03-15,1979.209961
2006-03-16,1982.760010
2006-03-17,1985.689941
2006-03-20,1982.400024
2006-03-21,1970.500000
2006-03-22,1982.400024
2006-03-23,1977.290039
2006-03-24,1979.239990
2006-03-27,1977.189941
2006-03-28,1964.469971
2006-03-29,1979.510010
2006-03-30,1975.599976
2006-03-31,1967.380005
2006-04-03,1971.930054
2006-04-04,1984.469971
2006-04-05,1993.209961
2006-04-06,1989.869995
2006-04-07,1969.300049
2006-04-10,1971.030029
2006-04-11,1956.119995
2006-04-12,1958.489990
2006-04-13,1960.010010
2006-04-17,1954.250000
2006-04-18,1988.180054
2006-04-19,1991.839966
2006-04-20,1994.229980
2006-04-21,1993.989990
2006-04-24,1989.199951
2006-04-25,1979.510010
2006-04-26,1985.290039
2006-04-27,1992.390015
2006-04-28,1993.790039
2006-05-01,1985.550049
2006-05-02,1997.750000
2006-05-03,1989.969971
2006-05-04,1996.739990
2006-05-05,2017.339966
2006-05-08,2015.839966
2006-05-09,2016.599976
2006-05-10,2013.989990
2006-05-11,1988.560059
2006-05-12,1966.270020
2006-05-15,1971.449951
2006-05-16,1967.790039
2006-05-17,1935.180054
2006-05-18,1922.319946
2006-05-19,1930.270020
2006-05-22,1922.719971
2006-05-23,1914.380005
2006-05-24,1917.479980
2006-05-25,1939.520020
2006-05-26,1950.869995
2006-05-30,1920.089966
2006-05-31,1936.410034
2006-06-01,1960.280029
2006-06-02,1964.109985
2006-06-05,1929.229980
2006-06-06,1927.130005
2006-06-07,1915.770020
2006-06-08,1918.589966
2006-06-09,1910.010010
2006-06-12,1885.810059
2006-06-13,1866.920044
2006-06-14,1876.670044
2006-06-15,1916.560059
2006-06-16,1909.520020
2006-06-19,1892.119995
2006-06-20,1892.130005
2006-06-21,1910.619995
2006-06-22,1900.979980
2006-06-23,1899.319946
2006-06-26,1908.560059
2006-06-27,1891.239990
2006-06-28,1901.979980
2006-06-29,1943.089966
2006-06-30,1939.030029
2006-07-03,1954.489990
2006-07-05,1940.550049
2006-07-06,1945.900024
2006-07-07,1932.750000
2006-07-10,1935.619995
2006-07-11,1943.660034
2006-07-12,1922.619995
2006-07-13,1897.729980
2006-07-14,1888.430054
2006-07-17,1885.819946
2006-07-18,1889.479980
2006-07-19,1924.739990
2006-07-20,1908.420044
2006-07-21,1894.939941
2006-07-24,1926.500000
2006-07-25,1938.680054
2006-07-26,1937.959961
2006-07-27,1930.319946
2006-07-28,1953.859985
2006-07-31,1951.000000
2006-08-01,1942.219971
2006-08-02,1954.180054
2006-08-03,1957.410034
2006-08-04,1956.050049
2006-08-07,1950.630005
2006-08-08,1944.219971
2006-08-09,1936.300049
2006-08-10,1945.609985
2006-08-11,1938.130005
2006-08-14,1940.500000
2006-08-15,1967.260010
2006-08-16,1982.810059
2006-08-17,1986.040039
2006-08-18,1993.430054
2006-08-21,1986.109985
2006-08-22,1988.099976
2006-08-23,1979.349976
2006-08-24,1984.089966
2006-08-25,1982.810059
2006-08-28,1993.060059
2006-08-29,1997.209961
2006-08-30,1998.079956
2006-08-31,1997.420044
2006-09-01,2008.469971
2006-09-05,2012.000000
2006-09-06,1992.420044
2006-09-07,1982.930054
2006-09-08,1990.439941
2006-09-11,1991.489990
2006-09-12,2012.319946
2006-09-13,2020.489990
2006-09-14,2017.859985
2006-09-15,2023.349976
2006-09-18,2025.390015
2006-09-19,2021.010010
2006-09-20,2031.589966
2006-09-21,2021.079956
2006-09-22,2016.089966
2006-09-25,2033.869995
2006-09-26,2049.199951
2006-09-27,2049.969971
2006-09-28,2053.929932
2006-09-29,2048.889893
2006-10-02,2041.989990
2006-10-03,2046.280029
2006-10-04,2071.449951
2006-10-05,2076.629883
2006-10-06,2071.050049
2006-10-09,2072.709961
2006-10-10,2077.010010
2006-10-11,2071.899902
2006-10-12,2091.689941
2006-10-13,2095.969971
2006-10-16,2101.270020
2006-10-17,2093.580078
2006-10-18,2096.709961
2006-10-19,2098.320068
2006-10-20,2100.860107
2006-10-23,2113.820068
2006-10-24,2114.360107
2006-10-25,2121.840088
2006-10-26,2132.389893
2006-10-27,2114.649902
2006-10-30,2115.629883
2006-10-31,2115.649902
2006-11-01,2100.370117
2006-11-02,2100.209961
2006-11-03,2095.679932
2006-11-06,2119.530029
2006-11-07,2124.280029
2006-11-08,2129.219971
2006-11-09,2118.320068
2006-11-10,2122.260010
2006-11-13,2128.169922
2006-11-14,2141.949951
2006-11-15,2147.600098
2006-11-16,2152.570068
2006-11-17,2154.800049
2006-11-20,2153.760010
2006-11-21,2157.419922
2006-11-22,2162.649902
2006-11-24,2154.959961
2006-11-27,2125.669922
2006-11-28,2133.520020
2006-11-29,2154.090088
2006-11-30,2155.889893
2006-12-01,2149.850098
2006-12-04,2169.000000
2006-12-05,2177.750000
2006-12-06,2175.449951
2006-12-07,2166.870117
2006-12-08,2170.840088
2006-12-11,2175.800049
2006-12-12,2173.580078
2006-12-13,2176.520020
2006-12-14,2195.590088
2006-12-15,2198.070068
2006-12-18,2190.969971
2006-12-19,2195.800049
2006-12-20,2192.760010
2006-12-21,2185.209961
2006-12-22,2173.899902
2006-12-26,2183.379883
2006-12-27,2199.149902
2006-12-28,2196.000000
2006-12-29,2186.129883
2007-01-03,2183.919922
2007-01-04,2186.600098
2007-01-05,2173.290039
2007-01-08,2178.800049
2007-01-09,2177.679932
2007-01-10,2182.159912
2007-01-11,2196.020020
2007-01-12,2206.679932
2007-01-16,2208.479980
2007-01-17,2206.699951
2007-01-18,2200.199951
2007-01-19,2206.600098
2007-01-22,2195.000000
2007-01-23,2202.770020
2007-01-24,2221.560059
2007-01-25,2196.540039
2007-01-26,2193.889893
2007-01-29,2191.709961
2007-01-30,2204.399902
2007-01-31,2219.189941
2007-02-01,2231.610107
2007-02-02,2235.389893
2007-02-05,2233.439941
2007-02-06,2235.020020
2007-02-07,2239.050049
2007-02-08,2236.459961
2007-02-09,2220.719971
2007-02-12,2213.580078
2007-02-13,2230.800049
2007-02-14,2248.399902
2007-02-15,2250.969971
2007-02-16,2249.070068
2007-02-20,2255.479980
2007-02-21,2252.429932
2007-02-22,2251.030029
2007-02-23,2243.260010
2007-02-26,2240.729980
2007-02-27,2163.110107
2007-02-28,2175.780029
2007-03-01,2170.169922
2007-03-02,2145.429932
2007-03-05,2125.340088
2007-03-06,2158.360107
2007-03-07,2153.649902
2007-03-08,2169.139893
2007-03-09,2170.620117
2007-03-12,2176.500000
2007-03-13,2132.760010
2007-03-14,2147.179932
2007-03-15,2155.179932
2007-03-16,2146.929932
2007-03-19,2170.330078
2007-03-20,2184.100098
2007-03-21,2221.459961
2007-03-22,2220.679932
2007-03-23,2223.120117
2007-03-26,2225.260010
2007-03-27,2211.520020
2007-03-28,2194.379883
2007-03-29,2202.679932
2007-03-30,2200.120117
2007-04-02,2205.850098
2007-04-03,2226.760010
2007-04-04,2229.260010
2007-04-05,2236.709961
2007-04-09,2238.030029
2007-04-10,2243.929932
2007-04-11,2229.439941
2007-04-12,2243.300049
2007-04-13,2251.120117
2007-04-16,2275.350098
2007-04-17,2280.010010
2007-04-18,2281.610107
2007-04-19,2278.909912
2007-04-20,2300.080078
2007-04-23,2294.830078
2007-04-24,2294.020020
2007-04-25,2317.500000
2007-04-26,2315.909912
2007-04-27,2315.699951
2007-04-30,2297.580078
2007-05-01,2303.679932
2007-05-02,2318.840088
2007-05-03,2329.540039
2007-05-04,2334.610107
2007-05-07,2340.679932
2007-05-08,2338.139893
2007-05-09,2346.300049
2007-05-10,2313.939941
2007-05-11,2336.479980
2007-05-14,2332.429932
2007-05-15,2329.610107
2007-05-16,2350.399902
2007-05-17,2348.439941
2007-05-18,2363.969971
2007-05-21,2367.629883
2007-05-22,2366.100098
2007-05-23,2363.290039
2007-05-24,2340.639893
2007-05-25,2353.419922
2007-05-29,2357.389893
2007-05-30,2377.090088
2007-05-31,2377.750000
2007-06-01,2386.629883
2007-06-04,2391.129883
2007-06-05,2378.439941
2007-06-06,2357.949951
2007-06-07,2316.629883
2007-06-08,2342.979980
2007-06-11,2345.270020
2007-06-12,2320.219971
2007-06-13,2356.020020
2007-06-14,2367.520020
2007-06-15,2382.969971
2007-06-18,2380.090088
2007-06-19,2384.260010
2007-06-20,2351.870117
2007-06-21,2366.919922
2007-06-22,2336.409912
2007-06-25,2328.909912
2007-06-26,2321.459961
2007-06-27,2342.840088
2007-06-28,2341.899902
2007-06-29,2338.250000
2007-07-02,2363.280029
2007-07-03,2372.219971
2007-07-05,2373.070068
2007-07-06,2381.590088
2007-07-09,2383.800049
2007-07-10,2349.979980
2007-07-11,2363.719971
2007-07-12,2408.790039
2007-07-13,2416.280029
2007-07-16,2411.649902
2007-07-17,2411.409912
2007-07-18,2406.689941
2007-07-19,2417.500000
2007-07-20,2387.959961
2007-07-23,2399.639893
2007-07-24,2352.120117
2007-07-25,2363.120117
2007-07-26,2307.979980
2007-07-27,2271.409912
2007-07-30,2294.750000
2007-07-31,2265.750000
2007-08-01,2282.300049
2007-08-02,2292.790039
2007-08-03,2231.979980
2007-08-06,2285.929932
2007-08-07,2300.100098
2007-08-08,2333.239990
2007-08-09,2264.500000
2007-08-10,2265.360107
2007-08-13,2264.580078
2007-08-14,2223.709961
2007-08-15,2193.399902
2007-08-16,2200.610107
2007-08-17,2254.679932
2007-08-20,2254.070068
2007-08-21,2256.530029
2007-08-22,2283.090088
2007-08-23,2280.679932
2007-08-24,2307.219971
2007-08-27,2287.620117
2007-08-28,2234.030029
2007-08-29,2283.580078
2007-08-30,2274.159912
2007-08-31,2299.709961
2007-09-04,2323.830078
2007-09-05,2298.159912
2007-09-06,2308.350098
2007-09-07,2269.320068
2007-09-10,2266.510010
2007-09-11,2297.409912
2007-09-12,2298.139893
2007-09-13,2317.629883
2007-09-14,2318.110107
2007-09-17,2306.250000
2007-09-18,2373.629883
2007-09-19,2388.149902
2007-09-20,2372.610107
2007-09-21,2383.560059
2007-09-24,2371.030029
2007-09-25,2370.270020
2007-09-26,2383.530029
2007-09-27,2392.919922
2007-09-28,2385.719971
2007-10-01,2417.439941
2007-10-02,2416.830078
2007-10-03,2406.310059
2007-10-04,2411.409912
2007-10-05,2435.159912
2007-10-08,2427.330078
2007-10-09,2447.030029
2007-10-10,2443.020020
2007-10-11,2430.550049
2007-10-12,2442.120117
2007-10-15,2421.669922
2007-10-16,2405.760010
2007-10-17,2410.219971
2007-10-18,2408.459961
2007-10-19,2346.780029
2007-10-22,2355.739990
2007-10-23,2376.479980
2007-10-24,2370.709961
2007-10-25,2368.429932
2007-10-26,2401.070068
2007-10-29,2410.330078
2007-10-30,2394.810059
2007-10-31,2423.669922
2007-11-01,2360.209961
2007-11-02,2362.209961
2007-11-05,2350.689941
2007-11-06,2379.050049
2007-11-07,2310.409912
2007-11-08,2309.179932
2007-11-09,2276.260010
2007-11-12,2253.530029
2007-11-13,2319.860107
2007-11-14,2304.060059
2007-11-15,2273.729980
2007-11-16,2285.669922
2007-11-19,2245.810059
2007-11-20,2256.020020
2007-11-21,2220.209961
2007-11-23,2257.949951
2007-11-26,2205.489990
2007-11-27,2238.520020
2007-11-28,2303.169922
2007-11-29,2304.429932
2007-11-30,2322.340088
2007-12-03,2308.739990
2007-12-04,2293.649902
2007-12-05,2329.709961
2007-12-06,2364.969971
2007-12-07,2360.790039
2007-12-10,2378.600098
2007-12-11,2318.520020
2007-12-12,2332.850098
2007-12-13,2335.790039
2007-12-14,2303.790039
2007-12-17,2269.239990
2007-12-18,2283.500000
2007-12-19,2280.469971
2007-12-20,2292.229980
2007-12-21,2330.810059
2007-12-24,2349.659912
2007-12-26,2351.600098
2007-12-27,2318.719971
2007-12-28,2322.110107
2007-12-31,2306.229980
2008-01-02,2273.409912
2008-01-03,2273.409912
2008-01-04,2217.590088
2008-01-07,2224.760010
2008-01-08,2184.669922
2008-01-09,2214.600098
2008-01-10,2232.250000
2008-01-11,2202.030029
2008-01-14,2225.979980
2008-01-15,2170.510010
2008-01-16,2158.580078
2008-01-17,2095.860107
2008-01-18,2083.239990
2008-01-22,2060.149902
2008-01-23,2104.370117
2008-01-24,2125.610107
2008-01-25,2091.879883
2008-01-28,2128.639893
2008-01-29,2141.850098
2008-01-30,2131.790039
2008-01-31,2167.899902
2008-02-01,2194.429932
2008-02-04,2171.510010
2008-02-05,2102.229980
2008-02-06,2087.050049
2008-02-07,2104.020020
2008-02-08,2095.209961
2008-02-11,2107.649902
2008-02-12,2123.060059
2008-02-13,2152.760010
2008-02-14,2123.939941
2008-02-15,2125.850098
2008-02-19,2124.120117
2008-02-20,2141.949951
2008-02-21,2115.129883
2008-02-22,2132.020020
2008-02-25,2161.510010
2008-02-26,2176.479980
2008-02-27,2175.000000
2008-02-28,2155.810059
2008-02-29,2097.479980
2008-03-03,2098.639893
2008-03-04,2091.419922
2008-03-05,2103.419922
2008-03-06,2057.439941
2008-03-07,2040.170044
2008-03-10,2008.709961
2008-03-11,2083.360107
2008-03-12,2065.209961
2008-03-13,2075.879883
2008-03-14,2032.790039
2008-03-17,2014.880005
2008-03-18,2100.379883
2008-03-19,2049.399902
2008-03-20,2098.459961
2008-03-24,2130.620117
2008-03-25,2135.540039
2008-03-26,2116.929932
2008-03-27,2093.110107
2008-03-28,2076.560059
2008-03-31,2088.419922
2008-04-01,2163.379883
2008-04-02,2159.629883
2008-04-03,2162.459961
2008-04-04,2164.209961
2008-04-07,2167.610107
2008-04-08,2157.280029
2008-04-09,2139.989990
2008-04-10,2149.669922
2008-04-11,2106.010010
2008-04-14,2098.919922
2008-04-15,2108.590088
2008-04-16,2156.669922
2008-04-17,2158.080078
2008-04-18,2197.239990
2008-04-21,2193.870117
2008-04-22,2174.590088
2008-04-23,2180.909912
2008-04-24,2194.959961
2008-04-25,2209.250000
2008-04-28,2207.020020
2008-04-29,2198.500000
2008-04-30,2190.129883
2008-05-01,2228.090088
2008-05-02,2235.300049
2008-05-05,2225.370117
2008-05-06,2242.469971
2008-05-07,2202.770020
2008-05-08,2210.949951
2008-05-09,2196.540039
2008-05-12,2220.810059
2008-05-13,2220.459961
2008-05-14,2229.739990
2008-05-15,2253.760010
2008-05-16,2256.639893
2008-05-19,2258.739990
2008-05-20,2237.790039
2008-05-21,2202.020020
2008-05-22,2208.199951
2008-05-23,2179.050049
2008-05-27,2193.979980
2008-05-28,2203.100098
2008-05-29,2215.120117
2008-05-30,2218.500000
2008-06-02,2195.270020
2008-06-03,2182.649902
2008-06-04,2183.010010
2008-06-05,2225.739990
2008-06-06,2157.239990
2008-06-09,2159.030029
2008-06-10,2153.770020
2008-06-11,2117.840088
2008-06-12,2124.939941
2008-06-13,2156.959961
2008-06-16,2157.139893
2008-06-17,2142.550049
2008-06-18,2121.780029
2008-06-19,2130.300049
2008-06-20,2090.820068
2008-06-23,2090.939941
2008-06-24,2085.080078
2008-06-25,2097.370117
2008-06-26,2036.400024
2008-06-27,2028.890015
2008-06-30,2031.469971
2008-07-01,2039.660034
2008-07-02,2002.640015
2008-07-03,2004.869995
2008-07-07,1988.089966
2008-07-08,2022.829956
2008-07-09,1976.969971
2008-07-10,1990.780029
2008-07-11,1968.859985
2008-07-14,1951.079956
2008-07-15,1929.849976
2008-07-16,1978.469971
2008-07-17,2002.300049
2008-07-18,2002.880005
2008-07-21,2001.859985
2008-07-22,2028.910034
2008-07-23,2037.150024
2008-07-24,1990.089966
2008-07-25,1998.410034
2008-07-28,1961.229980
2008-07-29,2007.209961
2008-07-30,2040.810059
2008-07-31,2014.390015
2008-08-01,2003.160034
2008-08-04,1985.229980
2008-08-05,2042.439941
2008-08-06,2050.229980
2008-08-07,2013.660034
2008-08-08,2061.770020
2008-08-11,2076.590088
2008-08-12,2051.659912
2008-08-13,2046.349976
2008-08-14,2057.719971
2008-08-15,2066.360107
2008-08-18,2035.300049
2008-08-19,2016.520020
2008-08-20,2029.150024
2008-08-21,2034.349976
2008-08-22,2057.639893
2008-08-25,2017.270020
2008-08-26,2024.719971
2008-08-27,2041.239990
2008-08-28,2071.860107
2008-08-29,2043.530029
2008-09-02,2035.239990
2008-09-03,2032.130005
2008-09-04,1971.369995
2008-09-05,1980.180054
2008-09-08,2021.130005
2008-09-09,1952.140015
2008-09-10,1964.250000
2008-09-11,1992.000000
2008-09-12,1996.260010
2008-09-15,1902.170044
2008-09-16,1935.489990
2008-09-17,1844.310059
2008-09-18,1924.849976
2008-09-19,2002.319946
2008-09-22,1925.859985
2008-09-23,1895.780029
2008-09-24,1892.050049
2008-09-25,1929.239990
2008-09-26,1935.790039
2008-09-29,1765.719971
2008-09-30,1861.439941
2008-10-01,1853.260010
2008-10-02,1778.900024
2008-10-03,1754.910034
2008-10-06,1687.339966
2008-10-07,1590.510010
2008-10-08,1573.339966
2008-10-09,1453.520020
2008-10-10,1436.560059
2008-10-13,1602.930054
2008-10-14,1594.410034
2008-10-15,1450.500000
2008-10-16,1512.209961
2008-10-17,1502.839966
2008-10-20,1574.500000
2008-10-21,1526.020020
2008-10-22,1433.219971
2008-10-23,1451.369995
2008-10-24,1401.290039
2008-10-27,1356.780029
2008-10-28,1503.160034
2008-10-29,1486.729980
2008-10-30,1525.369995
2008-10-31,1548.810059
2008-11-03,1544.910034
2008-11-04,1608.000000
2008-11-05,1524.209961
2008-11-06,1448.010010
2008-11-07,1490.310059
2008-11-10,1471.640015
2008-11-11,1439.219971
2008-11-12,1365.150024
2008-11-13,1459.819946
2008-11-14,1399.199951
2008-11-17,1363.140015
2008-11-18,1376.819946
2008-11-19,1292.760010
2008-11-20,1206.040039
2008-11-21,1282.589966
2008-11-24,1365.630005
2008-11-25,1374.790039
2008-11-26,1423.900024
2008-11-28,1437.680054
2008-12-01,1309.390015
2008-12-02,1361.790039
2008-12-03,1397.719971
2008-12-04,1356.810059
2008-12-05,1406.359985
2008-12-08,1460.599976
2008-12-09,1426.880005
2008-12-10,1444.000000
2008-12-11,1403.199951
2008-12-12,1413.069946
2008-12-15,1395.209961
2008-12-16,1466.869995
2008-12-17,1452.880005
2008-12-18,1422.189941
2008-12-19,1426.390015
2008-12-22,1400.420044
2008-12-23,1387.079956
2008-12-24,1395.760010
2008-12-26,1403.219971
2008-12-29,1398.250000
2008-12-30,1432.650024
2008-12-31,1452.979980
2009-01-02,1499.170044
2009-01-05,1492.209961
2009-01-06,1503.869995
2009-01-07,1459.579956
2009-01-08,1464.599976
2009-01-09,1433.410034
2009-01-12,1401.069946
2009-01-13,1403.630005
2009-01-14,1356.790039
2009-01-15,1358.640015
2009-01-16,1368.920044
2009-01-20,1296.630005
2009-01-21,1353.329956
2009-01-22,1332.839966
2009-01-23,1340.020020
2009-01-26,1347.469971
2009-01-27,1362.180054
2009-01-28,1408.069946
2009-01-29,1361.540039
2009-01-30,1330.510010
2009-02-02,1329.810059
2009-02-03,1350.890015
2009-02-04,1341.770020
2009-02-05,1363.819946
2009-02-06,1401.060059
2009-02-09,1403.189941
2009-02-10,1334.300049
2009-02-11,1345.500000
2009-02-12,1348.150024
2009-02-13,1334.829956
2009-02-17,1274.260010
2009-02-18,1273.290039
2009-02-19,1258.819946
2009-02-20,1244.719971
2009-02-23,1201.560059
2009-02-24,1249.760010
2009-02-25,1236.739990
2009-02-26,1217.489990
2009-02-27,1188.839966
2009-03-02,1133.430054
2009-03-03,1126.180054
2009-03-04,1153.349976
2009-03-05,1104.380005
2009-03-06,1106.000000
2009-03-09,1095.040039
2009-03-10,1164.829956
2009-03-11,1168.069946
2009-03-12,1215.869995
2009-03-13,1225.319946
2009-03-16,1221.030029
2009-03-17,1260.290039
2009-03-18,1286.619995
2009-03-19,1269.930054
2009-03-20,1244.859985
2009-03-23,1333.209961
2009-03-24,1306.030029
2009-03-25,1318.609985
2009-03-26,1349.369995
2009-03-27,1322.189941
2009-03-30,1276.219971
2009-03-31,1292.979980
2009-04-01,1314.630005
2009-04-02,1352.469971
2009-04-03,1365.660034
2009-04-06,1354.359985
2009-04-07,1322.910034
2009-04-08,1338.530029
2009-04-09,1389.489990
2009-04-13,1393.130005
2009-04-14,1365.199951
2009-04-15,1382.359985
2009-04-16,1403.890015
2009-04-17,1410.849976
2009-04-20,1350.520020
2009-04-21,1379.219971
2009-04-22,1368.920044
2009-04-23,1382.520020
2009-04-24,1405.739990
2009-04-27,1391.579956
2009-04-28,1387.819946
2009-04-29,1417.989990
2009-04-30,1416.729980
2009-05-01,1424.410034
2009-05-04,1472.640015
2009-05-05,1467.250000
2009-05-06,1493.310059
2009-05-07,1473.660034
2009-05-08,1509.140015
2009-05-11,1477.199951
2009-05-12,1475.829956
2009-05-13,1436.739990
2009-05-14,1451.170044
2009-05-15,1435.479980
2009-05-18,1479.239990
2009-05-19,1476.939941
2009-05-20,1469.469971
2009-05-21,1445.280029
2009-05-22,1443.140015
2009-05-26,1481.099976
2009-05-27,1453.280029
2009-05-28,1475.939941
2009-05-29,1495.969971
2009-06-01,1534.650024
2009-06-02,1537.689941
2009-06-03,1516.880005
2009-06-04,1534.589966
2009-06-05,1530.810059
2009-06-08,1529.589966
2009-06-09,1535.030029
2009-06-10,1529.760010
2009-06-11,1539.500000
2009-06-12,1541.699951
2009-06-15,1505.060059
2009-06-16,1485.920044
2009-06-17,1483.900024
2009-06-18,1496.589966
2009-06-19,1501.250000
2009-06-22,1455.540039
2009-06-23,1458.920044
2009-06-24,1468.479980
2009-06-25,1499.979980
2009-06-26,1498.079956
2009-06-29,1511.699951
2009-06-30,1498.939941
2009-07-01,1505.640015
2009-07-02,1461.800049
2009-07-06,1465.579956
2009-07-07,1436.739990
2009-07-08,1435.199951
2009-07-09,1440.300049
2009-07-10,1434.500000
2009-07-13,1470.430054
2009-07-14,1478.239990
2009-07-15,1522.089966
2009-07-16,1535.300049
2009-07-17,1534.709961
2009-07-20,1552.260010
2009-07-21,1557.910034
2009-07-22,1557.369995
2009-07-23,1593.650024
2009-07-24,1598.500000
2009-07-27,1603.260010
2009-07-28,1599.089966
2009-07-29,1592.000000
2009-07-30,1611.140015
2009-07-31,1612.310059
2009-08-03,1637.060059
2009-08-04,1642.030029
2009-08-05,1637.810059
2009-08-06,1628.819946
2009-08-07,1650.729980
2009-08-10,1645.260010
2009-08-11,1624.910034
2009-08-12,1644.229980
2009-08-13,1655.660034
2009-08-14,1641.540039
2009-08-17,1602.060059
2009-08-18,1618.599976
2009-08-19,1629.920044
2009-08-20,1647.849976
2009-08-21,1678.839966
2009-08-24,1677.939941
2009-08-25,1681.920044
2009-08-26,1682.290039
2009-08-27,1687.160034
2009-08-28,1684.050049
2009-08-31,1670.520020
2009-09-01,1633.630005
2009-09-02,1628.660034
2009-09-03,1642.680054
2009-09-04,1664.339966
2009-09-08,1679.319946
2009-09-09,1692.479980
2009-09-10,1710.140015
2009-09-11,1708.180054
2009-09-14,1719.040039
2009-09-15,1724.449951
2009-09-16,1750.910034
2009-09-17,1745.800049
2009-09-18,1750.430054
2009-09-21,1744.469971
2009-09-22,1755.989990
2009-09-23,1738.319946
2009-09-24,1722.020020
2009-09-25,1711.530029
2009-09-28,1742.319946
2009-09-29,1738.479980
2009-09-30,1732.859985
2009-10-01,1688.239990
2009-10-02,1680.699951
2009-10-05,1705.729980
2009-10-06,1729.140015
2009-10-07,1734.739990
2009-10-08,1747.699951
2009-10-09,1757.599976
2009-10-12,1765.310059
2009-10-13,1760.510010
2009-10-14,1791.469971
2009-10-15,1798.910034
2009-10-16,1784.349976
2009-10-19,1801.119995
2009-10-20,1789.930054
2009-10-21,1774.329956
2009-10-22,1793.339966
2009-10-23,1771.500000
2009-10-26,1750.750000
2009-10-27,1744.949951
2009-10-28,1711.089966
2009-10-29,1749.760010
2009-10-30,1700.670044
2009-11-02,1711.650024
2009-11-03,1715.810059
2009-11-04,1718.209961
2009-11-05,1751.449951
2009-11-06,1756.069946
2009-11-09,1795.560059
2009-11-10,1795.900024
2009-11-11,1804.930054
2009-11-12,1786.660034
2009-11-13,1796.930054
2009-11-16,1823.290039
2009-11-17,1825.180054
2009-11-18,1824.609985
2009-11-19,1800.119995
2009-11-20,1794.650024
2009-11-23,1819.170044
2009-11-24,1818.310059
2009-11-25,1826.739990
2009-11-27,1795.699951
2009-11-30,1802.680054
2009-12-01,1824.540039
2009-12-02,1825.400024
2009-12-03,1810.130005
2009-12-04,1820.109985
2009-12-07,1815.699951
2009-12-08,1797.310059
2009-12-09,1804.099976
2009-12-10,1814.810059
2009-12-11,1821.500000
2009-12-14,1834.550049
2009-12-15,1824.369995
2009-12-16,1826.449951
2009-12-17,1804.959961
2009-12-18,1815.349976
2009-12-21,1834.589966
2009-12-22,1841.170044
2009-12-23,1845.800049
2009-12-24,1855.500000
2009-12-28,1857.890015
2009-12-29,1855.609985
2009-12-30,1856.140015
2009-12-31,1837.500000
2010-01-04,1867.060059
2010-01-05,1872.900024
2010-01-06,1874.729980
2010-01-07,1882.339966
2010-01-08,1887.770020
2010-01-11,1891.060059
2010-01-12,1873.319946
2010-01-13,1889.099976
2010-01-14,1893.719971
2010-01-15,1873.300049
2010-01-19,1896.719971
2010-01-20,1876.900024
2010-01-21,1841.390015
2010-01-22,1800.609985
2010-01-25,1808.930054
2010-01-26,1801.339966
2010-01-27,1810.209961
2010-01-28,1788.969971
2010-01-29,1771.400024
2010-02-01,1796.670044
2010-02-02,1819.989990
2010-02-03,1810.640015
2010-02-04,1754.300049
2010-02-05,1759.380005
2010-02-08,1744.369995
2010-02-09,1767.180054
2010-02-10,1763.689941
2010-02-11,1781.010010
2010-02-12,1776.500000
2010-02-16,1808.719971
2010-02-17,1816.699951
2010-02-18,1828.810059
2010-02-19,1833.089966
2010-02-22,1831.209961
2010-02-23,1809.050049
2010-02-24,1826.989990
2010-02-25,1823.640015
2010-02-26,1826.270020
2010-03-01,1844.869995
2010-03-02,1849.170044
2010-03-03,1850.239990
2010-03-04,1857.199951
2010-03-05,1883.280029
2010-03-08,1883.290039
2010-03-09,1886.599976
2010-03-10,1895.380005
2010-03-11,1903.680054
2010-03-12,1903.290039
2010-03-15,1904.189941
2010-03-16,1919.020020
2010-03-17,1930.219971
2010-03-18,1929.630005
2010-03-19,1919.800049
2010-03-22,1929.640015
2010-03-23,1943.699951
2010-03-24,1933.040039
2010-03-25,1929.750000
2010-03-26,1931.180054
2010-03-29,1942.510010
2010-03-30,1942.810059
2010-03-31,1936.479980
2010-04-01,1950.910034
2010-04-05,1966.439941
2010-04-06,1969.760010
2010-04-07,1959.040039
2010-04-08,1965.719971
2010-04-09,1978.859985
2010-04-12,1982.400024
2010-04-13,1983.910034
2010-04-14,2006.060059
2010-04-15,2007.739990
2010-04-16,1975.359985
2010-04-19,1984.319946
2010-04-20,2000.329956
2010-04-21,1998.310059
2010-04-22,2002.930054
2010-04-23,2017.189941
2010-04-26,2008.550049
2010-04-27,1961.599976
2010-04-28,1974.630005
2010-04-29,2000.339966
2010-04-30,1967.050049
2010-05-03,1992.869995
2010-05-04,1945.369995
2010-05-05,1933.250000
2010-05-06,1870.949951
2010-05-07,1842.319946
2010-05-10,1923.390015
2010-05-11,1917.250000
2010-05-12,1944.250000
2010-05-13,1920.760010
2010-05-14,1884.670044
2010-05-17,1887.109985
2010-05-18,1860.650024
2010-05-19,1851.280029
2010-05-20,1779.300049
2010-05-21,1806.050049
2010-05-24,1782.770020
2010-05-25,1783.400024
2010-05-26,1773.650024
2010-05-27,1832.609985
2010-05-28,1809.979980
2010-06-01,1778.989990
2010-06-02,1825.250000
2010-06-03,1832.719971
2010-06-04,1769.719971
2010-06-07,1745.869995
2010-06-08,1765.290039
2010-06-09,1754.910034
2010-06-10,1806.689941
2010-06-11,1815.260010
2010-06-14,1812.020020
2010-06-15,1854.609985
2010-06-16,1853.619995
2010-06-17,1856.250000
2010-06-18,1858.699951
2010-06-21,1851.550049
2010-06-22,1822.050049
2010-06-23,1816.650024
2010-06-24,1786.130005
2010-06-25,1791.239990
2010-06-28,1787.939941
2010-06-29,1732.550049
2010-06-30,1715.229980
2010-07-01,1709.770020
2010-07-02,1701.859985
2010-07-06,1710.969971
2010-07-07,1765.420044
2010-07-08,1782.099976
2010-07-09,1794.939941
2010-07-12,1796.300049
2010-07-13,1824.069946
2010-07-14,1823.819946
2010-07-15,1826.000000
2010-07-16,1773.430054
2010-07-19,1784.060059
2010-07-20,1804.479980
2010-07-21,1781.599976
2010-07-22,1821.760010
2010-07-23,1836.750000
2010-07-26,1857.329956
2010-07-27,1855.390015
2010-07-28,1842.660034
2010-07-29,1835.290039
2010-07-30,1835.400024
2010-08-02,1875.849976
2010-08-03,1866.869995
2010-08-04,1878.810059
2010-08-05,1876.510010
2010-08-06,1869.770020
2010-08-09,1880.060059
2010-08-10,1868.880005
2010-08-11,1817.130005
2010-08-12,1807.609985
2010-08-13,1800.390015
2010-08-16,1800.699951
2010-08-17,1823.180054
2010-08-18,1826.140015
2010-08-19,1795.239990
2010-08-20,1788.670044
2010-08-23,1781.469971
2010-08-24,1755.650024
2010-08-25,1761.619995
2010-08-26,1748.140015
2010-08-27,1777.599976
2010-08-30,1751.790039
2010-08-31,1752.550049
2010-09-01,1804.459961
2010-09-02,1820.979980
2010-09-03,1845.099976
2010-09-07,1824.050049
2010-09-08,1836.209961
2010-09-09,1845.089966
2010-09-10,1854.099976
2010-09-13,1875.410034
2010-09-14,1874.069946
2010-09-15,1880.739990
2010-09-16,1880.369995
2010-09-17,1881.930054
2010-09-20,1910.599976
2010-09-21,1905.739990
2010-09-22,1896.770020
2010-09-23,1880.969971
2010-09-24,1920.839966
2010-09-27,1909.979980
2010-09-28,1919.589966
2010-09-29,1914.839966
2010-09-30,1908.949951
2010-10-01,1917.420044
2010-10-04,1902.150024
2010-10-05,1941.819946
2010-10-06,1941.500000
2010-10-07,1938.310059
2010-10-08,1950.180054
2010-10-11,1950.469971
2010-10-12,1957.920044
2010-10-13,1972.079956
2010-10-14,1964.900024
2010-10-15,1968.869995
2010-10-18,1983.170044
2010-10-19,1951.670044
2010-10-20,1972.510010
2010-10-21,1976.119995
2010-10-22,1980.829956
2010-10-25,1985.109985
2010-10-26,1985.130005
2010-10-27,1980.050049
2010-10-28,1982.449951
2010-10-29,1981.589966
2010-11-01,1983.469971
2010-11-02,1998.859985
2010-11-03,2006.579956
2010-11-04,2045.619995
2010-11-05,2053.770020
2010-11-08,2049.689941
2010-11-09,2033.849976
2010-11-10,2043.160034
2010-11-11,2034.479980
2010-11-12,2010.569946
2010-11-15,2008.250000
2010-11-16,1976.260010
2010-11-17,1977.000000
2010-11-18,2007.380005
2010-11-19,2012.589966
2010-11-22,2009.520020
2010-11-23,1980.890015
2010-11-24,2010.560059
2010-11-26,1996.030029
2010-11-29,1993.829956
2010-11-30,1981.839966
2010-12-01,2024.969971
2010-12-02,2050.959961
2010-12-03,2056.399902
2010-12-06,2053.800049
2010-12-07,2054.889893
2010-12-08,2063.030029
2010-12-09,2071.120117
2010-12-10,2083.570068
2010-12-13,2084.000000
2010-12-14,2085.929932
2010-12-15,2075.290039
2010-12-16,2088.189941
2010-12-17,2089.949951
2010-12-20,2095.320068
2010-12-21,2108.260010
2010-12-22,2115.689941
2010-12-23,2112.370117
2010-12-27,2113.669922
2010-12-28,2115.320068
2010-12-29,2117.830078
2010-12-30,2114.699951
2010-12-31,2114.290039
2011-01-03,2138.300049
2011-01-04,2135.530029
2011-01-05,2146.500000
2011-01-06,2142.760010
2011-01-07,2138.810059
2011-01-10,2135.860107
2011-01-11,2143.820068
2011-01-12,2163.360107
2011-01-13,2159.659912
2011-01-14,2175.679932
2011-01-18,2178.719971
2011-01-19,2156.969971
2011-01-20,2154.179932
2011-01-21,2159.429932
2011-01-24,2172.030029
2011-01-25,2172.669922
2011-01-26,2181.919922
2011-01-27,2186.929932
2011-01-28,2147.949951
2011-01-31,2164.399902
2011-02-01,2200.540039
2011-02-02,2194.939941
2011-02-03,2200.419922
2011-02-04,2206.800049
2011-02-07,2220.600098
2011-02-08,2230.590088
2011-02-09,2224.639893
2011-02-10,2226.510010
2011-02-11,2239.080078
2011-02-14,2244.889893
2011-02-15,2237.899902
2011-02-16,2252.300049
2011-02-17,2259.419922
2011-02-18,2263.790039
2011-02-22,2217.350098
2011-02-23,2203.889893
2011-02-24,2202.229980
2011-02-25,2226.050049
2011-02-28,2238.550049
2011-03-01,2203.320068
2011-03-02,2207.239990
2011-03-03,2245.330078
2011-03-04,2228.780029
2011-03-07,2210.260010
2011-03-08,2230.399902
2011-03-09,2227.699951
2011-03-10,2185.649902
2011-03-11,2201.810059
2011-03-14,2188.560059
2011-03-15,2164.060059
2011-03-16,2121.939941
2011-03-17,2150.429932
2011-03-18,2159.689941
2011-03-21,2192.090088
2011-03-22,2184.570068
2011-03-23,2190.959961
2011-03-24,2211.419922
2011-03-25,2218.419922
2011-03-28,2212.320068
2011-03-29,2228.409912
2011-03-30,2243.550049
2011-03-31,2239.439941
2011-04-01,2250.580078
2011-04-04,2251.639893
2011-04-05,2251.260010
2011-04-06,2257.110107
2011-04-07,2253.760010
2011-04-08,2244.739990
2011-04-11,2238.510010
2011-04-12,2221.120117
2011-04-13,2221.770020
2011-04-14,2221.989990
2011-04-15,2230.699951
2011-04-18,2206.149902
2011-04-19,2218.860107
2011-04-20,2248.899902
2011-04-21,2260.840088
2011-04-25,2257.239990
2011-04-26,2277.510010
2011-04-27,2292.129883
2011-04-28,2300.459961
2011-04-29,2305.760010
2011-05-02,2301.719971
2011-05-03,2293.949951
2011-05-04,2278.629883
2011-05-05,2258.080078
2011-05-06,2266.969971
2011-05-09,2277.300049
2011-05-10,2295.719971
2011-05-11,2271.469971
2011-05-12,2282.840088
2011-05-13,2264.520020
2011-05-16,2250.610107
2011-05-17,2250.350098
2011-05-18,2270.570068
2011-05-19,2275.709961
2011-05-20,2258.209961
2011-05-23,2231.310059
2011-05-24,2229.489990
2011-05-25,2236.750000
2011-05-26,2246.129883
2011-05-27,2255.739990
2011-05-31,2279.659912
2011-06-01,2227.959961
2011-06-02,2225.360107
2011-06-03,2203.810059
2011-06-06,2180.139893
2011-06-07,2178.149902
2011-06-08,2169.500000
2011-06-09,2185.520020
2011-06-10,2155.000000
2011-06-13,2157.149902
2011-06-14,2184.479980
2011-06-15,2146.449951
2011-06-16,2150.580078
2011-06-17,2157.139893
2011-06-20,2168.800049
2011-06-21,2198.149902
2011-06-22,2184.030029
2011-06-23,2177.850098
2011-06-24,2152.310059
2011-06-27,2172.080078
2011-06-28,2200.679932
2011-06-29,2219.199951
2011-06-30,2241.659912
2011-07-01,2274.260010
2011-07-05,2271.290039
2011-07-06,2274.419922
2011-07-07,2298.310059
2011-07-08,2282.320068
2011-07-11,2241.070068
2011-07-12,2231.149902
2011-07-13,2238.290039
2011-07-14,2223.290039
2011-07-15,2235.649902
2011-07-18,2217.550049
2011-07-19,2253.709961
2011-07-20,2252.520020
2011-07-21,2283.229980
2011-07-22,2285.340088
2011-07-25,2272.469971
2011-07-26,2263.149902
2011-07-27,2217.290039
2011-07-28,2210.330078
2011-07-29,2196.080078
2011-08-01,2187.000000
2011-08-02,2131.100098
2011-08-03,2142.560059
2011-08-04,2040.199951
2011-08-05,2039.040039
2011-08-08,1903.469971
2011-08-09,1993.760010
2011-08-10,1906.530029
2011-08-11,1995.140015
2011-08-12,2005.670044
2011-08-15,2049.510010
2011-08-16,2029.920044
2011-08-17,2032.410034
2011-08-18,1941.920044
2011-08-19,1912.770020
2011-08-22,1913.270020
2011-08-23,1978.890015
2011-08-24,2005.130005
2011-08-25,1973.959961
2011-08-26,2004.109985
2011-08-29,2061.050049
2011-08-30,2066.370117
2011-08-31,2076.780029
2011-09-01,2052.300049
2011-09-02,2000.500000
2011-09-06,1985.670044
2011-09-07,2043.050049
2011-09-08,2021.420044
2011-09-09,1967.469971
2011-09-12,1981.300049
2011-09-13,2000.079956
2011-09-14,2027.040039
2011-09-15,2062.250000
2011-09-16,2074.060059
2011-09-19,2053.739990
2011-09-20,2050.389893
2011-09-21,1990.199951
2011-09-22,1926.760010
2011-09-23,1938.729980
2011-09-26,1983.969971
2011-09-27,2005.189941
2011-09-28,1964.199951
2011-09-29,1980.229980
2011-09-30,1930.790039
2011-10-03,1875.949951
2011-10-04,1918.390015
2011-10-05,1953.670044
2011-10-06,1989.609985
2011-10-07,1973.420044
2011-10-10,2040.760010
2011-10-11,2041.900024
2011-10-12,2062.219971
2011-10-13,2056.260010
2011-10-14,2091.989990
2011-10-17,2051.540039
2011-10-18,2093.429932
2011-10-19,2067.280029
2011-10-20,2076.750000
2011-10-21,2115.860107
2011-10-24,2143.129883
2011-10-25,2100.169922
2011-10-26,2122.320068
2011-10-27,2195.219971
2011-10-28,2196.129883
2011-10-31,2141.810059
2011-11-01,2081.969971
2011-11-02,2115.699951
2011-11-03,2155.870117
2011-11-04,2142.340088
2011-11-07,2156.000000
2011-11-08,2182.610107
2011-11-09,2102.719971
2011-11-10,2121.139893
2011-11-11,2162.479980
2011-11-14,2142.090088
2011-11-15,2152.800049
2011-11-16,2117.639893
2011-11-17,2082.100098
2011-11-18,2081.419922
2011-11-21,2042.709961
2011-11-22,2034.410034
2011-11-23,1989.540039
2011-11-25,1984.500000
2011-11-28,2042.800049
2011-11-29,2048.060059
2011-11-30,2137.080078
2011-12-01,2133.070068
2011-12-02,2132.639893
2011-12-05,2154.679932
2011-12-06,2157.100098
2011-12-07,2162.070068
2011-12-08,2116.409912
2011-12-09,2152.149902
2011-12-12,2120.149902
2011-12-13,2102.149902
2011-12-14,2078.510010
2011-12-15,2085.439941
2011-12-16,2092.179932
2011-12-19,2067.669922
2011-12-20,2129.669922
2011-12-21,2133.860107
2011-12-22,2152.040039
2011-12-23,2171.500000
2011-12-27,2171.709961
2011-12-28,2145.090088
2011-12-29,2168.120117
2011-12-30,2158.939941
2012-01-03,2192.399902
2012-01-04,2193.280029
2012-01-05,2199.729980
2012-01-06,2194.979980
2012-01-09,2200.000000
2012-01-10,2219.580078
2012-01-11,2220.479980
2012-01-12,2225.739990
2012-01-13,2214.729980
2012-01-17,2222.590088
2012-01-18,2247.639893
2012-01-19,2258.800049
2012-01-20,2260.370117
2012-01-23,2261.469971
2012-01-24,2259.219971
2012-01-25,2278.830078
2012-01-26,2265.840088
2012-01-27,2262.350098
2012-01-30,2256.719971
2012-01-31,2255.689941
2012-02-01,2276.239990
2012-02-02,2278.919922
2012-02-03,2312.489990
2012-02-06,2311.550049
2012-02-07,2316.270020
2012-02-08,2322.110107
2012-02-09,2325.560059
2012-02-10,2309.600098
2012-02-13,2325.810059
2012-02-14,2324.000000
2012-02-15,2312.280029
2012-02-16,2338.120117
2012-02-17,2343.669922
2012-02-21,2345.409912
2012-02-22,2337.669922
2012-02-23,2348.110107
2012-02-24,2352.340088
2012-02-27,2355.739990
2012-02-28,2364.030029
2012-02-29,2353.229980
2012-03-01,2367.870117
2012-03-02,2360.280029
2012-03-05,2351.280029
2012-03-06,2315.209961
2012-03-07,2331.889893
2012-03-08,2355.010010
2012-03-09,2363.560059
2012-03-12,2364.100098
2012-03-13,2407.790039
2012-03-14,2404.979980
2012-03-15,2419.370117
2012-03-16,2422.090088
2012-03-19,2431.729980
2012-03-20,2424.459961
2012-03-21,2420.020020
2012-03-22,2402.709961
2012-03-23,2410.159912
2012-03-26,2443.639893
2012-03-27,2437.010010
2012-03-28,2425.550049
2012-03-29,2421.699951
2012-03-30,2430.669922
2012-04-02,2449.080078
2012-04-03,2439.889893
2012-04-04,2415.050049
2012-04-05,2414.399902
2012-04-09,2387.030029
2012-04-10,2346.270020
2012-04-11,2364.090088
2012-04-12,2396.689941
2012-04-13,2366.840088
2012-04-16,2365.649902
2012-04-17,2402.290039
2012-04-18,2392.570068
2012-04-19,2378.479980
2012-04-20,2381.320068
2012-04-23,2361.350098
2012-04-24,2370.040039
2012-04-25,2402.709961
2012-04-26,2418.889893
2012-04-27,2424.780029
2012-04-30,2415.419922
2012-05-01,2429.100098
2012-05-02,2423.290039
2012-05-03,2405.169922
2012-05-04,2366.389893
2012-05-07,2367.260010
2012-05-08,2357.449951
2012-05-09,2342.310059
2012-05-10,2348.929932
2012-05-11,2341.229980
2012-05-14,2315.449951
2012-05-15,2302.560059
2012-05-16,2293.209961
2012-05-17,2258.929932
2012-05-18,2242.250000
2012-05-21,2278.239990
2012-05-22,2279.399902
2012-05-23,2283.360107
2012-05-24,2286.870117
2012-05-25,2281.919922
2012-05-29,2307.570068
2012-05-30,2275.189941
2012-05-31,2270.250000
2012-06-01,2214.409912
2012-06-04,2214.699951
2012-06-05,2227.449951
2012-06-06,2279.419922
2012-06-07,2279.280029
2012-06-08,2297.820068
2012-06-11,2268.939941
2012-06-12,2295.399902
2012-06-13,2280.129883
2012-06-14,2304.830078
2012-06-15,2328.659912
2012-06-18,2332.070068
2012-06-19,2355.010010
2012-06-20,2351.139893
2012-06-21,2299.159912
2012-06-22,2315.649902
2012-06-25,2278.979980
2012-06-26,2289.860107
2012-06-27,2310.979980
2012-06-28,2306.219971
2012-06-29,2363.790039
2012-07-02,2369.750000
2012-07-03,2385.060059
2012-07-05,2373.909912
2012-07-06,2352.340088
2012-07-09,2348.520020
2012-07-10,2329.459961
2012-07-11,2329.709961
2012-07-12,2318.090088
2012-07-13,2356.399902
2012-07-16,2350.939941
2012-07-17,2368.360107
2012-07-18,2384.540039
2012-07-19,2391.270020
2012-07-20,2367.260010
2012-07-23,2346.219971
2012-07-24,2325.020020
2012-07-25,2324.330078
2012-07-26,2362.850098
2012-07-27,2408.070068
2012-07-30,2406.989990
2012-07-31,2396.620117
2012-08-01,2389.729980
2012-08-02,2372.310059
2012-08-03,2417.770020
2012-08-06,2423.459961
2012-08-07,2435.879883
2012-08-08,2438.159912
2012-08-09,2440.229980
2012-08-10,2445.639893
2012-08-13,2443.050049
2012-08-14,2443.159912
2012-08-15,2446.820068
2012-08-16,2464.379883
2012-08-17,2469.000000
2012-08-20,2468.989990
2012-08-21,2460.409912
2012-08-22,2461.120117
2012-08-23,2441.290039
2012-08-24,2457.399902
2012-08-27,2456.219971
2012-08-28,2454.389893
2012-08-29,2457.050049
2012-08-30,2438.199951
2012-08-31,2450.600098
2012-09-04,2447.800049
2012-09-05,2445.810059
2012-09-06,2496.120117
2012-09-07,2506.370117
2012-09-10,2491.110107
2012-09-11,2498.949951
2012-09-12,2504.840088
2012-09-13,2546.030029
2012-09-14,2556.129883
2012-09-17,2548.260010
2012-09-18,2545.050049
2012-09-19,2548.110107
2012-09-20,2547.110107
2012-09-21,2546.919922
2012-09-24,2541.229980
2012-09-25,2514.830078
2012-09-26,2500.919922
2012-09-27,2525.229980
2012-09-28,2513.929932
2012-10-01,2520.709961
2012-10-02,2523.080078
2012-10-03,2532.790039
2012-10-04,2550.979980
2012-10-05,2551.030029
2012-10-08,2542.209961
2012-10-09,2517.139893
2012-10-10,2501.750000
2012-10-11,2502.659912
2012-10-12,2495.280029
2012-10-15,2515.439941
2012-10-16,2541.280029
2012-10-17,2552.050049
2012-10-18,2545.949951
2012-10-19,2503.800049
2012-10-22,2504.959961
2012-10-23,2468.780029
2012-10-24,2461.179932
2012-10-25,2468.600098
2012-10-26,2466.800049
2012-10-31,2467.510010
2012-11-01,2494.669922
2012-11-02,2471.300049
2012-11-05,2476.939941
2012-11-06,2496.459961
2012-11-07,2439.479980
2012-11-08,2409.719971
2012-11-09,2413.919922
2012-11-12,2414.239990
2012-11-13,2405.379883
2012-11-14,2372.939941
2012-11-15,2369.320068
2012-11-16,2381.020020
2012-11-19,2428.469971
2012-11-20,2430.290039
2012-11-21,2435.969971
2012-11-23,2468.060059
2012-11-26,2463.120117
2012-11-27,2450.479980
2012-11-28,2470.469971
2012-11-29,2481.419922
2012-11-30,2481.820068
2012-12-03,2470.070068
2012-12-04,2465.899902
2012-12-05,2470.590088
2012-12-06,2479.399902
2012-12-07,2486.840088
2012-12-10,2487.780029
2012-12-11,2504.080078
2012-12-12,2505.760010
2012-12-13,2490.560059
2012-12-14,2480.360107
2012-12-17,2509.840088
2012-12-18,2538.719971
2012-12-19,2519.540039
2012-12-20,2533.909912
2012-12-21,2510.320068
2012-12-24,2504.510010
2012-12-26,2492.540039
2012-12-27,2489.969971
2012-12-28,2462.709961
2012-12-31,2504.439941
2013-01-02,2568.550049
2013-01-03,2563.189941
2013-01-04,2575.659912
2013-01-07,2567.629883
2013-01-08,2560.169922
2013-01-09,2567.020020
2013-01-10,2586.520020
2013-01-11,2586.689941
2013-01-14,2584.270020
2013-01-15,2587.199951
2013-01-16,2588.020020
2013-01-17,2602.639893
2013-01-18,2611.540039
2013-01-22,2623.219971
2013-01-23,2627.229980
2013-01-24,2627.330078
2013-01-25,2641.639893
2013-01-28,2636.830078
2013-01-29,2650.429932
2013-01-30,2640.770020
2013-01-31,2634.159912
2013-02-01,2660.699951
2013-02-04,2630.050049
2013-02-05,2657.760010
2013-02-06,2659.550049
2013-02-07,2655.840088
2013-02-08,2670.850098
2013-02-11,2669.370117
2013-02-12,2673.770020
2013-02-13,2676.600098
2013-02-14,2678.770020
2013-02-15,2676.209961
2013-02-19,2696.260010
2013-02-20,2662.939941
2013-02-21,2646.750000
2013-02-22,2670.360107
2013-02-25,2621.459961
2013-02-26,2637.889893
2013-02-27,2672.110107
2013-02-28,2669.919922
2013-03-01,2676.179932
2013-03-04,2688.540039
2013-03-05,2714.350098
2013-03-06,2718.070068
2013-03-07,2723.270020
2013-03-08,2735.669922
2013-03-11,2744.810059
2013-03-12,2738.350098
2013-03-13,2742.870117
2013-03-14,2758.300049
2013-03-15,2753.820068
2013-03-18,2738.679932
2013-03-19,2732.090088
2013-03-20,2750.419922
2013-03-21,2727.689941
2013-03-22,2747.250000
2013-03-25,2738.080078
2013-03-26,2760.320068
2013-03-27,2758.850098
2013-03-28,2770.050049
2013-04-01,2757.830078
2013-04-02,2772.110107
2013-04-03,2743.379883
2013-04-04,2754.669922
2013-04-05,2742.860107
2013-04-08,2761.050049
2013-04-09,2770.840088
2013-04-10,2804.810059
2013-04-11,2815.020020
2013-04-12,2807.100098
2013-04-15,2742.629883
2013-04-16,2781.860107
2013-04-17,2742.010010
2013-04-18,2723.719971
2013-04-19,2747.939941
2013-04-22,2760.800049
2013-04-23,2789.560059
2013-04-24,2789.929932
2013-04-25,2801.280029
2013-04-26,2796.239990
2013-04-29,2816.389893
2013-04-30,2823.419922
2013-05-01,2797.280029
2013-05-02,2823.820068
2013-05-03,2853.879883
2013-05-06,2859.340088
2013-05-07,2874.459961
2013-05-08,2887.610107
2013-05-09,2878.300049
2013-05-10,2890.770020
2013-05-13,2891.169922
2013-05-14,2921.120117
2013-05-15,2936.979980
2013-05-16,2922.399902
2013-05-17,2952.560059
2013-05-20,2950.530029
2013-05-21,2955.689941
2013-05-22,2931.580078
2013-05-23,2923.429932
2013-05-24,2921.879883
2013-05-28,2940.449951
2013-05-29,2920.179932
2013-05-30,2931.389893
2013-05-31,2889.459961
2013-06-03,2906.909912
2013-06-04,2891.020020
2013-06-05,2851.889893
2013-06-06,2876.500000
2013-06-07,2913.459961
2013-06-10,2912.629883
2013-06-11,2883.070068
2013-06-12,2859.620117
2013-06-13,2902.320068
2013-06-14,2885.239990
2013-06-17,2907.120117
2013-06-18,2929.810059
2013-06-19,2889.250000
2013-06-20,2817.439941
2013-06-21,2824.969971
2013-06-24,2790.659912
2013-06-25,2817.439941
2013-06-26,2845.040039
2013-06-27,2862.919922
2013-06-28,2850.659912
2013-07-01,2866.409912
2013-07-02,2865.479980
2013-07-03,2867.850098
2013-07-05,2897.120117
2013-07-08,2913.199951
2013-07-09,2934.310059
2013-07-10,2934.969971
2013-07-11,2975.060059
2013-07-12,2984.239990
2013-07-15,2988.350098
2013-07-16,2977.260010
2013-07-17,2985.850098
2013-07-18,3001.209961
2013-07-19,3006.129883
2013-07-22,3012.300049
2013-07-23,3006.719971
2013-07-24,2995.300049
2013-07-25,3003.010010
2013-07-26,3005.510010
2013-07-29,2994.449951
2013-07-30,2995.679932
2013-07-31,2995.719971
2013-08-01,3033.590088
2013-08-02,3038.629883
2013-08-05,3034.429932
2013-08-06,3017.159912
2013-08-07,3006.629883
2013-08-08,3019.000000
2013-08-09,3008.790039
2013-08-12,3005.419922
2013-08-13,3014.429932
2013-08-14,2999.419922
2013-08-15,2957.080078
2013-08-16,2947.459961
2013-08-19,2930.270020
2013-08-20,2941.580078
2013-08-21,2924.729980
2013-08-22,2949.959961
2013-08-23,2962.060059
2013-08-26,2950.129883
2013-08-27,2903.290039
2013-08-28,2911.830078
2013-08-29,2917.959961
2013-08-30,2908.959961
2013-09-03,2921.229980
2013-09-04,2945.620117
2013-09-05,2949.270020
2013-09-06,2949.800049
2013-09-09,2979.449951
2013-09-10,3001.360107
2013-09-11,3010.939941
2013-09-12,3001.620117
2013-09-13,3009.790039
2013-09-16,3026.939941
2013-09-17,3039.750000
2013-09-18,3076.810059
2013-09-19,3071.610107
2013-09-20,3049.469971
2013-09-23,3035.090088
2013-09-24,3027.520020
2013-09-25,3019.310059
2013-09-26,3030.409912
2013-09-27,3018.239990
2013-09-30,3000.179932
2013-10-01,3024.379883
2013-10-02,3022.949951
2013-10-03,2995.810059
2013-10-04,3017.050049
2013-10-07,2991.389893
2013-10-08,2955.409912
2013-10-09,2957.399902
2013-10-10,3022.429932
2013-10-11,3041.429932
2013-10-14,3053.840088
2013-10-15,3032.270020
2013-10-16,3074.540039
2013-10-17,3095.419922
2013-10-18,3115.770020
2013-10-21,3116.090088
2013-10-22,3133.979980
2013-10-23,3119.199951
2013-10-24,3129.409912
2013-10-25,3143.159912
2013-10-28,3147.360107
2013-10-29,3165.110107
2013-10-30,3149.929932
2013-10-31,3138.090088
2013-11-01,3147.209961
2013-11-04,3158.469971
2013-11-05,3149.959961
2013-11-06,3165.129883
2013-11-07,3124.120117
2013-11-08,3166.110107
2013-11-11,3168.409912
2013-11-12,3161.100098
2013-11-13,3187.639893
2013-11-14,3203.649902
2013-11-15,3217.199951
2013-11-18,3205.459961
2013-11-19,3199.520020
2013-11-20,3188.040039
2013-11-21,3214.159912
2013-11-22,3230.540039
2013-11-25,3226.530029
2013-11-26,3227.360107
2013-11-27,3236.139893
2013-11-29,3233.719971
2013-12-02,3225.060059
2013-12-03,3214.949951
2013-12-04,3211.590088
2013-12-05,3197.760010
2013-12-06,3233.989990
2013-12-09,3239.989990
2013-12-10,3229.719971
2013-12-11,3193.520020
2013-12-12,3182.330078
2013-12-13,3182.070068
2013-12-16,3202.219971
2013-12-17,3192.330078
2013-12-18,3245.590088
2013-12-19,3244.149902
2013-12-20,3259.790039
2013-12-23,3277.620117
2013-12-24,3287.550049
2013-12-26,3303.149902
2013-12-27,3302.659912
2013-12-30,3302.300049
2013-12-31,3315.590088
2014-01-02,3286.689941
2014-01-03,3285.679932
2014-01-06,3277.479980
2014-01-07,3297.449951
2014-01-08,3297.739990
2014-01-09,3298.870117
2014-01-10,3306.489990
2014-01-13,3265.270020
2014-01-14,3300.610107
2014-01-15,3317.750000
2014-01-16,3313.360107
2014-01-17,3300.510010
2014-01-21,3309.739990
2014-01-22,3312.040039
2014-01-23,3282.639893
2014-01-24,3214.139893
2014-01-27,3198.570068
2014-01-28,3218.209961
2014-01-29,3185.699951
2014-01-30,3221.780029
2014-01-31,3200.949951
2014-02-03,3127.870117
2014-02-04,3151.939941
2014-02-05,3146.489990
2014-02-06,3187.250000
2014-02-07,3229.649902
2014-02-10,3234.790039
2014-02-11,3270.739990
2014-02-12,3271.469971
2014-02-13,3290.820068
2014-02-14,3306.919922
2014-02-18,3311.270020
2014-02-19,3289.830078
2014-02-20,3310.270020
2014-02-21,3304.360107
2014-02-24,3324.840088
2014-02-25,3320.429932
2014-02-26,3321.149902
2014-02-27,3338.050049
2014-02-28,3347.379883
2014-03-03,3322.850098
2014-03-04,3373.639893
2014-03-05,3374.100098
2014-03-06,3380.489990
2014-03-07,3382.570068
2014-03-10,3381.219971
2014-03-11,3364.169922
2014-03-12,3366.070068
2014-03-13,3327.110107
2014-03-14,3317.810059
2014-03-17,3349.709961
2014-03-18,3373.979980
2014-03-19,3353.290039
2014-03-20,3373.600098
2014-03-21,3363.719971
2014-03-24,3347.360107
2014-03-25,3362.439941
2014-03-26,3339.000000
2014-03-27,3333.229980
2014-03-28,3348.830078
2014-03-31,3375.510010
2014-04-01,3399.510010
2014-04-02,3409.800049
2014-04-03,3406.000000
2014-04-04,3363.409912
2014-04-07,3327.270020
2014-04-08,3340.840088
2014-04-09,3377.610107
2014-04-10,3307.080078
2014-04-11,3276.040039
2014-04-14,3302.979980
2014-04-15,3325.300049
2014-04-16,3360.270020
2014-04-17,3365.000000
2014-04-21,3377.750000
2014-04-22,3391.580078
2014-04-23,3384.500000
2014-04-24,3390.389893
2014-04-25,3362.949951
2014-04-28,3374.040039
2014-04-29,3390.159912
2014-04-30,3400.459961
2014-05-01,3400.199951
2014-05-02,3395.610107
2014-05-05,3402.229980
2014-05-06,3371.719971
2014-05-07,3392.100098
2014-05-08,3388.290039
2014-05-09,3394.050049
2014-05-12,3427.010010
2014-05-13,3429.300049
2014-05-14,3413.840088
2014-05-15,3382.520020
2014-05-16,3395.209961
2014-05-19,3408.520020
2014-05-20,3386.479980
2014-05-21,3414.449951
2014-05-22,3422.989990
2014-05-23,3437.580078
2014-05-27,3458.189941
2014-05-28,3454.879883
2014-05-29,3473.860107
2014-05-30,3480.290039
2014-06-02,3483.139893
2014-06-03,3482.000000
2014-06-04,3489.209961
2014-06-05,3512.209961
2014-06-06,3528.979980
2014-06-09,3532.469971
2014-06-10,3531.620117
2014-06-11,3519.520020
2014-06-12,3495.570068
2014-06-13,3506.580078
2014-06-16,3509.540039
2014-06-17,3517.229980
2014-06-18,3544.419922
2014-06-19,3549.439941
2014-06-20,3555.600098
2014-06-23,3555.139893
2014-06-24,3532.570068
2014-06-25,3549.959961
2014-06-26,3546.379883
2014-06-27,3553.350098
2014-06-30,3552.179932
2014-07-01,3576.550049
2014-07-02,3579.110107
2014-07-03,3598.729980
2014-07-07,3584.750000
2014-07-08,3560.530029
2014-07-09,3577.280029
2014-07-10,3562.489990
2014-07-11,3568.080078
2014-07-14,3585.370117
2014-07-15,3578.459961
2014-07-16,3593.909912
2014-07-17,3551.729980
2014-07-18,3588.209961
2014-07-21,3579.989990
2014-07-22,3597.949951
2014-07-23,3604.300049
2014-07-24,3606.100098
2014-07-25,3588.679932
2014-07-28,3589.729980
2014-07-29,3573.649902
2014-07-30,3574.449951
2014-07-31,3503.189941
2014-08-01,3493.179932
2014-08-04,3518.310059
2014-08-05,3484.560059
2014-08-06,3485.669922
2014-08-07,3467.139893
2014-08-08,3507.209961
2014-08-11,3517.530029
2014-08-12,3511.959961
2014-08-13,3536.419922
2014-08-14,3551.969971
2014-08-15,3552.169922
2014-08-18,3582.699951
2014-08-19,3601.330078
2014-08-20,3610.489990
2014-08-21,3621.229980
2014-08-22,3614.500000
2014-08-25,3631.860107
2014-08-26,3635.709961
2014-08-27,3636.639893
2014-08-28,3630.979980
2014-08-29,3643.330078
2014-09-02,3641.520020
2014-09-03,3639.350098
2014-09-04,3633.870117
2014-09-05,3652.260010
2014-09-08,3641.659912
2014-09-09,3617.889893
2014-09-10,3631.449951
2014-09-11,3635.659912
2014-09-12,3614.060059
2014-09-15,3611.520020
2014-09-16,3638.600098
2014-09-17,3643.399902
2014-09-18,3661.729980
2014-09-19,3660.030029
2014-09-22,3630.699951
2014-09-23,3610.100098
2014-09-24,3638.439941
2014-09-25,3579.610107
2014-09-26,3610.979980
2014-09-29,3602.090088
2014-09-30,3592.250000
2014-10-01,3544.979980
2014-10-02,3545.300049
2014-10-03,3584.939941
2014-10-06,3579.419922
2014-10-07,3525.290039
2014-10-08,3588.070068
2014-10-09,3514.120117
2014-10-10,3474.229980
2014-10-13,3417.010010
2014-10-14,3422.429932
2014-10-15,3395.030029
2014-10-16,3395.639893
2014-10-17,3439.389893
2014-10-20,3470.889893
2014-10-21,3538.899902
2014-10-22,3513.469971
2014-10-23,3556.699951
2014-10-24,3581.820068
2014-10-27,3576.469971
2014-10-28,3619.159912
2014-10-29,3614.530029
2014-10-30,3637.300049
2014-10-31,3679.989990
2014-11-03,3679.580078
2014-11-04,3669.179932
2014-11-05,3691.379883
2014-11-06,3706.449951
2014-11-07,3708.459961
2014-11-10,3720.250000
2014-11-11,3722.840088
2014-11-12,3721.300049
2014-11-13,3723.580078
2014-11-14,3724.919922
2014-11-17,3727.860107
2014-11-18,3747.739990
2014-11-19,3742.350098
2014-11-20,3749.870117
2014-11-21,3770.030029
2014-11-24,3780.879883
2014-11-25,3776.939941
2014-11-26,3788.419922
2014-11-28,3778.959961
2014-12-01,3753.310059
2014-12-02,3777.469971
2014-12-03,3792.679932
2014-12-04,3788.340088
2014-12-05,3794.679932
2014-12-08,3767.699951
2014-12-09,3758.870117
2014-12-10,3705.510010
2014-12-11,3723.320068
2014-12-12,3663.100098
2014-12-15,3639.969971
2014-12-16,3609.060059
2014-12-17,3682.699951
2014-12-18,3771.719971
2014-12-19,3788.969971
2014-12-22,3803.939941
2014-12-23,3810.780029
2014-12-24,3810.389893
2014-12-26,3823.000000
2014-12-29,3826.949951
2014-12-30,3808.689941
2014-12-31,3769.439941
2015-01-02,3768.679932
2015-01-05,3700.030029
2015-01-06,3667.139893
2015-01-07,3710.939941
2015-01-08,3777.399902
2015-01-09,3745.669922
2015-01-12,3715.360107
2015-01-13,3706.149902
2015-01-14,3684.719971
2015-01-15,3650.739990
2015-01-16,3699.790039
2015-01-20,3705.639893
2015-01-21,3723.620117
2015-01-22,3780.510010
2015-01-23,3759.760010
2015-01-26,3769.449951
2015-01-27,3718.989990
2015-01-28,3669.100098
2015-01-29,3704.350098
2015-01-30,3656.280029
2015-02-02,3703.770020
2015-02-03,3757.340088
2015-02-04,3742.840088
2015-02-05,3782.110107
2015-02-06,3770.199951
2015-02-09,3754.360107
2015-02-10,3794.620117
2015-02-11,3795.820068
2015-02-12,3833.350098
2015-02-13,3849.290039
2015-02-17,3856.040039
2015-02-18,3855.000000
2015-02-19,3851.530029
2015-02-20,3875.600098
2015-02-23,3874.459961
2015-02-24,3885.270020
2015-02-25,3882.949951
2015-02-26,3877.850098
2015-02-27,3866.419922
2015-03-02,3890.320068
2015-03-03,3872.709961
2015-03-04,3856.510010
2015-03-05,3861.290039
2015-03-06,3807.040039
2015-03-09,3822.419922
2015-03-10,3757.830078
2015-03-11,3751.199951
2015-03-12,3799.429932
2015-03-13,3776.439941
2015-03-16,3827.620117
2015-03-17,3814.909912
2015-03-18,3861.389893
2015-03-19,3842.620117
2015-03-20,3877.260010
2015-03-23,3870.489990
2015-03-24,3847.050049
2015-03-25,3791.129883
2015-03-26,3782.209961
2015-03-27,3791.899902
2015-03-30,3838.649902
2015-03-31,3805.270020
2015-04-01,3790.659912
2015-04-02,3804.139893
2015-04-06,3829.310059
2015-04-07,3821.489990
2015-04-08,3833.199951
2015-04-09,3850.290039
2015-04-10,3870.310059
2015-04-13,3852.929932
2015-04-14,3859.219971
2015-04-15,3879.100098
2015-04-16,3876.169922
2015-04-17,3832.330078
2015-04-20,3867.820068
2015-04-21,3862.149902
2015-04-22,3881.929932
2015-04-23,3891.459961
2015-04-24,3900.239990
2015-04-27,3884.100098
2015-04-28,3895.209961
2015-04-29,3880.899902
2015-04-30,3841.780029
2015-05-01,3883.750000
2015-05-04,3895.159912
2015-05-05,3849.409912
2015-05-06,3833.699951
2015-05-07,3849.129883
2015-05-08,3901.010010
2015-05-11,3881.929932
2015-05-12,3870.689941
2015-05-13,3870.360107
2015-05-14,3912.520020
2015-05-15,3915.989990
2015-05-18,3928.149902
2015-05-19,3926.409912
2015-05-20,3923.179932
2015-05-21,3932.899902
2015-05-22,3924.159912
2015-05-26,3883.879883
2015-05-27,3920.110107
2015-05-28,3915.820068
2015-05-29,3891.179932
2015-06-01,3899.590088
2015-06-02,3895.850098
2015-06-03,3904.830078
2015-06-04,3871.229980
2015-06-05,3865.830078
2015-06-08,3841.449951
2015-06-09,3843.159912
2015-06-10,3889.699951
2015-06-11,3897.590088
2015-06-12,3870.560059
2015-06-15,3852.750000
2015-06-16,3874.729980
2015-06-17,3882.489990
2015-06-18,3921.429932
2015-06-19,3900.639893
2015-06-22,3924.409912
2015-06-23,3927.229980
2015-06-24,3898.469971
2015-06-25,3887.040039
2015-06-26,3886.209961
2015-06-29,3805.500000
2015-06-30,3815.850098
2015-07-01,3843.260010
2015-07-02,3842.060059
2015-07-06,3827.350098
2015-07-07,3850.659912
2015-07-08,3787.669922
2015-07-09,3796.260010
2015-07-10,3843.100098
2015-07-13,3885.969971
2015-07-14,3903.310059
2015-07-15,3900.500000
2015-07-16,3931.850098
2015-07-17,3936.219971
2015-07-20,3939.350098
2015-07-21,3922.699951
2015-07-22,3913.750000
2015-07-23,3891.790039
2015-07-24,3850.149902
2015-07-27,3827.929932
2015-07-28,3875.370117
2015-07-29,3904.209961
2015-07-30,3904.639893
2015-07-31,3895.800049
2015-08-03,3885.070068
2015-08-04,3876.439941
2015-08-05,3889.989990
2015-08-06,3860.919922
2015-08-07,3849.959961
2015-08-10,3899.360107
2015-08-11,3862.810059
2015-08-12,3867.370117
2015-08-13,3863.030029
2015-08-14,3878.159912
2015-08-17,3899.100098
2015-08-18,3889.600098
2015-08-19,3857.739990
2015-08-20,3776.360107
2015-08-21,3656.669922
2015-08-24,3512.649902
2015-08-25,3465.189941
2015-08-26,3600.729980
2015-08-27,3688.600098
2015-08-28,3691.300049
2015-08-31,3660.750000
2015-09-01,3552.649902
2015-09-02,3618.250000
2015-09-03,3622.659912
2015-09-04,3567.409912
2015-09-08,3657.320068
2015-09-09,3606.800049
2015-09-10,3626.139893
2015-09-11,3643.540039
2015-09-14,3628.870117
2015-09-15,3675.479980
2015-09-16,3707.620117
2015-09-17,3698.739990
2015-09-18,3638.989990
2015-09-21,3655.639893
2015-09-22,3610.699951
2015-09-23,3603.489990
2015-09-24,3591.370117
2015-09-25,3589.709961
2015-09-28,3498.610107
2015-09-29,3503.129883
2015-09-30,3570.169922
2015-10-01,3577.469971
2015-10-02,3629.040039
2015-10-05,3695.610107
2015-10-06,3682.330078
2015-10-07,3713.360107
2015-10-08,3746.120117
2015-10-09,3748.959961
2015-10-12,3753.729980
2015-10-13,3728.479980
2015-10-14,3711.110107
2015-10-15,3766.429932
2015-10-16,3783.639893
2015-10-19,3784.719971
2015-10-20,3779.439941
2015-10-21,3757.909912
2015-10-22,3820.489990
2015-10-23,3862.649902
2015-10-26,3855.290039
2015-10-27,3845.449951
2015-10-28,3891.340088
2015-10-29,3890.040039
2015-10-30,3871.330078
2015-11-02,3917.300049
2015-11-03,3928.050049
2015-11-04,3915.520020
2015-11-05,3911.889893
2015-11-06,3910.979980
2015-11-09,3873.370117
2015-11-10,3880.229980
2015-11-11,3867.709961
2015-11-12,3814.290039
2015-11-13,3771.590088
2015-11-16,3828.459961
2015-11-17,3824.139893
2015-11-18,3886.260010
2015-11-19,3882.060059
2015-11-20,3897.449951
2015-11-23,3892.800049
2015-11-24,3897.669922
2015-11-25,3897.570068
2015-11-27,3900.739990
2015-11-30,3882.840088
2015-12-01,3924.629883
2015-12-02,3882.379883
2015-12-03,3826.739990
2015-12-04,3905.310059
2015-12-07,3878.310059
2015-12-08,3853.479980
2015-12-09,3823.899902
2015-12-10,3832.929932
2015-12-11,3759.090088
2015-12-14,3777.219971
2015-12-15,3817.360107
2015-12-16,3873.120117
2015-12-17,3815.459961
2015-12-18,3747.560059
2015-12-21,3777.149902
2015-12-22,3810.850098
2015-12-23,3858.469971
2015-12-24,3852.310059
2015-12-28,3843.939941
2015-12-29,3885.550049
2015-12-30,3857.899902
2015-12-31,3821.600098
2016-01-04,3763.989990
2016-01-05,3771.570068
2016-01-06,3723.439941
2016-01-07,3635.290039
2016-01-08,3595.909912
2016-01-11,3598.969971
2016-01-12,3627.060059
2016-01-13,3536.919922
2016-01-14,3596.030029
2016-01-15,3518.510010
2016-01-19,3520.399902
2016-01-20,3479.750000
2016-01-21,3497.939941
2016-01-22,3568.899902
2016-01-25,3513.110107
2016-01-26,3562.810059
2016-01-27,3524.330078
2016-01-28,3544.129883
2016-01-29,3631.959961
2016-02-01,3630.459961
2016-02-02,3562.520020
2016-02-03,3581.530029
2016-02-04,3587.709961
2016-02-05,3521.600098
2016-02-08,3472.080078
2016-02-09,3470.500000
2016-02-10,3471.040039
2016-02-11,3428.989990
2016-02-12,3496.280029
2016-02-16,3555.199951
2016-02-17,3614.159912
2016-02-18,3597.489990
2016-02-19,3597.919922
2016-02-22,3649.919922
2016-02-23,3604.679932
2016-02-24,3620.870117
2016-02-25,3662.840088
2016-02-26,3656.419922
2016-02-29,3627.060059
2016-03-01,3713.699951
2016-03-02,3729.590088
2016-03-03,3743.020020
2016-03-04,3755.469971
2016-03-07,3759.050049
2016-03-08,3717.489990
2016-03-09,3736.919922
2016-03-10,3737.739990
2016-03-11,3800.070068
2016-03-14,3795.530029
2016-03-15,3788.620117
2016-03-16,3810.090088
2016-03-17,3835.260010
2016-03-18,3852.149902
2016-03-21,3855.969971
2016-03-22,3853.179932
2016-03-23,3828.580078
2016-03-24,3827.139893
2016-03-28,3829.260010
2016-03-29,3863.800049
2016-03-30,3881.010010
2016-03-31,3873.110107
2016-04-01,3897.659912
2016-04-04,3886.000000
2016-04-05,3846.590088
2016-04-06,3888.409912
2016-04-07,3841.979980
2016-04-08,3852.719971
2016-04-11,3842.169922
2016-04-12,3879.419922
2016-04-13,3918.949951
2016-04-14,3920.030029
2016-04-15,3916.169922
2016-04-18,3941.860107
2016-04-19,3954.010010
2016-04-20,3957.250000
2016-04-21,3936.800049
2016-04-22,3937.000000
2016-04-25,3929.879883
2016-04-26,3937.229980
2016-04-27,3944.020020
2016-04-28,3907.879883
2016-04-29,3888.129883
2016-05-02,3918.530029
2016-05-03,3884.629883
2016-05-04,3862.399902
2016-05-05,3862.399902
2016-05-06,3875.179932
2016-05-09,3878.139893
2016-05-10,3926.629883
2016-05-11,3891.129883
2016-05-12,3890.850098
2016-05-13,3858.169922
2016-05-16,3896.360107
2016-05-17,3860.879883
2016-05-18,3862.250000
2016-05-19,3847.969971
2016-05-20,3871.750000
2016-05-23,3863.820068
2016-05-24,3916.770020
2016-05-25,3944.330078
2016-05-26,3944.050049
2016-05-27,3961.669922
2016-05-31,3957.949951
2016-06-01,3963.100098
2016-06-02,3974.760010
2016-06-03,3963.229980
2016-06-06,3982.739990
2016-06-07,3987.959961
2016-06-08,4001.979980
2016-06-09,3995.280029
2016-06-10,3958.679932
2016-06-13,3927.729980
2016-06-14,3920.929932
2016-06-15,3914.020020
2016-06-16,3926.929932
2016-06-17,3914.149902
2016-06-20,3936.909912
2016-06-21,3947.939941
2016-06-22,3941.449951
2016-06-23,3994.179932
2016-06-24,3850.699951
2016-06-27,3781.020020
2016-06-28,3849.050049
2016-06-29,3915.100098
2016-06-30,3968.209961
2016-07-01,3976.679932
2016-07-05,3949.719971
2016-07-06,3972.260010
2016-07-07,3969.189941
2016-07-08,4029.750000
2016-07-11,4043.489990
2016-07-12,4071.850098
2016-07-13,4072.770020
2016-07-14,4094.280029
2016-07-15,4090.489990
2016-07-18,4100.399902
2016-07-19,4094.610107
2016-07-20,4112.609863
2016-07-21,4097.819824
2016-07-22,4116.500000
2016-07-25,4104.129883
2016-07-26,4105.569824
2016-07-27,4100.810059
2016-07-28,4107.750000
2016-07-29,4114.509766
2016-08-01,4109.279785
2016-08-02,4083.250000
2016-08-03,4097.299805
2016-08-04,4099.209961
2016-08-05,4134.560059
2016-08-08,4131.189941
2016-08-09,4132.959961
2016-08-10,4122.649902
2016-08-11,4142.720215
2016-08-12,4139.629883
2016-08-15,4151.689941
2016-08-16,4129.680176
2016-08-17,4138.419922
2016-08-18,4147.640137
2016-08-19,4142.229980
2016-08-22,4139.970215
2016-08-23,4148.160156
2016-08-24,4126.649902
2016-08-25,4121.089844
2016-08-26,4114.680176
2016-08-29,4136.750000
2016-08-30,4129.339844
2016-08-31,4120.290039
2016-09-01,4120.169922
2016-09-02,4137.700195
2016-09-06,4150.109863
2016-09-07,4150.509766
2016-09-08,4141.459961
2016-09-09,4039.949951
2016-09-12,4099.470215
2016-09-13,4039.919922
2016-09-14,4037.830078
2016-09-15,4079.320068
2016-09-16,4063.969971
2016-09-19,4063.939941
2016-09-20,4065.199951
2016-09-21,4109.629883
2016-09-22,4136.410156
2016-09-23,4112.689941
2016-09-26,4077.709961
2016-09-27,4104.180176
2016-09-28,4126.830078
2016-09-29,4088.469971
2016-09-30,4121.060059
2016-10-03,4108.129883
2016-10-04,4088.169922
2016-10-05,4107.399902
2016-10-06,4109.490234
2016-10-07,4096.250000
2016-10-10,4115.120117
2016-10-11,4063.919922
2016-10-12,4068.919922
2016-10-13,4056.449951
2016-10-14,4057.280029
2016-10-17,4045.070068
2016-10-18,4069.989990
2016-10-19,4079.500000
2016-10-20,4074.179932
2016-10-21,4073.850098
2016-10-24,4093.219971
2016-10-25,4077.800049
2016-10-26,4070.760010
2016-10-27,4058.750000
2016-10-28,4046.360107
2016-10-31,4045.889893
2016-11-01,4018.469971
2016-11-02,3992.760010
2016-11-03,3976.560059
2016-11-04,3970.020020
2016-11-07,4058.300049
2016-11-08,4075.610107
2016-11-09,4121.029785
2016-11-10,4129.459961
2016-11-11,4123.689941
2016-11-14,4123.810059
2016-11-15,4155.620117
2016-11-16,4150.209961
2016-11-17,4169.870117
2016-11-18,4160.580078
2016-11-21,4191.680176
2016-11-22,4200.950195
2016-11-23,4204.490234
2016-11-25,4221.020020
2016-11-28,4199.390137
2016-11-29,4205.990234
2016-11-30,4195.729980
2016-12-01,4181.149902
2016-12-02,4182.810059
2016-12-05,4207.569824
2016-12-06,4222.040039
2016-12-07,4278.439941
2016-12-08,4288.100098
2016-12-09,4313.609863
2016-12-12,4308.939941
2016-12-13,4337.859863
2016-12-14,4302.930176
2016-12-15,4319.839844
2016-12-16,4312.399902
2016-12-19,4321.020020
2016-12-20,4337.359863
2016-12-21,4326.850098
2016-12-22,4319.330078
2016-12-23,4325.169922
2016-12-27,4334.930176
2016-12-28,4299.450195
2016-12-29,4298.390137
2016-12-30,4278.660156
2017-01-03,4315.080078
2017-01-04,4340.750000
2017-01-05,4337.450195
2017-01-06,4354.049805
2017-01-09,4338.620117
2017-01-10,4338.640137
2017-01-11,4351.319824
2017-01-12,4342.089844
2017-01-13,4350.109863
2017-01-17,4337.200195
2017-01-18,4345.569824
2017-01-19,4329.959961
2017-01-20,4344.669922
2017-01-23,4333.100098
2017-01-24,4361.560059
2017-01-25,4396.569824
2017-01-26,4393.430176
2017-01-27,4389.850098
2017-01-30,4363.669922
2017-01-31,4359.810059
2017-02-01,4362.100098
2017-02-02,4364.850098
2017-02-03,4396.950195
2017-02-06,4387.669922
2017-02-07,4388.870117
2017-02-08,4393.310059
2017-02-09,4419.399902
2017-02-10,4435.419922
2017-02-13,4459.830078
2017-02-14,4478.979980
2017-02-15,4501.990234
2017-02-16,4498.560059
2017-02-17,4506.200195
2017-02-21,4533.459961
2017-02-22,4528.970215
2017-02-23,4531.390137
2017-02-24,4539.250000
2017-02-27,4544.509766
2017-02-28,4532.930176
2017-03-01,4595.729980
2017-03-02,4569.169922
2017-03-03,4571.600098
2017-03-06,4556.720215
2017-03-07,4543.750000
2017-03-08,4534.680176
2017-03-09,4538.359863
2017-03-10,4553.279785
2017-03-13,4556.439941
2017-03-14,4541.259766
2017-03-15,4579.439941
2017-03-16,4572.160156
2017-03-17,4566.169922
2017-03-20,4557.120117
2017-03-21,4500.979980
2017-03-22,4509.649902
2017-03-23,4504.919922
2017-03-24,4501.109863
2017-03-27,4496.529785
2017-03-28,4529.169922
2017-03-29,4535.009766
2017-03-30,4548.459961
2017-03-31,4538.209961
2017-04-03,4530.979980
2017-04-04,4534.250000
2017-04-05,4520.859863
2017-04-06,4530.930176
2017-04-07,4527.200195
2017-04-10,4530.569824
2017-04-11,4524.709961
2017-04-12,4507.759766
2017-04-13,4477.069824
2017-04-17,4515.649902
2017-04-18,4502.660156
2017-04-19,4495.560059
2017-04-20,4529.649902
2017-04-21,4515.899902
2017-04-24,4564.930176
2017-04-25,4592.740234
2017-04-26,4590.560059
2017-04-27,4593.569824
2017-04-28,4584.819824
2017-05-01,4592.779785
2017-05-02,4598.240234
2017-05-03,4593.319824
2017-05-04,4596.240234
2017-05-05,4615.089844
2017-05-08,4615.729980
2017-05-09,4611.209961
2017-05-10,4618.189941
2017-05-11,4609.689941
2017-05-12,4602.959961
2017-05-15,4625.509766
2017-05-16,4623.259766
2017-05-17,4540.580078
2017-05-18,4557.410156
2017-05-19,4588.350098
2017-05-22,4612.120117
2017-05-23,4620.700195
2017-05-24,4632.370117
2017-05-25,4653.589844
2017-05-26,4655.649902
2017-05-30,4650.759766
2017-05-31,4649.339844
2017-06-01,4685.109863
2017-06-02,4702.560059
2017-06-05,4697.000000
2017-06-06,4683.959961
2017-06-07,4692.290039
2017-06-08,4693.669922
2017-06-09,4689.790039
2017-06-12,4685.540039
2017-06-13,4707.879883
2017-06-14,4703.529785
2017-06-15,4693.859863
2017-06-16,4695.229980
2017-06-19,4734.479980
2017-06-20,4702.819824
2017-06-21,4700.500000
2017-06-22,4698.399902
2017-06-23,4705.729980
2017-06-26,4707.270020
2017-06-27,4669.270020
2017-06-28,4711.330078
2017-06-29,4670.959961
2017-06-30,4678.359863
2017-07-03,4689.609863
2017-07-05,4697.339844
2017-07-06,4655.020020
2017-07-07,4684.879883
2017-07-10,4689.250000
2017-07-11,4685.640137
2017-07-12,4720.279785
2017-07-13,4729.250000
2017-07-14,4751.430176
2017-07-17,4751.330078
2017-07-18,4754.270020
2017-07-19,4780.250000
2017-07-20,4779.839844
2017-07-21,4778.069824
2017-07-24,4773.100098
2017-07-25,4787.040039
2017-07-26,4788.410156
2017-07-27,4784.259766
2017-07-28,4778.020020
2017-07-31,4774.560059
2017-08-01,4786.270020
2017-08-02,4789.540039
2017-08-03,4779.990234
2017-08-04,4789.109863
2017-08-07,4797.129883
2017-08-08,4786.120117
2017-08-09,4784.939941
2017-08-10,4717.399902
2017-08-11,4723.729980
2017-08-14,4771.430176
2017-08-15,4770.149902
2017-08-16,4778.279785
2017-08-17,4704.729980
2017-08-18,4696.220215
2017-08-21,4701.819824
2017-08-22,4748.729980
2017-08-23,4732.759766
2017-08-24,4723.029785
2017-08-25,4731.459961
2017-08-28,4733.970215
2017-08-29,4738.620117
2017-08-30,4761.720215
2017-08-31,4789.180176
2017-09-01,4798.990234
2017-09-05,4762.750000
2017-09-06,4777.689941
2017-09-07,4777.930176
2017-09-08,4771.020020
2017-09-11,4822.799805
2017-09-12,4839.310059
2017-09-13,4843.040039
2017-09-14,4839.290039
2017-09-15,4848.839844
2017-09-18,4856.080078
2017-09-19,4861.520020
2017-09-20,4864.609863
2017-09-21,4849.950195
2017-09-22,4853.200195
2017-09-25,4842.410156
2017-09-26,4843.140137
2017-09-27,4862.930176
2017-09-28,4869.810059
2017-09-29,4887.970215
2017-10-02,4906.919922
2017-10-03,4917.729980
2017-10-04,4924.189941
2017-10-05,4952.850098
2017-10-06,4949.089844
2017-10-09,4940.160156
2017-10-10,4951.770020
2017-10-11,4960.790039
2017-10-12,4952.850098
2017-10-13,4957.270020
2017-10-16,4966.049805
2017-10-17,4969.379883
2017-10-18,4973.279785
2017-10-19,4975.319824
2017-10-20,5001.109863
2017-10-23,4981.370117
2017-10-24,4989.560059
2017-10-25,4966.290039
2017-10-26,4972.600098
2017-10-27,5012.750000
2017-10-30,4997.149902
2017-10-31,5002.029785
2017-11-01,5009.990234
2017-11-02,5011.479980
2017-11-03,5027.490234
2017-11-06,5034.299805
2017-11-07,5033.379883
2017-11-08,5040.740234
2017-11-09,5023.009766
2017-11-10,5020.310059
2017-11-13,5025.359863
2017-11-14,5014.529785
2017-11-15,4987.959961
2017-11-16,5030.479980
2017-11-17,5017.450195
2017-11-20,5024.009766
2017-11-21,5056.950195
2017-11-22,5053.600098
2017-11-24,5064.229980
2017-11-27,5062.850098
2017-11-28,5112.910156
2017-11-29,5111.680176
2017-11-30,5155.439941
2017-12-01,5145.209961
2017-12-04,5139.910156
2017-12-05,5120.919922
2017-12-06,5120.459961
2017-12-07,5136.370117
2017-12-08,5165.189941
2017-12-11,5181.750000
2017-12-12,5189.959961
2017-12-13,5187.680176
2017-12-14,5167.450195
2017-12-15,5214.100098
2017-12-18,5242.279785
2017-12-19,5225.430176
2017-12-20,5221.790039
2017-12-21,5232.160156
2017-12-22,5229.790039
2017-12-26,5224.509766
2017-12-27,5229.009766
2017-12-28,5239.589844
2017-12-29,5212.759766
2018-01-02,5256.279785
2018-01-03,5289.919922
2018-01-04,5312.330078
2018-01-05,5349.689941
2018-01-08,5358.680176
2018-01-09,5367.259766
2018-01-10,5361.330078
2018-01-11,5399.459961
2018-01-12,5435.919922
2018-01-16,5416.859863
2018-01-17,5467.850098
2018-01-18,5459.500000
2018-01-19,5483.569824
2018-01-22,5527.890137
2018-01-23,5540.129883
2018-01-24,5537.029785
2018-01-25,5540.379883
2018-01-26,5606.080078
2018-01-29,5568.669922
2018-01-30,5508.359863
2018-01-31,5511.209961
2018-02-01,5508.700195
2018-02-02,5392.209961
2018-02-05,5171.259766
2018-02-06,5262.020020
2018-02-07,5235.839844
2018-02-08,5040.060059
2018-02-09,5116.990234
2018-02-12,5188.370117
2018-02-13,5202.220215
2018-02-14,5273.430176
2018-02-15,5338.350098
2018-02-16,5340.819824
2018-02-20,5309.990234
2018-02-21,5280.910156
2018-02-22,5286.490234
2018-02-23,5371.560059
2018-02-26,5435.379883
2018-02-27,5367.089844
2018-02-28,5308.089844
2018-03-01,5238.180176
2018-03-02,5265.240234
2018-03-05,5323.359863
2018-03-06,5337.689941
2018-03-07,5335.470215
2018-03-08,5360.729980
2018-03-09,5454.029785
2018-03-12,5447.100098
2018-03-13,5412.750000
2018-03-14,5383.270020
2018-03-15,5379.390137
2018-03-16,5388.740234
2018-03-19,5312.229980
2018-03-20,5320.200195
2018-03-21,5310.959961
2018-03-22,5177.520020
2018-03-23,5069.029785
2018-03-26,5206.689941
2018-03-27,5116.750000
2018-03-28,5102.689941
2018-03-29,5173.189941
2018-04-02,5057.689941
2018-04-03,5121.700195
2018-04-04,5181.310059
2018-04-05,5217.620117
2018-04-06,5103.350098
2018-04-09,5121.899902
2018-04-10,5207.729980
2018-04-11,5179.189941
2018-04-12,5222.549805
2018-04-13,5207.569824
2018-04-16,5249.939941
2018-04-17,5305.899902
2018-04-18,5310.319824
2018-04-19,5280.569824
2018-04-20,5235.750000
2018-04-23,5236.040039
2018-04-24,5166.100098
2018-04-25,5175.589844
2018-04-26,5229.609863
2018-04-27,5235.729980
2018-04-30,5193.040039
2018-05-01,5206.310059
2018-05-02,5168.790039
2018-05-03,5157.700195
2018-05-04,5224.709961
2018-05-07,5242.870117
2018-05-08,5241.529785
2018-05-09,5292.899902
2018-05-10,5343.700195
2018-05-11,5354.689941
2018-05-14,5359.660156
2018-05-15,5323.229980
2018-05-16,5346.330078
2018-05-17,5343.290039
2018-05-18,5329.660156
2018-05-21,5369.189941
2018-05-22,5352.450195
2018-05-23,5369.990234
2018-05-24,5359.319824
2018-05-25,5347.310059
2018-05-29,5285.700195
2018-05-30,5353.759766
2018-05-31,5318.100098
2018-06-01,5376.290039
2018-06-04,5400.500000
2018-06-05,5404.620117
2018-06-06,5451.089844
2018-06-07,5448.180176
2018-06-08,5465.419922
2018-06-11,5471.290039
2018-06-12,5481.069824
2018-06-13,5459.209961
2018-06-14,5474.370117
2018-06-15,5469.370117
2018-06-18,5457.830078
2018-06-19,5436.129883
2018-06-20,5445.430176
2018-06-21,5411.399902
2018-06-22,5421.629883
2018-06-25,5347.229980
2018-06-26,5359.009766
2018-06-27,5312.890137
2018-06-28,5346.439941
2018-06-29,5350.830078
2018-07-02,5367.490234
2018-07-03,5340.930176
2018-07-05,5388.279785
2018-07-06,5434.359863
2018-07-09,5483.890137
2018-07-10,5503.049805
2018-07-11,5464.009766
2018-07-12,5512.359863
2018-07-13,5518.330078
2018-07-16,5512.919922
2018-07-17,5534.910156
2018-07-18,5546.859863
2018-07-19,5525.509766
2018-07-20,5520.500000
2018-07-23,5530.660156
2018-07-24,5557.370117
2018-07-25,5607.990234
2018-07-26,5590.990234
2018-07-27,5554.310059
2018-07-30,5522.810059
2018-07-31,5549.959961
2018-08-01,5544.189941
2018-08-02,5572.080078
2018-08-03,5598.709961
2018-08-06,5619.049805
2018-08-07,5634.979980
2018-08-08,5633.669922
2018-08-09,5627.000000
2018-08-10,5588.660156
2018-08-13,5566.359863
2018-08-14,5602.410156
2018-08-15,5560.850098
2018-08-16,5606.560059
2018-08-17,5625.660156
2018-08-20,5639.529785
2018-08-21,5651.390137
2018-08-22,5649.310059
2018-08-23,5640.100098
2018-08-24,5675.120117
2018-08-27,5719.299805
2018-08-28,5720.890137
2018-08-29,5754.000000
2018-08-30,5729.450195
2018-08-31,5730.799805
2018-09-04,5721.859863
2018-09-05,5705.859863
2018-09-06,5686.700195
2018-09-07,5674.580078
2018-09-10,5685.339844
2018-09-11,5706.990234
2018-09-12,5709.080078
2018-09-13,5740.750000
2018-09-14,5743.189941
2018-09-17,5711.290039
2018-09-18,5742.180176
2018-09-19,5749.390137
2018-09-20,5794.720215
2018-09-21,5792.720215
2018-09-24,5772.359863
2018-09-25,5765.250000
2018-09-26,5746.270020
2018-09-27,5763.220215
2018-09-28,5763.419922
2018-10-01,5784.450195
2018-10-02,5782.370117
2018-10-03,5786.479980
2018-10-04,5740.560059
2018-10-05,5708.899902
2018-10-08,5706.660156
2018-10-09,5700.229980
2018-10-10,5512.939941
2018-10-11,5399.540039
2018-10-12,5476.830078
2018-10-15,5444.609863
2018-10-16,5561.799805
2018-10-17,5560.620117
2018-10-18,5481.129883
2018-10-19,5479.299805
2018-10-22,5455.879883
2018-10-23,5426.080078
2018-10-24,5258.609863
2018-10-25,5356.540039
2018-10-26,5263.740234
2018-10-29,5229.279785
2018-10-30,5311.669922
2018-10-31,5369.490234
2018-11-01,5426.330078
2018-11-02,5392.529785
2018-11-05,5422.879883
2018-11-06,5457.250000
2018-11-07,5573.060059
2018-11-08,5562.000000
2018-11-09,5511.790039
2018-11-12,5403.189941
2018-11-13,5395.370117
2018-11-14,5355.939941
2018-11-15,5414.430176
2018-11-16,5426.859863
2018-11-19,5336.700195
2018-11-20,5240.229980
2018-11-21,5256.609863
2018-11-23,5222.430176
2018-11-26,5304.169922
2018-11-27,5321.520020
2018-11-28,5444.120117
2018-11-29,5433.490234
2018-11-30,5478.910156
2018-12-03,5538.859863
2018-12-04,5359.910156
2018-12-06,5353.430176
2018-12-07,5229.439941
2018-12-10,5238.700195
2018-12-11,5237.100098
2018-12-12,5265.529785
2018-12-13,5265.459961
2018-12-14,5165.600098
2018-12-17,5058.580078
2018-12-18,5059.339844
2018-12-19,4981.919922
2018-12-20,4903.459961
2018-12-21,4802.509766
2018-12-24,4672.660156
2018-12-26,4904.490234
2018-12-27,4946.939941
2018-12-28,4941.609863
2018-12-31,4984.220215
2019-01-02,4990.560059
2019-01-03,4868.299805
2019-01-04,5035.450195
2019-01-07,5070.759766
2019-01-08,5120.040039
2019-01-09,5142.660156
2019-01-10,5165.890137
2019-01-11,5165.149902
2019-01-14,5138.580078
2019-01-15,5193.779785
2019-01-16,5205.450195
2019-01-17,5245.479980
2019-01-18,5314.779785
2019-01-22,5239.750000
2019-01-23,5251.290039
2019-01-24,5258.689941
2019-01-25,5303.509766
2019-01-28,5261.879883
2019-01-29,5254.310059
2019-01-30,5336.600098
2019-01-31,5383.629883
2019-02-01,5389.189941
2019-02-04,5425.799805
2019-02-05,5451.399902
2019-02-06,5439.799805
2019-02-07,5389.689941
2019-02-08,5395.120117
2019-02-11,5399.000000
2019-02-12,5468.979980
2019-02-13,5485.970215
2019-02-14,5473.330078
2019-02-15,5533.270020
2019-02-19,5541.979980
2019-02-20,5552.899902
2019-02-21,5533.799805
2019-02-22,5569.450195
2019-02-25,5577.089844
2019-02-26,5572.740234
2019-02-27,5570.569824
2019-02-28,5556.490234
2019-03-01,5595.109863
2019-03-04,5573.529785
2019-03-05,5567.399902
2019-03-06,5531.339844
2019-03-07,5487.560059
2019-03-08,5476.390137
2019-03-11,5556.770020
2019-03-12,5556.770020
2019-03-13,5612.560059
2019-03-14,5609.589844
2019-03-15,5637.770020
2019-03-18,5658.729980
2019-03-19,5658.149902
2019-03-20,5641.740234
2019-03-21,5703.279785
2019-03-22,5595.500000
2019-03-25,5591.229980
2019-03-26,5631.390137
2019-03-27,5605.319824
2019-03-28,5626.319824
2019-03-29,5664.459961
2019-04-01,5730.040039
2019-04-02,5730.350098
2019-04-03,5742.669922
2019-04-04,5755.959961
2019-04-05,5782.700195
2019-04-08,5788.859863
2019-04-09,5755.490234
2019-04-10,5775.990234
2019-04-11,5776.279785
2019-04-12,5815.040039
2019-04-15,5811.509766
2019-04-16,5814.459961
2019-04-17,5801.830078
2019-04-18,5811.129883
2019-04-22,5817.160156
2019-04-23,5868.879883
2019-04-24,5856.029785
2019-04-25,5853.870117
2019-04-26,5881.479980
2019-04-29,5888.049805
2019-04-30,5893.810059
2019-05-01,5849.649902
2019-05-02,5837.459961
2019-05-03,5894.299805
2019-05-06,5868.450195
2019-05-07,5771.589844
2019-05-08,5762.479980
2019-05-09,5747.080078
2019-05-10,5770.439941
2019-05-13,5631.410156
2019-05-14,5677.200195
2019-05-15,5711.490234
2019-05-16,5763.950195
2019-05-17,5730.890137
2019-05-20,5692.299805
2019-05-21,5740.810059
2019-05-22,5724.709961
2019-05-23,5657.100098
2019-05-24,5665.600098
2019-05-28,5618.180176
2019-05-29,5579.509766
2019-05-30,5591.970215
2019-05-31,5519.270020
2019-06-03,5504.049805
2019-06-04,5622.310059
2019-06-05,5668.890137
2019-06-06,5705.220215
2019-06-07,5765.660156
2019-06-10,5792.560059
2019-06-11,5790.830078
2019-06-12,5779.120117
2019-06-13,5804.529785
2019-06-14,5795.959961
2019-06-17,5801.399902
2019-06-18,5857.950195
2019-06-19,5875.450195
2019-06-20,5931.660156
2019-06-21,5924.540039
2019-06-24,5914.290039
2019-06-25,5858.129883
2019-06-26,5850.899902
2019-06-27,5874.149902
2019-06-28,5908.250000
2019-07-01,5953.629883
2019-07-02,5971.290039
2019-07-03,5982.899902
2019-07-05,6008.310059
2019-07-08,5979.339844
2019-07-09,5988.479980
2019-07-10,6015.560059
2019-07-11,6029.330078
2019-07-12,6057.770020
2019-07-15,6058.830078
2019-07-16,6038.399902
2019-07-17,5999.049805
2019-07-18,6021.149902
2019-07-19,5984.200195
2019-07-22,6001.279785
2019-07-23,6042.479980
2019-07-24,6071.049805
2019-07-25,6039.129883
2019-07-26,6083.819824
2019-07-29,6074.009766
2019-07-30,6058.959961
2019-07-31,5993.169922
2019-08-01,5939.830078
2019-08-02,5897.100098
2019-08-05,5721.799805
2019-08-06,5796.720215
2019-08-07,5801.319824
2019-08-08,5911.660156
2019-08-09,5873.470215
2019-08-12,5802.140137
2019-08-13,5890.160156
2019-08-14,5719.299805
2019-08-15,5734.490234
2019-08-16,5818.169922
2019-08-19,5888.930176
2019-08-20,5842.759766
2019-08-21,5891.189941
2019-08-22,5888.370117
2019-08-23,5735.629883
2019-08-26,5799.339844
2019-08-27,5780.790039
2019-08-28,5818.839844
2019-08-29,5893.649902
2019-08-30,5898.229980
2019-09-03,5857.950195
2019-09-04,5921.959961
2019-09-05,6000.379883
2019-09-06,6006.069824
2019-09-09,6005.990234
2019-09-10,6008.120117
2019-09-11,6051.870117
2019-09-12,6070.229980
2019-09-13,6067.500000
2019-09-16,6048.669922
2019-09-17,6064.310059
2019-09-18,6066.419922
2019-09-19,6066.899902
2019-09-20,6037.500000
2019-09-23,6036.899902
2019-09-24,5986.580078
2019-09-25,6023.459961
2019-09-26,6009.189941
2019-09-27,5978.109863
2019-09-30,6008.589844
2019-10-01,5935.200195
2019-10-02,5828.930176
2019-10-03,5876.859863
2019-10-04,5960.430176
2019-10-07,5933.759766
2019-10-08,5841.569824
2019-10-09,5896.600098
2019-10-10,5934.560059
2019-10-11,6000.040039
2019-10-14,5991.720215
2019-10-15,6051.390137
2019-10-16,6039.689941
2019-10-17,6056.839844
2019-10-18,6033.259766
2019-10-21,6074.899902
2019-10-22,6053.419922
2019-10-23,6070.870117
2019-10-24,6082.540039
2019-10-25,6107.419922
2019-10-28,6141.509766
2019-10-29,6136.470215
2019-10-30,6156.930176
2019-10-31,6138.729980
2019-11-01,6198.589844
2019-11-04,6221.629883
2019-11-05,6214.279785
2019-11-06,6219.100098
2019-11-07,6238.990234
2019-11-08,6256.109863
2019-11-11,6243.810059
2019-11-12,6253.910156
2019-11-13,6258.580078
2019-11-14,6265.419922
2019-11-15,6314.740234
2019-11-18,6318.020020
2019-11-19,6314.660156
2019-11-20,6292.169922
2019-11-21,6282.589844
2019-11-22,6296.339844
2019-11-25,6344.359863
2019-11-26,6358.459961
2019-11-27,6385.759766
2019-11-29,6361.560059
2019-12-02,6306.879883
2019-12-03,6265.220215
2019-12-04,6305.490234
2019-12-05,6316.689941
2019-12-06,6374.700195
2019-12-09,6355.069824
2019-12-10,6348.310059
2019-12-11,6366.839844
2019-12-12,6422.350098
2019-12-13,6423.930176
2019-12-16,6470.029785
2019-12-17,6472.240234
2019-12-18,6470.000000
2019-12-19,6499.259766
2019-12-20,6531.750000
2019-12-23,6537.399902
2019-12-24,6536.580078
2019-12-26,6570.709961
2019-12-27,6571.029785
2019-12-30,6533.910156
2019-12-31,6553.569824
2020-01-02,6609.290039
2020-01-03,6563.319824
2020-01-06,6586.540039
2020-01-07,6568.740234
2020-01-08,6601.149902
2020-01-09,6646.839844
2020-01-10,6627.870117
2020-01-13,6674.129883
2020-01-14,6664.660156
2020-01-15,6677.250000
2020-01-16,6733.350098
2020-01-17,6759.509766
2020-01-21,6741.709961
2020-01-22,6743.899902
2020-01-23,6752.089844
2020-01-24,6691.220215
2020-01-27,6585.950195
2020-01-28,6652.299805
2020-01-29,6646.689941
2020-01-30,6668.520020
2020-01-31,6551.000000
2020-02-03,6598.629883
2020-02-04,6697.490234
2020-02-05,6772.979980
2020-02-06,6796.640137
2020-02-07,6761.259766
2020-02-10,6811.830078
2020-02-11,6823.589844
2020-02-12,6867.919922
2020-02-13,6858.919922
2020-02-14,6872.680176
2020-02-18,6853.040039
2020-02-19,6886.470215
2020-02-20,6860.520020
2020-02-21,6788.600098
2020-02-24,6561.939941
2020-02-25,6363.370117
2020-02-26,6339.379883
2020-02-27,6060.669922
2020-02-28,6011.729980
2020-03-02,6288.640137
2020-03-03,6112.069824
2020-03-04,6370.350098
2020-03-05,6155.580078
2020-03-06,6050.799805
2020-03-09,5591.740234
2020-03-10,5868.109863
2020-03-11,5581.759766
2020-03-12,5051.970215
2020-03-13,5522.850098
2020-03-16,4861.220215
2020-03-17,5152.830078
2020-03-18,4885.779785
2020-03-19,4909.129883
2020-03-20,4697.089844
2020-03-23,4559.500000
2020-03-24,4987.799805
2020-03-25,5045.350098
2020-03-26,5360.490234
2020-03-27,5179.919922
2020-03-30,5354.390137
2020-03-31,5269.200195
2020-04-01,5036.640137
2020-04-02,5152.470215
2020-04-03,5075.160156
2020-04-06,5432.169922
2020-04-07,5423.520020
2020-04-08,5609.549805
2020-04-09,5691.540039
2020-04-13,5634.149902
2020-04-14,5807.100098
2020-04-15,5679.529785
2020-04-16,5712.600098
2020-04-17,5865.899902
2020-04-20,5761.000000
2020-04-21,5584.439941
2020-04-22,5712.649902
2020-04-23,5710.040039
2020-04-24,5789.649902
2020-04-27,5874.939941
2020-04-28,5844.180176
2020-04-29,5999.740234
2020-04-30,5944.680176
2020-05-01,5778.529785
2020-05-04,5803.120117
2020-05-05,5855.580078
2020-05-06,5815.169922
2020-05-07,5884.140137
2020-05-08,5984.549805
2020-05-11,5985.660156
2020-05-12,5863.680176
2020-05-13,5761.700195
2020-05-14,5829.330078
2020-05-15,5852.839844
2020-05-18,6037.899902
2020-05-19,5975.149902
2020-05-20,6075.759766
2020-05-21,6028.930176
2020-05-22,6044.160156
2020-05-26,6118.540039
2020-05-27,6209.379883
2020-05-28,6197.020020
2020-05-29,6227.810059
2020-06-01,6251.479980
2020-06-02,6303.000000
2020-06-03,6389.669922
2020-06-04,6369.540039
2020-06-05,6536.580078
2020-06-08,6615.399902
2020-06-09,6564.270020
2020-06-10,6529.419922
2020-06-11,6145.299805
2020-06-12,6227.419922
2020-06-15,6279.399902
2020-06-16,6398.580078
2020-06-17,6375.540039
2020-06-18,6379.560059
2020-06-19,6344.700195
2020-06-22,6385.910156
2020-06-23,6413.439941
2020-06-24,6247.660156
2020-06-25,6316.450195
2020-06-26,6163.500000
2020-06-29,6254.779785
2020-06-30,6351.669922
2020-07-01,6383.759766
2020-07-02,6414.160156
2020-07-06,6516.049805
2020-07-07,6445.589844
2020-07-08,6496.140137
2020-07-09,6461.310059
2020-07-10,6528.959961
2020-07-13,6467.839844
2020-07-14,6555.399902
2020-07-15,6615.069824
2020-07-16,6592.750000
2020-07-17,6611.859863
2020-07-20,6667.450195
2020-07-21,6678.740234
2020-07-22,6717.290039
2020-07-23,6635.040039
2020-07-24,6594.100098
2020-07-27,6642.890137
2020-07-28,6599.970215
2020-07-29,6682.009766
2020-07-30,6658.020020
2020-07-31,6709.810059
2020-08-03,6758.200195
2020-08-04,6782.600098
2020-08-05,6826.220215
2020-08-06,6870.859863
2020-08-07,6876.649902
2020-08-10,6895.589844
2020-08-11,6840.669922
2020-08-12,6937.439941
2020-08-13,6924.959961
2020-08-14,6924.279785
2020-08-17,6943.220215
2020-08-18,6960.299805
2020-08-19,6930.799805
2020-08-20,6952.919922
2020-08-21,6977.270020
2020-08-24,7048.169922
2020-08-25,7073.600098
2020-08-26,7145.770020
2020-08-27,7158.180176
2020-08-28,7207.100098
2020-08-31,7192.109863
2020-09-01,7246.370117
2020-09-02,7358.490234
2020-09-03,7101.379883
2020-09-04,7043.620117
2020-09-08,6848.419922
2020-09-09,6986.759766
2020-09-10,6864.229980
2020-09-11,6868.220215
2020-09-14,6957.910156
2020-09-15,6994.330078
2020-09-16,6962.290039
2020-09-17,6903.819824
2020-09-18,6826.720215
2020-09-21,6748.080078
2020-09-22,6819.080078
2020-09-23,6657.819824
2020-09-24,6678.040039
2020-09-25,6784.950195
2020-09-28,6894.270020
2020-09-29,6861.959961
2020-09-30,6918.830078
2020-10-01,6956.200195
2020-10-02,6889.600098
2020-10-05,7014.169922
2020-10-06,6916.430176
2020-10-07,7036.890137
2020-10-08,7095.399902
2020-10-09,7157.939941
2020-10-12,7275.430176
2020-10-13,7229.549805
2020-10-14,7182.379883
2020-10-15,7171.609863
2020-10-16,7172.700195
2020-10-19,7055.580078
2020-10-20,7089.060059
2020-10-21,7073.649902
2020-10-22,7111.169922
2020-10-23,7135.810059
2020-10-26,7003.209961
2020-10-27,6982.140137
2020-10-28,6735.750000
2020-10-29,6816.790039
2020-10-30,6734.839844
2020-11-02,6817.890137
2020-11-03,6939.299805
2020-11-04,7092.299805
2020-11-05,7231.669922
2020-11-06,7230.509766
2020-11-09,7315.770020
2020-11-10,7306.750000
2020-11-11,7362.649902
2020-11-12,7290.689941
2020-11-13,7390.609863
2020-11-16,7476.790039
2020-11-17,7442.040039
2020-11-18,7357.339844
2020-11-19,7386.859863
2020-11-20,7336.759766
2020-11-23,7378.939941
2020-11-24,7498.290039
2020-11-25,7486.680176
2020-11-27,7505.379883
2020-11-30,7472.060059
2020-12-01,7556.509766
2020-12-02,7570.759766
2020-12-03,7567.439941
2020-12-04,7634.770020
2020-12-07,7620.000000
2020-12-08,7641.430176
2020-12-09,7581.060059
2020-12-10,7571.870117
2020-12-11,7562.459961
2020-12-14,7530.870117
2020-12-15,7628.279785
2020-12-16,7641.819824
2020-12-17,7686.180176
2020-12-18,7659.750000
2020-12-21,7630.069824
2020-12-22,7614.830078
2020-12-23,7620.629883
2020-12-24,7648.390137
2020-12-28,7715.100098
2020-12-29,7697.930176
2020-12-30,7709.100098
2020-12-31,7759.350098
2021-01-04,7645.270020
2021-01-05,7700.339844
2021-01-06,7744.430176
2021-01-07,7861.100098
2021-01-08,7905.279785
2021-01-11,7853.450195
2021-01-12,7856.720215
2021-01-13,7874.750000
2021-01-14,7846.100098
2021-01-15,7789.790039
2021-01-19,7853.470215
2021-01-20,7962.919922
2021-01-21,7966.109863
2021-01-22,7942.200195
2021-01-25,7970.919922
2021-01-26,7959.100098
2021-01-27,7754.740234
2021-01-28,7831.220215
2021-01-29,7681.009766
2021-02-01,7804.310059
2021-02-02,7912.870117
2021-02-03,7920.850098
2021-02-04,8007.620117
2021-02-05,8039.669922
2021-02-08,8099.330078
2021-02-09,8091.700195
2021-02-10,8089.109863
2021-02-11,8104.189941
2021-02-12,8142.790039
2021-02-16,8139.160156
2021-02-17,8137.879883
2021-02-18,8102.240234
2021-02-19,8087.680176
2021-02-22,8025.810059
2021-02-23,8036.060059
2021-02-24,8127.379883
2021-02-25,7929.560059
2021-02-26,7892.810059
2021-03-01,8080.779785
2021-03-02,8015.540039
2021-03-03,7911.209961
2021-03-04,7806.450195
2021-03-05,7958.979980
2021-03-08,7916.410156
2021-03-09,8029.200195
2021-03-10,8078.049805
2021-03-11,8162.580078
2021-03-12,8172.899902
2021-03-15,8226.320313
2021-03-16,8213.629883
2021-03-17,8237.349609
2021-03-18,8116.169922
2021-03-19,8112.129883
2021-03-22,8169.140137
2021-03-23,8106.830078
2021-03-24,8063.000000
2021-03-25,8105.509766
2021-03-26,8240.379883
2021-03-29,8233.240234
2021-03-30,8208.099609
2021-03-31,8238.480469
2021-04-01,8335.910156
2021-04-05,8457.400391
2021-04-06,8449.540039
2021-04-07,8462.179688
2021-04-08,8499.849609
2021-04-09,8565.570313
2021-04-12,8564.030273
2021-04-13,8592.250000
2021-04-14,8558.160156
2021-04-15,8653.290039
2021-04-16,8684.509766
2021-04-19,8638.419922
2021-04-20,8579.950195
2021-04-21,8659.799805
2021-04-22,8580.730469
2021-04-23,8674.799805
2021-04-26,8690.259766
2021-04-27,8688.450195
2021-04-28,8681.169922
2021-04-29,8740.349609
2021-04-30,8678.160156
2021-05-03,8702.019531
2021-05-04,8643.910156
2021-05-05,8650.040039
2021-05-06,8722.040039
2021-05-07,8787.820313
2021-05-10,8696.290039
2021-05-11,8620.980469
2021-05-12,8437.240234
2021-05-13,8541.389648
2021-05-14,8669.490234
2021-05-17,8647.570313
2021-05-18,8574.980469
2021-05-19,8550.950195
2021-05-20,8641.980469
2021-05-21,8635.549805
2021-05-24,8722.000000
2021-05-25,8703.589844
2021-05-26,8720.040039
2021-05-27,8730.969727
2021-05-28,8738.769531
2021-06-01,8734.740234
2021-06-02,8748.299805
2021-06-03,8717.969727
2021-06-04,8795.080078
2021-06-07,8788.280273
2021-06-08,8790.000000
2021-06-09,8774.309570
2021-06-10,8815.559570
2021-06-11,8832.940430
2021-06-14,8851.169922
2021-06-15,8833.679688
2021-06-16,8786.179688
2021-06-17,8782.580078
2021-06-18,8667.759766
2021-06-21,8789.519531
2021-06-22,8834.559570
2021-06-23,8825.009766
2021-06-24,8877.059570
2021-06-25,8906.790039
2021-06-28,8927.400391
2021-06-29,8930.669922
2021-06-30,8942.780273
2021-07-01,8990.080078
2021-07-02,9058.660156
2021-07-06,9040.759766
2021-07-07,9071.139648
2021-07-08,8995.259766
2021-07-09,9096.839844
2021-07-12,9128.219727
2021-07-13,9096.150391
2021-07-14,9107.849609
2021-07-15,9078.330078
2021-07-16,9009.889648
2021-07-19,8867.070313
2021-07-20,9001.769531
2021-07-21,9075.969727
2021-07-22,9094.950195
2021-07-23,9187.639648
2021-07-26,9209.629883
2021-07-27,9166.269531
2021-07-28,9164.620117
2021-07-29,9204.250000
2021-07-30,9155.209961
2021-08-02,9138.360352
2021-08-03,9213.349609
2021-08-04,9170.759766
2021-08-05,9226.490234
2021-08-06,9243.030273
2021-08-09,9235.049805
2021-08-10,9244.219727
2021-08-11,9267.400391
2021-08-12,9297.200195
2021-08-13,9312.509766
2021-08-16,9337.179688
2021-08-17,9271.830078
2021-08-18,9173.929688
2021-08-19,9186.070313
2021-08-20,9261.309570
2021-08-23,9341.089844
2021-08-24,9355.110352
2021-08-25,9376.000000
2021-08-26,9321.740234
2021-08-27,9404.150391
2021-08-30,9445.240234
2021-08-31,9433.580078
2021-09-01,9437.150391
2021-09-02,9465.469727
2021-09-03,9462.540039
2021-09-07,9430.679688
2021-09-08,9418.570313
2021-09-09,9375.990234
2021-09-10,9304.030273
2021-09-13,9325.290039
2021-09-14,9273.990234
2021-09-15,9352.830078
2021-09-16,9338.610352
2021-09-17,9253.570313
2021-09-20,9096.519531
2021-09-21,9089.549805
2021-09-22,9176.080078
2021-09-23,9287.799805
2021-09-24,9301.490234
2021-09-27,9275.870117
2021-09-28,9087.469727
2021-09-29,9102.620117
2021-09-30,8994.830078
2021-10-01,9098.250000
2021-10-04,8980.639648
2021-10-05,9076.190430
2021-10-06,9113.450195
2021-10-07,9191.190430
2021-10-08,9173.740234
2021-10-11,9110.759766
2021-10-12,9088.730469
2021-10-13,9116.389648
2021-10-14,9272.969727
2021-10-15,9342.150391
2021-10-18,9373.679688
2021-10-19,9443.120117
2021-10-20,9477.820313
2021-10-21,9506.910156
2021-10-22,9496.860352
2021-10-25,9541.990234
2021-10-26,9559.389648
2021-10-27,9511.269531
2021-10-28,9605.230469
2021-10-29,9625.019531
2021-11-01,9642.440430
2021-11-02,9677.950195
2021-11-03,9740.469727
2021-11-04,9782.480469
2021-11-05,9819.980469
2021-11-08,9828.809570
2021-11-09,9795.120117
2021-11-10,9716.719727
2021-11-11,9722.080078
2021-11-12,9793.219727
2021-11-15,9793.530273
2021-11-16,9831.910156
2021-11-17,9808.269531
2021-11-18,9842.349609
2021-11-19,9828.799805
2021-11-22,9798.290039
2021-11-23,9814.650391
2021-11-24,9837.599609
2021-11-26,9614.250000
2021-11-29,9741.780273
2021-11-30,9558.330078
2021-12-01,9446.209961
2021-12-02,9581.790039
2021-12-03,9501.280273
2021-12-06,9613.019531
2021-12-07,9812.200195
2021-12-08,9842.679688
2021-12-09,9773.190430
2021-12-10,9866.620117
2021-12-13,9776.690430
2021-12-14,9705.059570
2021-12-15,9863.919922
2021-12-16,9778.089844
2021-12-17,9678.030273
2021-12-20,9567.910156
2021-12-21,9738.730469
2021-12-22,9838.900391
2021-12-23,9900.299805
2021-12-27,10037.669922
2021-12-28,10027.530273
2021-12-29,10041.610352
2021-12-30,10012.509766
2021-12-31,9986.700195
2022-01-03,10050.410156
2022-01-04,10044.750000
2022-01-05,9850.700195
2022-01-06,9841.919922
2022-01-07,9803.849609
2022-01-10,9789.719727
2022-01-11,9879.389648
2022-01-12,9907.379883
2022-01-13,9767.349609
2022-01-14,9775.530273
2022-01-18,9595.929688
2022-01-19,9503.139648
2022-01-20,9398.959961
2022-01-21,9221.280273
2022-01-24,9246.839844
2022-01-25,9134.330078
2022-01-26,9120.750000
2022-01-27,9072.240234
2022-01-28,9294.209961
2022-01-31,9469.919922
2022-02-01,9534.950195
2022-02-02,9624.889648
2022-02-03,9390.570313
2022-02-04,9440.580078
2022-02-07,9405.839844
2022-02-08,9484.950195
2022-02-09,9623.839844
2022-02-10,9450.719727
2022-02-11,9271.799805
2022-02-14,9236.860352
2022-02-15,9383.570313
2022-02-16,9393.089844
2022-02-17,9195.349609
2022-02-18,9130.809570
2022-02-22,9038.320313
2022-02-23,8871.950195
2022-02-24,9005.370117
2022-02-25,9207.849609
2022-02-28,9186.370117
2022-03-01,9044.469727
2022-03-02,9213.389648
2022-03-03,9166.129883
2022-03-04,9094.040039
2022-03-07,8825.719727
2022-03-08,8762.110352
2022-03-09,8988.650391
2022-03-10,8950.900391
2022-03-11,8835.400391
2022-03-14,8771.750000
2022-03-15,8959.740234
2022-03-16,9160.509766
2022-03-17,9274.169922
2022-03-18,9382.429688
2022-03-21,9378.839844
2022-03-22,9484.860352
2022-03-23,9368.980469
2022-03-24,9504.190430
2022-03-25,9552.400391
2022-03-28,9620.660156
2022-03-29,9738.599609
2022-03-30,9678.299805
2022-03-31,9527.459961
2022-04-01,9559.950195
2022-04-04,9637.370117
2022-04-05,9517.940430
2022-04-06,9425.490234
2022-04-07,9466.759766
2022-04-08,9441.839844
2022-04-11,9282.480469
2022-04-12,9251.070313
2022-04-13,9356.209961
2022-04-14,9242.580078
2022-04-18,9240.690430
2022-04-19,9389.209961
2022-04-20,9383.540039
2022-04-21,9245.860352
2022-04-22,8989.509766
2022-04-25,9040.860352
2022-04-26,8786.469727
2022-04-27,8805.000000
2022-04-28,9023.419922
2022-04-29,8696.650391
2022-05-02,8746.049805
2022-05-03,8788.360352
2022-05-04,9050.900391
2022-05-05,8729.209961
2022-05-06,8680.969727
2022-05-09,8403.500000
2022-05-10,8424.200195
2022-05-11,8285.820313
2022-05-12,8278.040039
2022-05-13,8476.570313
2022-05-16,8443.549805
2022-05-17,8614.309570
2022-05-18,8268.320313
2022-05-19,8220.969727
2022-05-20,8222.309570
2022-05-23,8375.870117
2022-05-24,8307.969727
2022-05-25,8386.620117
2022-05-26,8553.679688
2022-05-27,8766.830078
2022-05-31,8712.599609
2022-06-01,8648.280273
2022-06-02,8809.179688
2022-06-03,8665.799805
2022-06-06,8693.059570
2022-06-07,8776.089844
2022-06-08,8681.679688
2022-06-09,8475.910156
2022-06-10,8229.429688
2022-06-13,7910.430176
2022-06-14,7883.339844
2022-06-15,7998.620117
2022-06-16,7739.390137
2022-06-17,7756.589844
2022-06-21,7946.890137
2022-06-22,7936.669922
2022-06-23,8012.680176
2022-06-24,8257.719727
2022-06-27,8233.419922
2022-06-28,8067.560059
2022-06-29,8062.720215
2022-06-30,7993.430176
2022-07-01,8077.890137
2022-07-05,8092.149902
2022-07-06,8121.209961
2022-07-07,8243.690430
2022-07-08,8237.500000
2022-07-11,8142.680176
2022-07-12,8067.560059
2022-07-13,8031.759766
2022-07-14,8008.709961
2022-07-15,8162.500000
2022-07-18,8094.229980
2022-07-19,8318.200195
2022-07-20,8367.370117
2022-07-21,8450.639648
2022-07-22,8371.870117
2022-07-25,8382.879883
2022-07-26,8286.190430
2022-07-27,8503.019531
2022-07-28,8607.240234
2022-07-29,8730.459961
2022-08-01,8705.870117
2022-08-02,8647.910156
2022-08-03,8783.280273
2022-08-04,8777.230469
2022-08-05,8764.080078
2022-08-08,8753.389648
2022-08-09,8716.750000
2022-08-10,8902.719727
2022-08-11,8898.839844
2022-08-12,9054.139648
2022-08-15,9090.360352
2022-08-16,9107.870117
2022-08-17,9043.589844
2022-08-18,9065.490234
2022-08-19,8948.820313
2022-08-22,8758.240234
2022-08-23,8738.759766
2022-08-24,8764.419922
2022-08-25,8888.129883
2022-08-26,8588.950195
2022-08-29,8532.099609
2022-08-30,8438.690430
2022-08-31,8374.419922
2022-09-01,8400.959961
2022-09-02,8311.419922
2022-09-06,8277.809570
2022-09-07,8429.870117
2022-09-08,8486.629883
2022-09-09,8616.980469
2022-09-12,8708.169922
2022-09-13,8331.900391
2022-09-14,8362.400391
2022-09-15,8268.599609
2022-09-16,8209.349609
2022-09-19,8265.730469
2022-09-20,8172.640137
2022-09-21,8033.290039
2022-09-22,7965.959961
2022-09-23,7828.870117
2022-09-26,7747.930176
2022-09-27,7731.990234
2022-09-28,7884.549805
2022-09-29,7719.089844
2022-09-30,7603.140137
2022-10-03,7800.000000
2022-10-04,8039.250000
2022-10-05,8023.810059
2022-10-06,7943.629883
2022-10-07,7721.439941
2022-10-10,7663.580078
2022-10-11,7613.750000
2022-10-12,7588.899902
2022-10-13,7786.959961
2022-10-14,7602.990234
2022-10-17,7804.330078
2022-10-18,7893.680176
2022-10-19,7840.990234
2022-10-20,7779.529785
2022-10-21,7964.250000
2022-10-24,8058.879883
2022-10-25,8190.020020
2022-10-26,8129.620117
2022-10-27,8080.319824
2022-10-28,8280.110352
2022-10-31,8218.700195
2022-11-01,8185.069824
2022-11-02,7980.470215
2022-11-03,7897.009766
2022-11-04,8006.240234
2022-11-07,8083.379883
2022-11-08,8128.700195
2022-11-09,7961.520020
2022-11-10,8403.480469
2022-11-11,8481.129883
2022-11-14,8407.250000
2022-11-15,8481.139648
2022-11-16,8413.089844
2022-11-17,8388.839844
2022-11-18,8429.009766
2022-11-21,8397.230469
2022-11-22,8511.480469
2022-11-23,8562.269531
2022-11-25,8560.089844
2022-11-28,8427.950195
2022-11-29,8415.269531
2022-11-30,8678.000000
2022-12-01,8671.900391
2022-12-02,8662.230469
2022-12-05,8507.339844
2022-12-06,8385.160156
2022-12-07,8369.740234
2022-12-08,8433.900391
2022-12-09,8372.259766
2022-12-12,8491.860352
2022-12-13,8554.099609
2022-12-14,8503.969727
2022-12-15,8292.639648
2022-12-16,8200.900391
2022-12-19,8127.569824
2022-12-20,8136.299805
2022-12-21,8258.429688
2022-12-22,8139.069824
2022-12-23,8187.060059
2022-12-27,8154.569824
2022-12-28,8056.620117
2022-12-29,8198.360352
2022-12-30,8178.020020
2023-01-03,8145.600098
2023-01-04,8207.419922
2023-01-05,8113.149902
2023-01-06,8298.610352
2023-01-09,8293.799805
2023-01-10,8351.679688
2023-01-11,8459.179688
2023-01-12,8489.080078
2023-01-13,8523.320313
2023-01-17,8506.030273
2023-01-18,8373.660156
2023-01-19,8310.750000
2023-01-20,8468.150391
2023-01-23,8568.769531
2023-01-24,8562.870117
2023-01-25,8561.400391
2023-01-26,8656.259766
2023-01-27,8678.009766
2023-01-30,8566.280273
2023-01-31,8691.879883
2023-02-01,8782.769531
2023-02-02,8912.349609
2023-02-03,8820.469727
2023-02-06,8766.900391
2023-02-07,8879.910156
2023-02-08,8781.790039
2023-02-09,8705.580078
2023-02-10,8726.469727
2023-02-13,8827.719727
2023-02-14,8826.320313
2023-02-15,8853.019531
2023-02-16,8731.750000
2023-02-17,8709.209961
2023-02-21,8534.730469
2023-02-22,8521.450195
2023-02-23,8567.570313
2023-02-24,8477.660156
2023-02-27,8504.759766
2023-02-28,8479.799805
2023-03-01,8440.250000
2023-03-02,8505.549805
2023-03-03,8643.610352
2023-03-06,8649.879883
2023-03-07,8517.540039
2023-03-08,8530.330078
2023-03-09,8374.250000
2023-03-10,8253.650391
2023-03-13,8241.389648
2023-03-14,8379.160156
2023-03-15,8320.959961
2023-03-16,8468.330078
2023-03-17,8375.209961
2023-03-20,8449.980469
2023-03-21,8560.309570
2023-03-22,8420.019531
2023-03-23,8445.870117
2023-03-24,8493.549805
2023-03-27,8507.540039
2023-03-28,8494.349609
2023-03-29,8615.290039
2023-03-30,8665.700195
2023-03-31,8791.129883
2023-04-03,8823.660156
2023-04-04,8773.309570
2023-04-05,8752.540039
2023-04-06,8785.700195
2023-04-10,8794.650391
2023-04-11,8794.290039
2023-04-12,8758.110352
2023-04-13,8875.650391
2023-04-14,8857.309570
2023-04-17,8886.759766
2023-04-18,8894.349609
2023-04-19,8893.599609
2023-04-20,8841.620117
2023-04-21,8849.759766
2023-04-24,8857.299805
2023-04-25,8717.629883
2023-04-26,8684.190430
2023-04-27,8854.320313
2023-04-28,8928.349609
2023-05-01,8924.919922
2023-05-02,8821.589844
2023-05-03,8759.950195
2023-05-04,8697.679688
2023-05-05,8858.860352
2023-05-08,8863.009766
2023-05-09,8823.049805
2023-05-10,8862.849609
2023-05-11,8849.690430
2023-05-12,8837.679688
2023-05-15,8865.030273
2023-05-16,8808.950195
2023-05-17,8915.429688
2023-05-18,9001.250000
2023-05-19,8988.459961
2023-05-22,8990.889648
2023-05-23,8890.160156
2023-05-24,8825.259766
2023-05-25,8902.839844
2023-05-26,9019.639648
2023-05-30,9020.389648
2023-05-31,8967.160156
2023-06-01,9057.169922
2023-06-02,9189.339844
2023-06-05,9171.089844
2023-06-06,9192.910156
2023-06-07,9158.139648
2023-06-08,9215.860352
2023-06-09,9226.700195
2023-06-12,9312.719727
2023-06-13,9377.650391
2023-06-14,9387.540039
2023-06-15,9503.530273
2023-06-16,9468.809570
2023-06-20,9424.019531
2023-06-21,9375.209961
2023-06-22,9410.830078
2023-06-23,9338.839844
2023-06-26,9297.120117
2023-06-27,9403.620117
2023-06-28,9400.299805
2023-06-29,9443.459961
2023-06-30,9559.669922
2023-07-03,9571.349609
2023-07-05,9553.690430
2023-07-06,9478.730469
2023-07-07,9453.099609
2023-07-10,9475.900391
2023-07-11,9539.950195
2023-07-12,9610.870117
2023-07-13,9693.299805
2023-07-14,9683.690430
2023-07-17,9721.030273
2023-07-18,9790.200195
2023-07-19,9813.459961
2023-07-20,9748.099609
2023-07-21,9751.259766
2023-07-24,9790.759766
2023-07-25,9818.490234
2023-07-26,9817.110352
2023-07-27,9754.719727
2023-07-28,9852.009766
2023-07-31,9866.769531
2023-08-01,9840.709961
2023-08-02,9704.629883
2023-08-03,9680.360352
2023-08-04,9629.769531
2023-08-07,9716.910156
2023-08-08,9676.000000
2023-08-09,9608.730469
2023-08-10,9612.360352
2023-08-11,9603.450195
2023-08-14,9659.259766
2023-08-15,9549.169922
2023-08-16,9478.540039
2023-08-17,9407.269531
2023-08-18,9406.500000
2023-08-21,9471.389648
2023-08-22,9445.219727
2023-08-23,9549.730469
2023-08-24,9421.469727
2023-08-25,9485.889648
2023-08-28,9545.440430
2023-08-29,9684.219727
2023-08-30,9722.959961
2023-08-31,9709.679688
2023-09-01,9727.639648
2023-09-05,9687.259766
2023-09-06,9619.980469
2023-09-07,9590.400391
2023-09-08,9604.769531
2023-09-11,9669.360352
2023-09-12,9614.660156
2023-09-13,9626.679688
2023-09-14,9710.540039
2023-09-15,9592.860352
2023-09-18,9599.929688
2023-09-19,9579.269531
2023-09-20,9489.919922
2023-09-21,9334.589844
2023-09-22,9313.299805
2023-09-25,9350.900391
2023-09-26,9213.719727
2023-09-27,9216.019531
2023-09-28,9271.549805
2023-09-29,9246.740234
2023-10-02,9247.509766
2023-10-03,9121.139648
2023-10-04,9195.139648
2023-10-05,9184.809570
2023-10-06,9294.820313
2023-10-09,9353.410156
2023-10-10,9402.309570
2023-10-11,9443.129883
2023-10-12,9385.160156
2023-10-13,9338.089844
2023-10-16,9437.309570
2023-10-17,9436.360352
2023-10-18,9309.919922
2023-10-19,9231.730469
2023-10-20,9115.839844
2023-10-23,9100.490234
2023-10-24,9166.799805
2023-10-25,9035.400391
2023-10-26,8928.629883
2023-10-27,8885.940430
2023-10-30,8993.459961
2023-10-31,9052.309570
2023-11-01,9147.450195
2023-11-02,9320.559570
2023-11-03,9408.559570
2023-11-06,9425.339844
2023-11-07,9452.280273
2023-11-08,9462.250000
2023-11-09,9387.589844
2023-11-10,9535.629883
2023-11-13,9528.250000
2023-11-14,9712.009766
2023-11-15,9729.309570
2023-11-16,9743.219727
2023-11-17,9755.919922
2023-11-20,9829.019531
2023-11-21,9809.389648
2023-11-22,9849.740234
2023-11-24,9855.839844
2023-11-27,9836.750000
2023-11-28,9846.429688
2023-11-29,9838.820313
2023-11-30,9879.019531
2023-12-01,9937.889648
2023-12-04,9884.169922
2023-12-05,9878.969727
2023-12-06,9840.650391
2023-12-07,9920.639648
2023-12-08,9961.500000
2023-12-11,10000.639648
2023-12-12,10047.040039
2023-12-13,10184.379883
2023-12-14,10213.690430
2023-12-15,10213.480469
2023-12-18,10259.849609
2023-12-19,10320.860352
2023-12-20,10170.509766
2023-12-21,10275.299805
2023-12-22,10292.370117
2023-12-26,10335.980469
2023-12-27,10351.599609
2023-12-28,10356.589844
2023-12-29,10327.830078
2024-01-02,10269.690430
2024-01-03,10187.790039
2024-01-04,10154.200195
2024-01-05,10172.750000
2024-01-08,10316.519531
2024-01-09,10302.730469
2024-01-10,10361.269531
2024-01-11,10354.690430
2024-01-12,10363.349609
2024-01-16,10324.830078
2024-01-17,10267.049805
2024-01-18,10358.290039
2024-01-19,10486.440430
2024-01-22,10509.440430
2024-01-23,10540.379883
2024-01-24,10549.040039
2024-01-25,10605.129883
2024-01-26,10598.230469
2024-01-29,10678.500000
2024-01-30,10672.950195
2024-01-31,10501.379883
2024-02-01,10633.139648
2024-02-02,10747.250000
2024-02-05,10713.110352
2024-02-06,10738.169922
2024-02-07,10826.809570
2024-02-08,10834.360352
2024-02-09,10897.610352
2024-02-12,10887.410156
2024-02-13,10739.809570
2024-02-14,10844.719727
2024-02-15,10910.309570
2024-02-16,10859.629883
2024-02-20,10794.799805
2024-02-21,10808.929688
2024-02-22,11037.820313
2024-02-23,11041.900391
2024-02-26,11000.500000
2024-02-27,11019.440430
2024-02-28,11002.200195
2024-02-29,11062.110352
2024-03-01,11151.339844
2024-03-04,11138.429688
2024-03-05,11025.160156
2024-03-06,11082.650391
2024-03-07,11198.389648
2024-03-08,11126.070313
2024-03-11,11113.610352
2024-03-12,11238.459961
2024-03-13,11217.299805
2024-03-14,11187.849609
2024-03-15,11115.690430
2024-03-18,11186.040039
2024-03-19,11249.230469
2024-03-20,11350.889648
2024-03-21,11387.889648
2024-03-22,11372.490234
2024-03-25,11337.740234
2024-03-26,11306.009766
2024-03-27,11404.950195
2024-03-28,11418.030273
2024-04-01,11395.080078
2024-04-02,11312.900391
2024-04-03,11325.780273
2024-04-04,11187.490234
2024-04-05,11311.700195
2024-04-08,11307.660156
2024-04-09,11325.629883
2024-04-10,11218.730469
2024-04-11,11302.530273
2024-04-12,11139.379883
2024-04-15,11005.610352
2024-04-16,10982.990234
2024-04-17,10919.490234
2024-04-18,10896.070313
2024-04-19,10801.160156
2024-04-22,10895.469727
2024-04-23,11026.059570
2024-04-24,11028.459961
2024-04-25,10978.200195
2024-04-26,11090.459961
2024-04-29,11126.280273
2024-04-30,10951.660156
2024-05-01,10914.110352
2024-05-02,11013.910156
2024-05-03,11152.759766
2024-05-06,11268.230469
2024-05-07,11283.959961
2024-05-08,11283.910156
2024-05-09,11343.549805
2024-05-10,11364.040039
2024-05-13,11361.459961
2024-05-14,11418.120117
2024-05-15,11554.040039
2024-05-16,11532.360352
2024-05-17,11546.280273
2024-05-20,11557.839844
2024-05-21,11587.049805
2024-05-22,11555.839844
2024-05-23,11470.980469
2024-05-24,11551.559570
2024-05-28,11554.450195
2024-05-29,11469.459961
2024-05-30,11402.099609
2024-05-31,11494.700195
2024-06-03,11508.889648
2024-06-04,11526.809570
2024-06-05,11663.549805
2024-06-06,11661.370117
2024-06-07,11650.490234
2024-06-10,11681.540039
2024-06-11,11713.299805
2024-06-12,11813.169922
2024-06-13,11841.019531
2024-06-14,11839.269531
2024-06-17,11931.480469
2024-06-18,11961.929688
2024-06-20,11931.799805
2024-06-21,11913.780273
2024-06-24,11878.040039
2024-06-25,11924.750000
2024-06-26,11943.530273
2024-06-27,11954.500000
2024-06-28,11907.150391
2024-07-01,11939.379883
2024-07-02,12013.400391
2024-07-03,12074.830078
2024-07-05,12142.540039
2024-07-08,12155.269531
2024-07-09,12164.570313
2024-07-10,12290.209961
2024-07-11,12182.969727
2024-07-12,12250.190430
2024-07-15,12286.049805
2024-07-16,12364.559570
2024-07-17,12192.490234
2024-07-18,12097.250000
2024-07-19,12011.610352
2024-07-22,12141.750000
2024-07-23,12122.830078
2024-07-24,11842.360352
2024-07-25,11781.570313
2024-07-26,11913.040039
2024-07-29,11922.889648
2024-07-30,11863.799805
2024-07-31,12052.089844
2024-08-01,11887.540039
2024-08-02,11669.179688
2024-08-05,11319.959961
2024-08-06,11437.320313
2024-08-07,11349.240234
2024-08-08,11610.839844
2024-08-09,11666.490234
2024-08-12,11668.589844
2024-08-13,11865.290039
2024-08-14,11911.019531
2024-08-15,12106.679688
2024-08-16,12132.480469
2024-08-19,12251.740234
2024-08-20,12227.799805
2024-08-21,12280.179688
2024-08-22,12170.709961
2024-08-23,12310.629883
2024-08-26,12272.080078
2024-08-27,12292.639648
2024-08-28,12219.230469
2024-08-29,12219.379883
2024-08-30,12344.429688
2024-09-03,12084.570313
2024-09-04,12065.690430
2024-09-05,12029.719727
2024-09-06,11823.570313
2024-09-09,11961.740234
2024-09-10,12015.570313
2024-09-11,12143.849609
2024-09-12,12235.059570
2024-09-13,12303.259766
2024-09-16,12321.209961
2024-09-17,12324.750000
2024-09-18,12289.259766
2024-09-19,12498.589844
2024-09-20,12474.440430
2024-09-23,12509.610352
2024-09-24,12541.089844
2024-09-25,12517.820313
2024-09-26,12569.129883
2024-09-27,12553.780273
2024-09-30,12608.070313
2024-10-01,12490.870117
2024-10-02,12493.349609
2024-10-03,12472.389648
2024-10-04,12586.910156
2024-10-07,12466.410156
2024-10-08,12587.250000
2024-10-09,12677.160156
2024-10-10,12652.839844
2024-10-11,12729.519531
2024-10-14,12827.629883
2024-10-15,12731.099609
2024-10-16,12790.839844
2024-10-17,12788.780273
2024-10-18,12840.299805
2024-10-21,12817.389648
2024-10-22,12811.360352
2024-10-23,12693.820313
2024-10-24,12721.049805
2024-10-25,12717.339844
2024-10-28,12751.219727
2024-10-29,12771.799805
2024-10-30,12729.730469
2024-10-31,12493.740234
2024-11-01,12545.400391
2024-11-04,12510.730469
2024-11-05,12664.320313
2024-11-06,12984.730469
2024-11-07,13081.530273
2024-11-08,13133.469727
2024-11-11,13146.200195
2024-11-12,13108.950195
2024-11-13,13112.570313
2024-11-14,13034.790039
2024-11-15,12864.419922
2024-11-18,12916.799805
2024-11-19,12968.160156
2024-11-20,12968.849609
2024-11-21,13040.080078
2024-11-22,13085.860352
2024-11-25,13125.459961
2024-11-26,13201.469727
2024-11-27,13152.080078
2024-11-29,13227.129883
2024-12-02,13261.080078
2024-12-03,13267.330078
2024-12-04,13347.879883
2024-12-05,13323.740234
2024-12-06,13358.500000
2024-12-09,13278.290039
2024-12-10,13239.209961
2024-12-11,13347.509766
2024-12-12,13275.240234
2024-12-13,13276.559570
2024-12-16,13328.780273
2024-12-17,13277.549805
2024-12-18,12886.209961
2024-12-19,12875.089844
2024-12-20,13015.660156
2024-12-23,13111.299805
2024-12-24,13256.070313
2024-12-26,13251.759766
2024-12-27,13106.389648
2024-12-30,12966.219727
2024-12-31,12911.820313
2025-01-02,12883.580078
2025-01-03,13046.879883
2025-01-06,13120.139648
2025-01-07,12974.589844
2025-01-08,12995.129883
2025-01-10,12797.389648
2025-01-13,12817.559570
2025-01-14,12832.290039
2025-01-15,13068.559570
2025-01-16,13041.190430
2025-01-17,13171.750000
2025-01-21,13287.580078
2025-01-22,13369.360352
2025-01-23,13440.610352
2025-01-24,13403.509766
2025-01-27,13208.190430
2025-01-28,13329.950195
2025-01-29,13267.650391
2025-01-30,13337.849609
2025-01-31,13271.379883
2025-02-03,13171.209961
2025-02-04,13266.450195
2025-02-05,13318.429688
2025-02-06,13366.959961
2025-02-07,13241.339844
2025-02-10,13332.150391
2025-02-11,13337.000000
2025-02-12,13302.099609
2025-02-13,13440.929688
2025-02-14,13443.099609
2025-02-18,13478.019531
2025-02-19,13510.290039
2025-02-20,13453.540039
2025-02-21,13224.450195
2025-02-24,13159.209961
2025-02-25,13097.849609
2025-02-26,13099.910156
2025-02-27,12892.200195
2025-02-28,13098.219727
2025-03-03,12868.950195
2025-03-04,12711.860352
2025-03-05,12853.990234
2025-03-06,12625.309570
2025-03-07,12696.900391
2025-03-10,12356.690430
2025-03-11,12263.309570
2025-03-12,12323.500000
2025-03-13,12153.330078
2025-03-14,12414.280273
2025-03-17,12494.820313
2025-03-18,12362.160156
2025-03-19,12495.740234
2025-03-20,12469.969727
2025-03-21,12480.589844
2025-03-24,12700.910156
2025-03-25,12721.410156
2025-03-26,12579.480469
2025-03-27,12537.929688
2025-03-28,12290.860352
2025-03-31,12360.209961
2025-04-01,12407.259766
2025-04-02,12491.099609
2025-04-03,11887.150391
2025-04-04,11178.480469
2025-04-07,11152.559570
2025-04-08,10977.500000
2025-04-09,12022.209961
2025-04-10,11608.219727
2025-04-11,11818.530273
2025-04-14,11912.450195
2025-04-15,11892.990234
2025-04-16,11626.790039
2025-04-17,11642.400391
2025-04-21,11368.980469
2025-04-22,11654.830078
2025-04-23,11849.250000
2025-04-24,12089.309570
2025-04-25,12178.490234
2025-04-28,12186.519531
2025-04-29,12257.269531
2025-04-30,12276.389648
2025-05-01,12353.870117
2025-05-02,12536.200195
2025-05-05,12456.839844
2025-05-06,12361.160156
2025-05-07,12414.980469
2025-05-08,12487.000000
2025-05-09,12480.309570
2025-05-12,12888.129883
2025-05-13,12981.889648
2025-05-14,12995.780273
2025-05-15,13052.719727
2025-05-16,13145.879883
2025-05-19,13159.309570
2025-05-20,13108.519531
2025-05-21,12897.419922
2025-05-22,12891.950195
2025-05-23,12806.240234
2025-05-27,13069.320313
2025-05-28,12996.669922
2025-05-29,13049.009766
2025-05-30,13049.129883
2025-06-02,13104.240234
2025-06-03,13180.450195
2025-06-04,13181.969727
2025-06-05,13113.469727
2025-06-06,13249.809570
2025-06-09,13263.129883
2025-06-10,13336.290039
2025-06-11,13299.870117
2025-06-12,13350.849609
2025-06-13,13202.259766
2025-06-16,13328.429688
2025-06-17,13217.519531
2025-06-18,13213.879883
2025-06-20,13185.839844
2025-06-23,13312.750000
2025-06-24,13461.099609
2025-06-25,13461.169922
2025-06-26,13569.290039
2025-06-27,13641.099609
2025-06-30,13712.709961
2025-07-01,13697.679688
2025-07-02,13763.040039
2025-07-03,13879.980469
2025-07-07,13771.110352
2025-07-08,13761.330078
2025-07-09,13844.919922
2025-07-10,13884.889648
2025-07-11,13839.110352
2025-07-14,13858.620117
2025-07-15,13805.080078
2025-07-16,13849.169922
2025-07-17,13923.750000
2025-07-18,13923.349609
2025-07-21,13943.160156
2025-07-22,13952.349609
2025-07-23,14061.519531
2025-07-24,14071.450195
2025-07-25,14128.120117
2025-07-28,14130.610352
2025-07-29,14088.860352
2025-07-30,14071.339844
2025-07-31,14020.459961
2025-08-01,13796.830078
2025-08-04,14000.690430
2025-08-05,13932.879883
2025-08-06,14034.349609
2025-08-07,14023.349609
2025-08-08,14134.019531
2025-08-11,14100.030273
2025-08-12,14260.429688
2025-08-13,14306.959961
2025-08-14,14311.809570
2025-08-15,14273.570313
2025-08-18,14273.219727
2025-08-19,14190.799805
2025-08-20,14156.650391
2025-08-21,14101.790039
2025-08-22,14316.549805
2025-08-25,14255.759766
2025-08-26,14315.599609
2025-08-27,14349.860352
2025-08-28,14395.509766
2025-08-29,14304.679688
2025-09-02,14208.500000
2025-09-03,14281.230469
2025-09-04,14401.709961
2025-09-05,14358.110352
2025-09-08,14389.129883
2025-09-09,14428.250000
2025-09-10,14471.709961
2025-09-11,14594.639648
2025-09-12,14588.179688
2025-09-15,14660.129883
2025-09-16,14641.769531
2025-09-17,14627.799805
2025-09-18,14698.080078
2025-09-19,14769.929688
2025-09-22,14836.269531
2025-09-23,14754.629883
2025-09-24,14712.719727
2025-09-25,14639.179688
2025-09-26,14725.980469
2025-09-29,14764.919922
2025-09-30,14826.799805
2025-10-01,14877.959961
2025-10-02,14887.320313
2025-10-03,14889.839844
2025-10-06,14945.230469
2025-10-07,14888.370117
2025-10-08,14975.129883
2025-10-09,14934.379883
2025-10-10,14531.410156
2025-10-13,14758.070313
2025-10-14,14735.209961
2025-10-15,14795.660156
2025-10-16,14702.570313
2025-10-17,14780.360352
2025-10-20,14938.290039
2025-10-21,14938.830078
2025-10-22,14859.330078
2025-10-23,14946.129883
2025-10-24,15064.910156
2025-10-27,15250.139648
2025-10-28,15285.099609
2025-10-29,15284.530273
2025-10-30,15133.230469
2025-10-31,15173.950195
2025-11-03,15201.000000
2025-11-04,15022.750000
2025-11-05,15077.709961
2025-11-06,14909.280273
2025-11-07,14929.629883
2025-11-10,15161.469727
2025-11-11,15192.940430
2025-11-12,15203.129883
2025-11-13,14951.870117
2025-11-14,14947.519531
2025-11-17,14812.019531
2025-11-18,14690.809570
2025-11-19,14746.440430
2025-11-20,14518.950195
2025-11-21,14662.679688
2025-11-24,14889.669922
2025-11-25,15025.540039
2025-11-26,15129.570313
2025-11-28,15211.139648
2025-12-01,15132.000000
2025-12-02,15169.629883
2025-12-03,15215.339844
2025-12-04,15232.809570
2025-12-05,15264.639648
2025-12-08,15212.839844
2025-12-09,15199.660156
2025-12-10,15302.750000
2025-12-11,15334.740234
2025-12-12,15172.129883
2025-12-15,15150.459961
2025-12-16,15114.919922
2025-12-17,14940.009766
2025-12-18,15058.709961
2025-12-19,15191.849609
2025-12-22,15290.549805
2025-12-23,15360.179688
2025-12-24,15409.700195
2025-12-26,15406.480469
2025-12-29,15353.160156
2025-12-30,15332.070313
2025-12-31,15220.450195
2026-01-02,15252.820313
2026-01-05,15349.780273
2026-01-06,15446.030273
2026-01-07,15392.990234
2026-01-08,15394.179688
2026-01-09,15494.509766
2026-01-12,15520.259766
2026-01-13,15490.450195
2026-01-14,15408.150391
2026-01-15,15448.299805
2026-01-16,15439.469727
2026-01-20,15121.519531
2026-01-21,15297.019531
2026-01-22,15381.219727
2026-01-23,15387.629883
2026-01-26,15464.660156
2026-01-27,15527.820313
2026-01-28,15526.690430
2026-01-29,15506.839844
2026-01-30,15441.150391
2026-02-02,15525.110352
2026-02-03,15394.750000
2026-02-04,15316.750000
2026-02-05,15129.230469
2026-02-06,15427.830078
2026-02-09,15501.650391
2026-02-10,15451.320313
2026-02-11,15451.000000
2026-02-12,15210.299805
2026-02-13,15220.129883
2026-02-17,15237.839844
2026-02-18,15323.230469
2026-02-19,15282.089844
2026-02-20,15388.639648
2026-02-23,15229.280273
2026-02-24,15346.740234
2026-02-25,15472.059570
2026-02-26,15389.129883
2026-02-27,15323.799805
2026-03-02,15331.179688
2026-03-03,15186.990234
2026-03-04,15305.009766
2026-03-05,15219.139648
2026-03-06,15019.200195
2026-03-09,15145.379883
2026-03-10,15114.700195
2026-03-11,15102.570313
2026-03-12,14873.219727
2026-03-13,14785.070313
2026-03-16,14936.370117
2026-03-17,14974.179688
2026-03-18,14770.480469
2026-03-19,14730.740234
2026-03-20,14508.120117
2026-03-23,14675.169922
2026-03-24,14620.379883
2026-03-25,14700.179688
2026-03-26,14444.360352
2026-03-27,14203.240234
2026-03-30,14147.309570
2026-03-31,14560.750000
2026-04-01,14665.679688
2026-04-02,14683.200195
2026-04-06,14749.309570
2026-04-07,14760.639648
2026-04-08,15130.860352
2026-04-09,15225.179688
2026-04-10,15209.379883
2026-04-13,15364.110352
2026-04-14,15545.549805
2026-04-15,15670.769531
2026-04-16,15711.799805
2026-04-17,15901.030273
2026-04-20,15863.679688
2026-04-21,15763.019531
2026-04-22,15928.160156
2026-04-23,15862.549805
2026-04-24,15989.690430
2026-04-27,16009.490234
2026-04-28,15931.219727
2026-04-29,15924.900391
2026-04-30,16088.559570
2026-05-01,16136.030273
2026-05-04,16071.440430
2026-05-05,16202.379883
2026-05-06,16438.759766
2026-05-07,16376.349609
2026-05-08,16516.800781
2026-05-11,16549.250000
2026-05-12,16523.289063
2026-05-13,16620.589844
2026-05-14,16748.210938
2026-05-15,16544.279297
2026-05-18,16533.109375
2026-05-19,16423.779297
2026-05-20,16601.419922
2026-05-21,16631.929688
2026-05-22,16694.890625
2026-05-26,16797.919922
2026-05-27,16800.859375
2026-05-28,16897.640625
2026-05-29,16935.349609
2026-06-01,16981.099609
2026-06-02,17003.570313
2026-06-03,16878.490234
2026-06-04,16949.849609
2026-06-05,16503.960938
2026-06-08,16553.779297
2026-06-09,16511.710938
2026-06-10,16244.650391
2026-06-11,16529.439453
2026-06-12,16613.300781
2026-06-15,16891.779297
2026-06-16,16796.279297
2026-06-17,16592.449219
2026-06-18,16772.640625
2026-06-22,16711.439453
2026-06-23,16471.599609
2026-06-24,16455.509766
2026-06-25,16454.630859
2026-06-26,16447.289063
2026-06-29,16640.640625
2026-06-30,16774.070313
2026-07-01,16738.560547
2026-07-02,16739.259766
2026-07-06,16862.179688
2026-07-07,16787.179688
2026-07-08,16739.939453
2026-07-09,16876.830078
2026-07-10,16949.550781
2026-07-13,16815.210938
2026-07-14,16878.410156
2026-07-15,16944.070313
2026-07-16,16857.630859
2026-07-17,16687.560547
2026-07-20,16655.910156
2026-07-21,16803.509766
2026-07-22,16780.810547
2026-07-23,16578.279297
2026-07-24,16588.009766
2026-07-27,16590.800781
2026-07-28,16625.900391
2026-07-29,16373.809570
2026-07-30,16645.789063
2026-07-31,16763.419922
2026-08-03,17012.380859
2026-08-04,17316.939453
2026-08-05,17287.970703
2026-08-06,17257.580078
2026-08-07,17365.140625
2026-08-10,17356.689453
2026-08-11,17301.410156
2026-08-12,17347.400391
2026-08-13,17460.759766
2026-08-14,17433.300781
2026-08-17,17344.369141
2026-08-18,17225.330078
2026-08-19,17263.099609
2026-08-20,17115.460938
2026-08-21,17190.769531
2026-08-24,17142.890625
2026-08-25,17198.589844
2026-08-26,17195.130859
2026-08-27,17319.019531
2026-08-28,17276.490234
2026-08-31,17219.939453
2026-09-01,17099.000000
2026-09-02,17177.939453
2026-09-03,17360.910156
2026-09-04,17298.339844
2026-09-08,17197.820313
2026-09-09,17115.179688
2026-09-10,17016.960938
2026-09-11,17164.099609
2026-09-14,17081.820313
2026-09-15,17007.900391
2026-09-16,16932.470703
2026-09-17,17125.689453
