sim,seed,strategy_xirr,strategy_value,index_xirr,spread_vs_index,distinct_tickers,share_quarters_drew_top1,stock_sharpe,stock_sortino,stock_max_drawdown,index_sharpe,index_sortino,index_max_drawdown
0,20260918,0.16023000664796866,245061.13552499976,0.13410885017020635,0.02612115647776231,24,0.1,0.8051180807267817,1.2912471916397323,-0.4548059217066215,0.6578241554755643,0.9768963959479914,-0.5525024106682104
1,20260919,0.14907116063983125,213802.595567501,0.13410885017020635,0.014962310469624901,20,0.1,0.7645983184556927,1.1711955980741324,-0.3541651679345692,0.6578241554755643,0.9768963959479914,-0.5525024106682104
2,20260920,0.14664582103325788,207578.50873345812,0.13410885017020635,0.012536970863051528,22,0.15,0.8356687518841012,1.3614935484757422,-0.3786072113824168,0.6578241554755643,0.9768963959479914,-0.5525024106682104
3,20260921,0.15043482470374367,217387.82075398852,0.13410885017020635,0.01632597453353732,20,0.0625,0.7652579041622406,1.1833415382945676,-0.4896445315800584,0.6578241554755643,0.9768963959479914,-0.5525024106682104
4,20260922,0.16914641564676625,273444.6803507417,0.13410885017020635,0.035037565476559895,24,0.1125,0.7958045976431741,1.253550132946868,-0.5205517627348101,0.6578241554755643,0.9768963959479914,-0.5525024106682104
5,20260923,0.16331918884588667,254531.51447457087,0.13410885017020635,0.02921033867568032,20,0.1125,0.824313193870996,1.320547700335682,-0.48249735678253347,0.6578241554755643,0.9768963959479914,-0.5525024106682104
6,20260924,0.1529831390298983,224257.44246502253,0.13410885017020635,0.018874288859691946,21,0.125,0.7570527362813223,1.1834918336270486,-0.5175836084243446,0.6578241554755643,0.9768963959479914,-0.5525024106682104
7,20260925,0.1517541551221556,220916.4724938052,0.13410885017020635,0.017645304951949242,23,0.125,0.5768933947374085,0.8521044325152882,-0.6558425114886892,0.6578241554755643,0.9768963959479914,-0.5525024106682104
8,20260926,0.12416825260661574,158219.99014678926,0.13410885017020635,-0.009940597563590614,21,0.0875,0.7157427322458763,1.136666978212099,-0.35917120059748187,0.6578241554755643,0.9768963959479914,-0.5525024106682104
9,20260927,0.1524094660381948,222691.39210228174,0.13410885017020635,0.01830061586798845,18,0.1625,0.7841477208313067,1.248089172468056,-0.41773140199370495,0.6578241554755643,0.9768963959479914,-0.5525024106682104
10,20260928,0.15128376773644706,219651.55431219784,0.13410885017020635,0.017174917566240705,21,0.125,0.6523891346441965,0.9941920067686107,-0.5146396573192588,0.6578241554755643,0.9768963959479914,-0.5525024106682104
11,20260929,0.1592007163142568,241987.73181095198,0.13410885017020635,0.025091866144050456,22,0.1,0.8180423054053692,1.2732559494769433,-0.4036657487719145,0.6578241554755643,0.9768963959479914,-0.5525024106682104
12,20260930,0.14376678268093504,200436.3333332837,0.13410885017020635,0.00965793251072869,20,0.075,0.5688089581445828,0.8273925194388495,-0.627737697529138,0.6578241554755643,0.9768963959479914,-0.5525024106682104
13,20260931,0.12836868657981645,166398.65285482325,0.13410885017020635,-0.005740163590389896,22,0.0875,0.6060425052366847,0.8931447157819705,-0.5427261485940864,0.6578241554755643,0.9768963959479914,-0.5525024106682104
14,20260932,0.16331945155320848,254532.33582934891,0.13410885017020635,0.029210601383002133,21,0.1375,0.8922039463129802,1.4451301441884201,-0.3755546046048831,0.6578241554755643,0.9768963959479914,-0.5525024106682104
15,20260933,0.1520280657271722,221656.55594829613,0.13410885017020635,0.01791921555696585,20,0.1375,0.8399670242453002,1.3440656056607279,-0.40561749841611316,0.6578241554755643,0.9768963959479914,-0.5525024106682104
16,20260934,0.17010383705308108,276688.8150321156,0.13410885017020635,0.035994986882874724,22,0.0875,0.876678397510653,1.4434648121056546,-0.3573179756413608,0.6578241554755643,0.9768963959479914,-0.5525024106682104
17,20260935,0.1370492131611756,184759.7162782215,0.13410885017020635,0.002940362990969253,21,0.1625,0.6773845342689688,1.021940218144195,-0.5537901426331979,0.6578241554755643,0.9768963959479914,-0.5525024106682104
18,20260936,0.15252436423442142,223004.13003986067,0.13410885017020635,0.01841551406421507,26,0.1125,0.750749786695174,1.164448315533496,-0.5000991452022234,0.6578241554755643,0.9768963959479914,-0.5525024106682104
19,20260937,0.16260472140475707,252307.88831532953,0.13410885017020635,0.028495871234550718,20,0.1,0.7808652753761799,1.2143002319456542,-0.4792904348881136,0.6578241554755643,0.9768963959479914,-0.5525024106682104
20,20260938,0.1472001953685722,208984.21838215063,0.13410885017020635,0.013091345198365856,20,0.175,0.7771644186930697,1.2123260342058728,-0.4739006174462048,0.6578241554755643,0.9768963959479914,-0.5525024106682104
21,20260939,0.1510081166894346,218913.82749002933,0.13410885017020635,0.01689926651922824,20,0.1,0.7932930152538669,1.222135563223981,-0.5174790646347183,0.6578241554755643,0.9768963959479914,-0.5525024106682104
22,20260940,0.1522386818520965,222227.38747311715,0.13410885017020635,0.01812983168189014,24,0.1125,0.4281936205557907,0.5953385451260399,-0.7987597149082486,0.6578241554755643,0.9768963959479914,-0.5525024106682104
23,20260941,0.1549075966858112,229595.59529521983,0.13410885017020635,0.020798746515604843,18,0.1375,0.7513170737815558,1.1784827396316164,-0.5282801949427164,0.6578241554755643,0.9768963959479914,-0.5525024106682104
24,20260942,0.15780422621395648,237881.94913526994,0.13410885017020635,0.023695376043750133,22,0.075,0.6874768424857908,1.0399838951801332,-0.6163977729970488,0.6578241554755643,0.9768963959479914,-0.5525024106682104
25,20260943,0.13547345553942336,181273.40864450802,0.13410885017020635,0.001364605369217009,24,0.125,0.5481533748226564,0.7791914282629936,-0.6688759754729923,0.6578241554755643,0.9768963959479914,-0.5525024106682104
26,20260944,0.15341201719846678,225435.74462176606,0.13410885017020635,0.019303167028260432,23,0.0625,0.6474850761457044,0.9773273808638154,-0.5964770089369931,0.6578241554755643,0.9768963959479914,-0.5525024106682104
27,20260945,0.14789661264075699,210764.28015792862,0.13410885017020635,0.013787762470550635,20,0.1125,0.6116583251025279,0.9179605387653398,-0.5530335234074822,0.6578241554755643,0.9768963959479914,-0.5525024106682104
28,20260946,0.1454374660585746,204548.8315805016,0.13410885017020635,0.011328615888368254,22,0.1,0.628035937157911,0.9455833284072149,-0.5779493565428413,0.6578241554755643,0.9768963959479914,-0.5525024106682104
29,20260947,0.1489840727063495,213575.74769771704,0.13410885017020635,0.014875222536143151,24,0.075,0.763021842352553,1.1819599203506288,-0.5097469613868488,0.6578241554755643,0.9768963959479914,-0.5525024106682104
30,20260948,0.1545019290894166,228459.3914470383,0.13410885017020635,0.020393078919210245,23,0.15,0.7200135589938876,1.088371748199846,-0.5250091859166135,0.6578241554755643,0.9768963959479914,-0.5525024106682104
31,20260949,0.1434849622321773,199751.23307386012,0.13410885017020635,0.009376112061970948,21,0.0625,0.6708977888994307,1.024049091301779,-0.5158778623807374,0.6578241554755643,0.9768963959479914,-0.5525024106682104
32,20260950,0.14802328171281393,211089.7567382982,0.13410885017020635,0.013914431542607575,22,0.1,0.6549923929265666,0.9535851816875986,-0.5183474399965832,0.6578241554755643,0.9768963959479914,-0.5525024106682104
33,20260951,0.13003050761574442,169757.71949237937,0.13410885017020635,-0.004078342554461933,24,0.0375,0.6693794360923405,1.002763674664204,-0.5274119965831148,0.6578241554755643,0.9768963959479914,-0.5525024106682104
34,20260952,0.14721119022868193,209012.19859044353,0.13410885017020635,0.013102340058475576,21,0.125,0.7759213641312694,1.219820775480972,-0.37377871294195686,0.6578241554755643,0.9768963959479914,-0.5525024106682104
35,20260953,0.14432153814989865,201792.16899982165,0.13410885017020635,0.010212687979692298,23,0.1125,0.590791374301254,0.8608321021001264,-0.6058856032832934,0.6578241554755643,0.9768963959479914,-0.5525024106682104
36,20260954,0.15140037773887133,219964.42160607837,0.13410885017020635,0.017291527568664977,20,0.0625,0.7279219083056193,1.1467016358233972,-0.48880736923574386,0.6578241554755643,0.9768963959479914,-0.5525024106682104
37,20260955,0.1579773824144342,238387.07322435328,0.13410885017020635,0.023868532244227858,22,0.075,0.5934578931579032,0.8548174233877792,-0.6696024141268715,0.6578241554755643,0.9768963959479914,-0.5525024106682104
38,20260956,0.1495893216288747,215157.54234211333,0.13410885017020635,0.015480471458668349,20,0.1125,0.7854186560631421,1.2342677657014773,-0.44981620668493305,0.6578241554755643,0.9768963959479914,-0.5525024106682104
39,20260957,0.14908124666505337,213828.88410854724,0.13410885017020635,0.014972396494847023,19,0.0875,0.7072801417400857,1.0917618195919288,-0.44875144512884724,0.6578241554755643,0.9768963959479914,-0.5525024106682104
40,20260958,0.14230091965611197,196899.67650039875,0.13410885017020635,0.008192069485905618,22,0.1,0.6368662010551729,0.9406287022440412,-0.6062313865556058,0.6578241554755643,0.9768963959479914,-0.5525024106682104
41,20260959,0.16901799914932594,273012.5572841799,0.13410885017020635,0.03490914897911959,19,0.0625,0.8960056712728178,1.4762085601126929,-0.3891000681323742,0.6578241554755643,0.9768963959479914,-0.5525024106682104
42,20260960,0.15523799612906375,230525.34717640677,0.13410885017020635,0.021129145958857398,18,0.075,0.7630980824943229,1.185441423270682,-0.4682736610104603,0.6578241554755643,0.9768963959479914,-0.5525024106682104
43,20260961,0.1644276257743701,258021.664729163,0.13410885017020635,0.03031877560416374,24,0.1125,0.7495380824885721,1.1531756791925944,-0.4286086341755335,0.6578241554755643,0.9768963959479914,-0.5525024106682104
44,20260962,0.1372366838032491,185179.18622310244,0.13410885017020635,0.0031278336330427536,22,0.1375,0.6567623741510408,1.0080905144113685,-0.45617992702403387,0.6578241554755643,0.9768963959479914,-0.5525024106682104
45,20260963,0.14228893779607235,196871.0404472475,0.13410885017020635,0.008180087625866,24,0.1,0.6771943320965718,1.0278531777903153,-0.5303704925200667,0.6578241554755643,0.9768963959479914,-0.5525024106682104
46,20260964,0.13248835313811916,174858.61172683424,0.13410885017020635,-0.0016204970320871925,24,0.1,0.6058135455328588,0.8950538718408975,-0.581609623343619,0.6578241554755643,0.9768963959479914,-0.5525024106682104
47,20260965,0.1510087097771587,218915.41198650014,0.13410885017020635,0.01689985960695234,22,0.1375,0.6554021583977636,0.9975364859622783,-0.5756324022222643,0.6578241554755643,0.9768963959479914,-0.5525024106682104
48,20260966,0.16541221570747452,261163.52791173433,0.13410885017020635,0.031303365537268174,20,0.1,0.8358082437523408,1.323438524342393,-0.48305593599700947,0.6578241554755643,0.9768963959479914,-0.5525024106682104
49,20260967,0.1516218087846977,220559.81101300745,0.13410885017020635,0.017512958614491342,23,0.075,0.7737032205126156,1.204720689278272,-0.44305415907349,0.6578241554755643,0.9768963959479914,-0.5525024106682104
50,20260968,0.14617483997142994,206392.06014071734,0.13410885017020635,0.012065989801223587,21,0.075,0.7947706603195375,1.2314114963981801,-0.44352978448283886,0.6578241554755643,0.9768963959479914,-0.5525024106682104
51,20260969,0.16342994797984953,254878.04732718875,0.13410885017020635,0.029321097809643176,21,0.025,0.8095785875101529,1.2554518835097,-0.42821263557363964,0.6578241554755643,0.9768963959479914,-0.5525024106682104
52,20260970,0.14577170638276082,205382.1858349526,0.13410885017020635,0.011662856212554473,24,0.05,0.6334423563695167,0.9478230971079631,-0.5946925728026566,0.6578241554755643,0.9768963959479914,-0.5525024106682104
53,20260971,0.14265135242870464,197739.13746745224,0.13410885017020635,0.008542502258498286,23,0.05,0.7236728201377427,1.0973262785688562,-0.5388257447099226,0.6578241554755643,0.9768963959479914,-0.5525024106682104
54,20260972,0.14479158820025104,202948.53438975313,0.13410885017020635,0.010682738030044686,24,0.1125,0.5395821274350544,0.7840916059244654,-0.6898485194843866,0.6578241554755643,0.9768963959479914,-0.5525024106682104
55,20260973,0.1406554573619661,193007.89840298673,0.13410885017020635,0.006546607191759757,24,0.1125,0.6400888053628218,0.9539963001349877,-0.545116522216812,0.6578241554755643,0.9768963959479914,-0.5525024106682104
56,20260974,0.16021352989979212,245011.61808726873,0.13410885017020635,0.026104679729585772,21,0.15,0.8579936141343875,1.4109466999179043,-0.43876459722463246,0.6578241554755643,0.9768963959479914,-0.5525024106682104
57,20260975,0.1374091251472577,185565.91708515846,0.13410885017020635,0.0033002749770513484,23,0.0875,0.552269071142831,0.8063600685226443,-0.6019607470784247,0.6578241554755643,0.9768963959479914,-0.5525024106682104
58,20260976,0.17079588777211968,279058.54580026434,0.13410885017020635,0.03668703760191333,20,0.15,0.7904895402115091,1.263575852115218,-0.5447476925673435,0.6578241554755643,0.9768963959479914,-0.5525024106682104
59,20260977,0.15121711727143433,219472.93890011747,0.13410885017020635,0.01710826710122798,20,0.1,0.7398742659047154,1.1532296341504176,-0.4765081058867736,0.6578241554755643,0.9768963959479914,-0.5525024106682104
60,20260978,0.14244720208080489,197249.63832648713,0.13410885017020635,0.008338351910598535,23,0.0875,0.7357613213157389,1.1596939748820783,-0.45422203672594985,0.6578241554755643,0.9768963959479914,-0.5525024106682104
61,20260979,0.14541853336760502,204501.73360943055,0.13410885017020635,0.011309683197398668,20,0.1625,0.705656311332962,1.0708118078981517,-0.5311947807135988,0.6578241554755643,0.9768963959479914,-0.5525024106682104
62,20260980,0.1418918973255666,195924.61114073868,0.13410885017020635,0.00778304715536024,26,0.15,0.6823781740917013,1.0638600093055808,-0.4807414118083776,0.6578241554755643,0.9768963959479914,-0.5525024106682104
63,20260981,0.1370796669591769,184827.78894038848,0.13410885017020635,0.002970816788970543,22,0.1,0.624817709733788,0.9280237686422651,-0.5812968456014327,0.6578241554755643,0.9768963959479914,-0.5525024106682104
64,20260982,0.13606415265657743,182572.0765575251,0.13410885017020635,0.0019553024863710744,22,0.125,0.6759747976095292,1.048539944940159,-0.45684148385571544,0.6578241554755643,0.9768963959479914,-0.5525024106682104
65,20260983,0.14428008100787093,201690.5138678436,0.13410885017020635,0.01017123083766458,23,0.1125,0.8050654003436273,1.2598713756825068,-0.43286129540973506,0.6578241554755643,0.9768963959479914,-0.5525024106682104
66,20260984,0.12664006561817337,162979.54072115867,0.13410885017020635,-0.007468784552032981,22,0.0625,0.6393570858553524,0.9628624721955342,-0.5023246461590507,0.6578241554755643,0.9768963959479914,-0.5525024106682104
67,20260985,0.15853772344748926,240029.35394765346,0.13410885017020635,0.02442887327728291,24,0.15,0.6805013171234006,1.0459784347223011,-0.5914530861599336,0.6578241554755643,0.9768963959479914,-0.5525024106682104
68,20260986,0.14964061529550907,215292.15971906314,0.13410885017020635,0.015531765125302716,22,0.1,0.687840051123711,1.0387644959953344,-0.6093833134110933,0.6578241554755643,0.9768963959479914,-0.5525024106682104
69,20260987,0.15705573269158535,235711.28005885793,0.13410885017020635,0.022946882521378997,19,0.125,0.7640831869385506,1.185353252691602,-0.4977219832476588,0.6578241554755643,0.9768963959479914,-0.5525024106682104
70,20260988,0.1566258971424179,234474.08338558,0.13410885017020635,0.022517046972211546,22,0.0625,0.6592742899917277,0.992512667239539,-0.6487283135759033,0.6578241554755643,0.9768963959479914,-0.5525024106682104
71,20260989,0.15177713554851033,220978.46416739016,0.13410885017020635,0.017668285378303977,23,0.0875,0.8203712925642598,1.3225478089878113,-0.3726619417187418,0.6578241554755643,0.9768963959479914,-0.5525024106682104
72,20260990,0.1288304393095383,167324.84593460383,0.13410885017020635,-0.005278410860668048,21,0.1,0.6801037543470048,1.0667968450932792,-0.4461708020623133,0.6578241554755643,0.9768963959479914,-0.5525024106682104
73,20260991,0.135573571482607,181492.82678451372,0.13410885017020635,0.001464721312400663,21,0.125,0.5068530263768987,0.7331511076293405,-0.6880714108653277,0.6578241554755643,0.9768963959479914,-0.5525024106682104
74,20260992,0.15108008577752854,219106.18823297322,0.13410885017020635,0.016971235607322194,21,0.125,0.6872153822839505,1.025751355239339,-0.55322843209919,0.6578241554755643,0.9768963959479914,-0.5525024106682104
75,20260993,0.15986658500785333,243971.3627829993,0.13410885017020635,0.025757734837646984,22,0.15,0.7205602517827164,1.1113570540509656,-0.5636756730642228,0.6578241554755643,0.9768963959479914,-0.5525024106682104
76,20260994,0.14799696295250356,211022.08721472012,0.13410885017020635,0.013888112782297207,22,0.1,0.6476620121525467,0.9530040335374573,-0.6077929440417578,0.6578241554755643,0.9768963959479914,-0.5525024106682104
77,20260995,0.15431419652815598,227935.5752739901,0.13410885017020635,0.020205346357949627,24,0.125,0.715980068598274,1.0729052635821061,-0.549918937987077,0.6578241554755643,0.9768963959479914,-0.5525024106682104
78,20260996,0.1510986921942248,219155.94871141235,0.13410885017020635,0.01698984202401846,22,0.1,0.5927363383109392,0.8787806705950704,-0.6334103201894873,0.6578241554755643,0.9768963959479914,-0.5525024106682104
79,20260997,0.14892727755998092,213427.94289836017,0.13410885017020635,0.014818427389774569,22,0.1,0.7144409529586773,1.1190252577229902,-0.4874483157141576,0.6578241554755643,0.9768963959479914,-0.5525024106682104
80,20260998,0.15605682625323836,232846.53999787208,0.13410885017020635,0.021947976083032006,21,0.0875,0.7963222438413098,1.2478873132832284,-0.41985189534442924,0.6578241554755643,0.9768963959479914,-0.5525024106682104
81,20260999,0.13664817146132202,183865.7471318042,0.13410885017020635,0.0025393212911156704,21,0.0875,0.5931169617529073,0.8697304129728378,-0.5987597131663573,0.6578241554755643,0.9768963959479914,-0.5525024106682104
82,20261000,0.12730301599325078,164281.88462801196,0.13410885017020635,-0.006805834176955572,22,0.1875,0.5649571786704267,0.8378935284451007,-0.5662929877352152,0.6578241554755643,0.9768963959479914,-0.5525024106682104
83,20261001,0.15880899636985985,240828.64840604694,0.13410885017020635,0.024700146199653494,23,0.0875,0.7759535381414646,1.2196451901951564,-0.47371817988475484,0.6578241554755643,0.9768963959479914,-0.5525024106682104
84,20261002,0.14486434384707983,203128.1418294922,0.13410885017020635,0.010755493676873479,24,0.1,0.5595291039038246,0.8208773750663255,-0.6485918490974732,0.6578241554755643,0.9768963959479914,-0.5525024106682104
85,20261003,0.1352641917005794,180815.684288026,0.13410885017020635,0.0011553415303730552,20,0.125,0.6430297380254982,0.9691876552251245,-0.4634216568549613,0.6578241554755643,0.9768963959479914,-0.5525024106682104
86,20261004,0.14870948007244542,212862.13620566885,0.13410885017020635,0.014600629902239065,19,0.1625,0.6511590660929708,0.9585052529019547,-0.5948943169233014,0.6578241554755643,0.9768963959479914,-0.5525024106682104
87,20261005,0.1628644491924445,253113.89039710164,0.13410885017020635,0.02875559902223815,21,0.1625,0.733256512608972,1.1259193626276,-0.5529540986942372,0.6578241554755643,0.9768963959479914,-0.5525024106682104
88,20261006,0.13625084601909715,182984.5737430685,0.13410885017020635,0.0021419958488907986,21,0.1,0.5986765438435517,0.9013583343202699,-0.5857053399408545,0.6578241554755643,0.9768963959479914,-0.5525024106682104
89,20261007,0.14621174897572492,206484.77983202905,0.13410885017020635,0.01210289880551857,23,0.0875,0.5513904931780326,0.7864709536633806,-0.6943046617629842,0.6578241554755643,0.9768963959479914,-0.5525024106682104
90,20261008,0.16523063551564074,260581.12649250843,0.13410885017020635,0.03112178534543439,23,0.125,0.75998011619519,1.16782889229499,-0.5632824865102222,0.6578241554755643,0.9768963959479914,-0.5525024106682104
91,20261009,0.1514904824087779,220206.49403002925,0.13410885017020635,0.01738163223857156,21,0.1,0.6564521672947351,0.9620579772442251,-0.5969624343423672,0.6578241554755643,0.9768963959479914,-0.5525024106682104
92,20261010,0.14567224315401825,205133.82394851188,0.13410885017020635,0.011563392983811899,21,0.125,0.6608775314344405,0.9895121937514618,-0.5503598893780126,0.6578241554755643,0.9768963959479914,-0.5525024106682104
93,20261011,0.13551538378489247,181365.26607403735,0.13410885017020635,0.001406533614686123,20,0.05,0.6687531755590452,0.9995267534803749,-0.49248142004882345,0.6578241554755643,0.9768963959479914,-0.5525024106682104
94,20261012,0.1395157580872314,190359.94501387957,0.13410885017020635,0.005406907917025056,22,0.0625,0.6248429308579516,0.957020796038309,-0.5648860109084463,0.6578241554755643,0.9768963959479914,-0.5525024106682104
95,20261013,0.1584067991708029,239644.58050928655,0.13410885017020635,0.024297949000596536,20,0.1375,0.7490205624020383,1.1399077293243318,-0.5449452878041344,0.6578241554755643,0.9768963959479914,-0.5525024106682104
96,20261014,0.1317270005244941,173261.35317740933,0.13410885017020635,-0.002381849645712253,20,0.025,0.7016805103039915,1.0865851155087975,-0.42598874397910025,0.6578241554755643,0.9768963959479914,-0.5525024106682104
97,20261015,0.1444256342560958,202047.65590484234,0.13410885017020635,0.010316784085889458,23,0.075,0.673897823261271,1.0060486946303517,-0.538970589373541,0.6578241554755643,0.9768963959479914,-0.5525024106682104
98,20261016,0.1465856731150594,207426.59183552914,0.13410885017020635,0.012476822944853055,23,0.075,0.693584772421036,1.0288294739705037,-0.5465810740634769,0.6578241554755643,0.9768963959479914,-0.5525024106682104
99,20261017,0.15110150283072313,219163.46642755417,0.13410885017020635,0.016992652660516777,21,0.125,0.9041850754097711,1.4701312395253383,-0.31912826032844643,0.6578241554755643,0.9768963959479914,-0.5525024106682104
100,20261018,0.13619335829230705,182857.45016274505,0.13410885017020635,0.0020845081221007034,23,0.15,0.6633959953317954,1.0116997295087786,-0.4715451030432475,0.6578241554755643,0.9768963959479914,-0.5525024106682104
101,20261019,0.1554437987800387,231106.4674111594,0.13410885017020635,0.021334948609832344,19,0.1125,0.640810470670084,0.9726569182758849,-0.6305882864463004,0.6578241554755643,0.9768963959479914,-0.5525024106682104
102,20261020,0.13674990551248536,184092.09029078932,0.13410885017020635,0.002641055342279014,25,0.0875,0.6008287000797543,0.8819116275428488,-0.604773337721209,0.6578241554755643,0.9768963959479914,-0.5525024106682104
103,20261021,0.15748170568428177,236944.0784289457,0.13410885017020635,0.02337285551407542,22,0.1375,0.6898892476856464,1.0690992585886916,-0.5631510381521263,0.6578241554755643,0.9768963959479914,-0.5525024106682104
104,20261022,0.15069050687363725,218067.02244309697,0.13410885017020635,0.016581656703430897,20,0.1625,0.6141823392253342,0.9027786507587473,-0.6396494325277131,0.6578241554755643,0.9768963959479914,-0.5525024106682104
105,20261023,0.15912648031272203,241767.62500645086,0.13410885017020635,0.02501763014251568,21,0.0625,0.8455723734385504,1.329643701800855,-0.45774762255956025,0.6578241554755643,0.9768963959479914,-0.5525024106682104
106,20261024,0.14070658239380202,193127.5882985545,0.13410885017020635,0.006597732223595665,21,0.1125,0.6523541479951359,0.9779592482291746,-0.5301838311256467,0.6578241554755643,0.9768963959479914,-0.5525024106682104
107,20261025,0.13641704199530513,183352.6120261126,0.13410885017020635,0.002308191825098782,22,0.1,0.550566419730246,0.7967066752639105,-0.6249328933564423,0.6578241554755643,0.9768963959479914,-0.5525024106682104
108,20261026,0.1363765209823548,183262.8067489718,0.13410885017020635,0.002267670812148459,22,0.1,0.6661155302946178,1.0237504401802624,-0.458275773157923,0.6578241554755643,0.9768963959479914,-0.5525024106682104
109,20261027,0.15072485109412,218158.42465978747,0.13410885017020635,0.01661600092391366,23,0.1125,0.8093184814610217,1.3138305745557994,-0.4202957991127221,0.6578241554755643,0.9768963959479914,-0.5525024106682104
110,20261028,0.14680629539783782,207984.3944275555,0.13410885017020635,0.012697445227631471,24,0.1625,0.7258193628437764,1.138089667457952,-0.464377011978625,0.6578241554755643,0.9768963959479914,-0.5525024106682104
111,20261029,0.1569194638388195,235318.32150527835,0.13410885017020635,0.022810613668613144,20,0.1,0.5891180509858749,0.8658304366092857,-0.6419950788840063,0.6578241554755643,0.9768963959479914,-0.5525024106682104
112,20261030,0.14838422096880366,212020.0871847164,0.13410885017020635,0.014275370798597309,20,0.1375,0.7386890129727184,1.145453585672993,-0.4899416387516248,0.6578241554755643,0.9768963959479914,-0.5525024106682104
113,20261031,0.15304143392122024,224417.22320878305,0.13410885017020635,0.018932583751013893,20,0.1375,0.7034950508080992,1.0733396302525755,-0.5844896356095791,0.6578241554755643,0.9768963959479914,-0.5525024106682104
114,20261032,0.14423655911125105,201583.85381742616,0.13410885017020635,0.0101277089410447,24,0.1375,0.7165271368289287,1.117122436422679,-0.46352306930006326,0.6578241554755643,0.9768963959479914,-0.5525024106682104
115,20261033,0.14907589183233727,213814.92667800453,0.13410885017020635,0.01496704166213092,24,0.1875,0.5672248799027139,0.8189481517008647,-0.6219238365385112,0.6578241554755643,0.9768963959479914,-0.5525024106682104
116,20261034,0.13960278137423401,190560.77461032916,0.13410885017020635,0.005493931204027663,21,0.1125,0.6609961295162782,1.008501191554678,-0.5070272908702987,0.6578241554755643,0.9768963959479914,-0.5525024106682104
117,20261035,0.15207629138661297,221787.12605208423,0.13410885017020635,0.017967441216406616,24,0.0625,0.6034357565931489,0.8733950108868146,-0.6833967501085173,0.6578241554755643,0.9768963959479914,-0.5525024106682104
118,20261036,0.17272162738889135,285763.7840867456,0.13410885017020635,0.038612777218685,20,0.15,0.8618137033423765,1.4159515945256995,-0.37410707421889033,0.6578241554755643,0.9768963959479914,-0.5525024106682104
119,20261037,0.15666706413588946,234592.28053897296,0.13410885017020635,0.02255821396568311,24,0.05,0.7782165692333699,1.2185403449528023,-0.46907333721660327,0.6578241554755643,0.9768963959479914,-0.5525024106682104
120,20261038,0.15188227334167748,221262.3146950814,0.13410885017020635,0.017773423171471125,25,0.1,0.6625483218197562,1.0039695994587345,-0.5763103021787908,0.6578241554755643,0.9768963959479914,-0.5525024106682104
121,20261039,0.14047730849900214,192591.441359725,0.13410885017020635,0.00636845832879579,20,0.1125,0.569946128887459,0.8315321879050764,-0.624490498028777,0.6578241554755643,0.9768963959479914,-0.5525024106682104
122,20261040,0.14748124688838518,209700.68695836395,0.13410885017020635,0.01337239671817883,24,0.075,0.7273000595912791,1.0940886958626281,-0.5468560138668337,0.6578241554755643,0.9768963959479914,-0.5525024106682104
123,20261041,0.16455828907050038,258436.34817658592,0.13410885017020635,0.03044943890029403,19,0.1375,0.8479280875751487,1.3699842163268405,-0.41656807386132677,0.6578241554755643,0.9768963959479914,-0.5525024106682104
124,20261042,0.14260382348858686,197625.0613294306,0.13410885017020635,0.008494973318380505,21,0.1375,0.7223961359980573,1.1272553123387932,-0.49406276506602986,0.6578241554755643,0.9768963959479914,-0.5525024106682104
125,20261043,0.14725373908517023,209120.51587993675,0.13410885017020635,0.013144888914963876,21,0.0875,0.8304838562185174,1.3290870242376596,-0.33437781200463246,0.6578241554755643,0.9768963959479914,-0.5525024106682104
126,20261044,0.14230393093395755,196906.87399563883,0.13410885017020635,0.008195080763751195,22,0.075,0.736610151053318,1.120180135954583,-0.460840545433168,0.6578241554755643,0.9768963959479914,-0.5525024106682104
127,20261045,0.14179215281203583,195687.60355712607,0.13410885017020635,0.007683302641829481,23,0.15,0.6466212890671426,0.9816190775627949,-0.5942085510980042,0.6578241554755643,0.9768963959479914,-0.5525024106682104
128,20261046,0.13734634970744905,185425.03305082198,0.13410885017020635,0.0032374995372426996,21,0.075,0.5756230247394308,0.8428937993306244,-0.6551141154855278,0.6578241554755643,0.9768963959479914,-0.5525024106682104
129,20261047,0.13261945976160464,175135.2371805421,0.13410885017020635,-0.0014893904086017151,20,0.075,0.48954588578759234,0.7075843751699862,-0.689991236918797,0.6578241554755643,0.9768963959479914,-0.5525024106682104
130,20261048,0.1481112554485685,211316.1158744213,0.13410885017020635,0.014002405278362162,21,0.1125,0.7559807068037308,1.1500516566713637,-0.5611784402879307,0.6578241554755643,0.9768963959479914,-0.5525024106682104
131,20261049,0.15497662454494554,229789.51715810056,0.13410885017020635,0.02086777437473919,22,0.1125,0.6761893599377916,1.0176387556557838,-0.6048558131248811,0.6578241554755643,0.9768963959479914,-0.5525024106682104
132,20261050,0.14994110637640987,216082.55738941272,0.13410885017020635,0.015832256206203515,22,0.0875,0.6913874095628888,1.0234942346888507,-0.5952276230912031,0.6578241554755643,0.9768963959479914,-0.5525024106682104
133,20261051,0.13730982286180923,185343.10958662085,0.13410885017020635,0.0032009726916028824,24,0.1125,0.5421851137724156,0.7924372264186602,-0.6210444734789146,0.6578241554755643,0.9768963959479914,-0.5525024106682104
134,20261052,0.15537436267309185,230910.23146121314,0.13410885017020635,0.021265512502885497,22,0.15,0.7237785243211405,1.1306093365756071,-0.45533343777273527,0.6578241554755643,0.9768963959479914,-0.5525024106682104
135,20261053,0.14489048417784187,203192.71368900317,0.13410885017020635,0.010781634007635515,21,0.075,0.8059244986162755,1.2774877474309798,-0.3337889066833304,0.6578241554755643,0.9768963959479914,-0.5525024106682104
136,20261054,0.156554523016237,234269.30385998785,0.13410885017020635,0.022445672846030662,22,0.1,0.8734877269960816,1.4001120337217836,-0.4179376252636833,0.6578241554755643,0.9768963959479914,-0.5525024106682104
137,20261055,0.1513276972552793,219769.36347497918,0.13410885017020635,0.017218847085072958,20,0.0875,0.6832994473228564,1.0198943915109395,-0.5904276247157179,0.6578241554755643,0.9768963959479914,-0.5525024106682104
138,20261056,0.13403394697298066,178149.40139080168,0.13410885017020635,-7.490319722569527e-05,22,0.125,0.6725685585713135,1.0165971931667233,-0.5235912494369281,0.6578241554755643,0.9768963959479914,-0.5525024106682104
139,20261057,0.1617516771906557,249679.39396712414,0.13410885017020635,0.027642827020449345,21,0.0625,0.7306340453818281,1.1171935841063911,-0.5450838348066988,0.6578241554755643,0.9768963959479914,-0.5525024106682104
140,20261058,0.14618957356723955,206429.0673917628,0.13410885017020635,0.0120807233970332,21,0.1,0.6010900016990735,0.8828478696499854,-0.5895407157560041,0.6578241554755643,0.9768963959479914,-0.5525024106682104
141,20261059,0.1578885509321144,238127.79817366364,0.13410885017020635,0.02377970076190805,21,0.1125,0.905631935993307,1.4770928010603421,-0.3745769025102784,0.6578241554755643,0.9768963959479914,-0.5525024106682104
142,20261060,0.15649775519675238,234106.56453378065,0.13410885017020635,0.02238890502654603,24,0.1,0.686938388798129,1.052846961138472,-0.5458302368565664,0.6578241554755643,0.9768963959479914,-0.5525024106682104
143,20261061,0.1507179673058959,218140.10122969307,0.13410885017020635,0.01660911713568955,21,0.1125,0.7467685580111758,1.1441737950440627,-0.444835160838411,0.6578241554755643,0.9768963959479914,-0.5525024106682104
144,20261062,0.14783830805736992,210614.64339267695,0.13410885017020635,0.013729457887163565,20,0.1625,0.7875437662094701,1.256374148913225,-0.39322881356154826,0.6578241554755643,0.9768963959479914,-0.5525024106682104
145,20261063,0.15141704951282756,220009.19046439714,0.13410885017020635,0.017308199342621206,22,0.0375,0.6856920451489044,1.0310051037012566,-0.5915174414741501,0.6578241554755643,0.9768963959479914,-0.5525024106682104
146,20261064,0.16187469651692032,250056.69092517658,0.13410885017020635,0.027765846346713974,21,0.1125,0.7888773510461041,1.2601309046029745,-0.4531425158852018,0.6578241554755643,0.9768963959479914,-0.5525024106682104
147,20261065,0.17265083537413642,285514.3683540702,0.13410885017020635,0.03854198520393007,21,0.125,0.7777557315917807,1.1874283803098458,-0.5866164503800461,0.6578241554755643,0.9768963959479914,-0.5525024106682104
148,20261066,0.14965320843232746,215325.2232036122,0.13410885017020635,0.01554435826212111,22,0.15,0.719734767148911,1.1106826539475625,-0.5159504683700402,0.6578241554755643,0.9768963959479914,-0.5525024106682104
149,20261067,0.14262799279478147,197683.06239657776,0.13410885017020635,0.008519142624575121,21,0.0875,0.6975177358568644,1.0774514262652928,-0.45734035660585026,0.6578241554755643,0.9768963959479914,-0.5525024106682104
150,20261068,0.14831350520213102,211837.47714018036,0.13410885017020635,0.014204655031924668,24,0.05,0.7409954017061029,1.1537371775949798,-0.48729701349482846,0.6578241554755643,0.9768963959479914,-0.5525024106682104
151,20261069,0.1617855752223769,249783.2991878345,0.13410885017020635,0.02767672505217056,23,0.0375,0.7147476177418953,1.0840310382727911,-0.5443131976973927,0.6578241554755643,0.9768963959479914,-0.5525024106682104
152,20261070,0.1613738832809162,248524.40699905125,0.13410885017020635,0.027265033110709852,21,0.125,0.6952265704286604,1.0543586068319282,-0.6101636513510307,0.6578241554755643,0.9768963959479914,-0.5525024106682104
153,20261071,0.1543295297998026,227978.31145702643,0.13410885017020635,0.020220679629596255,23,0.1125,0.7221440159541042,1.118611731712323,-0.5091158297001845,0.6578241554755643,0.9768963959479914,-0.5525024106682104
154,20261072,0.16740522774273775,267645.386892332,0.13410885017020635,0.0332963775725314,19,0.15,0.7966307737647228,1.2594615025014788,-0.5116925198994642,0.6578241554755643,0.9768963959479914,-0.5525024106682104
155,20261073,0.14362067667492096,200080.84413433357,0.13410885017020635,0.009511826504714604,19,0.1625,0.7591069533921435,1.200831259597111,-0.4551893058104822,0.6578241554755643,0.9768963959479914,-0.5525024106682104
156,20261074,0.14466473816522557,202635.78679711244,0.13410885017020635,0.01055588799501922,24,0.1,0.5891960439854542,0.8508573649722808,-0.6603178130222576,0.6578241554755643,0.9768963959479914,-0.5525024106682104
157,20261075,0.14585201146579463,205582.93999968335,0.13410885017020635,0.011743161295588278,22,0.0875,0.788945987904059,1.2286668194442887,-0.45206314955764537,0.6578241554755643,0.9768963959479914,-0.5525024106682104
158,20261076,0.15221885110750866,222173.57478974696,0.13410885017020635,0.018110000937302306,25,0.0625,0.6566505499415647,0.9881969640756999,-0.6141519632365217,0.6578241554755643,0.9768963959479914,-0.5525024106682104
159,20261077,0.15444660312043657,228304.88892584023,0.13410885017020635,0.020337752950230215,19,0.1,0.7893077911860482,1.2311080037526894,-0.37641510559033753,0.6578241554755643,0.9768963959479914,-0.5525024106682104
160,20261078,0.14055637746566232,192776.16307014634,0.13410885017020635,0.006447527295455974,21,0.05,0.6874895991124288,1.0457029700920843,-0.5422912952535411,0.6578241554755643,0.9768963959479914,-0.5525024106682104
161,20261079,0.15007555410643428,216437.1866291631,0.13410885017020635,0.015966703936227927,23,0.1375,0.6315174875287537,0.9378881537620901,-0.619391147461716,0.6578241554755643,0.9768963959479914,-0.5525024106682104
162,20261080,0.15946057329279925,242759.84295835966,0.13410885017020635,0.0253517231225929,20,0.1125,0.6697055875815993,0.9946812475316651,-0.5605981919348465,0.6578241554755643,0.9768963959479914,-0.5525024106682104
163,20261081,0.1469400285155168,208323.28060020317,0.13410885017020635,0.012831178345310446,21,0.1,0.8073490167378681,1.2717071506008164,-0.4463856171011107,0.6578241554755643,0.9768963959479914,-0.5525024106682104
164,20261082,0.15238148808373822,222615.3092454593,0.13410885017020635,0.01827263791353187,21,0.05,0.6394069685920458,0.9681339803888123,-0.5410165160523059,0.6578241554755643,0.9768963959479914,-0.5525024106682104
165,20261083,0.153431309621435,225488.90064570066,0.13410885017020635,0.019322459451228652,20,0.1,0.6302633461114154,0.9301626800066142,-0.6620086645753636,0.6578241554755643,0.9768963959479914,-0.5525024106682104
166,20261084,0.13454139776378374,179244.10543105975,0.13410885017020635,0.00043254759357738704,22,0.1,0.5947938310487887,0.881414397383506,-0.5761482294314546,0.6578241554755643,0.9768963959479914,-0.5525024106682104
167,20261085,0.13876110566933328,188627.7257427025,0.13410885017020635,0.004652255499126928,22,0.15,0.525819976068377,0.7536021265391065,-0.6925573963108708,0.6578241554755643,0.9768963959479914,-0.5525024106682104
168,20261086,0.13640795871255554,183332.47702152803,0.13410885017020635,0.0022991085423491875,21,0.125,0.6720181718885808,1.0312059872090575,-0.44767170873439566,0.6578241554755643,0.9768963959479914,-0.5525024106682104
169,20261087,0.16357348152114973,255327.85099440234,0.13410885017020635,0.029464631350943377,20,0.1375,0.806418670717112,1.2817347000265935,-0.48445273589473903,0.6578241554755643,0.9768963959479914,-0.5525024106682104
170,20261088,0.16164922595492642,249365.63064647085,0.13410885017020635,0.027540375784720073,20,0.1375,0.7633203533698181,1.179672023162015,-0.5869277450692827,0.6578241554755643,0.9768963959479914,-0.5525024106682104
171,20261089,0.16795599080816911,269465.88210128696,0.13410885017020635,0.033847140637962764,20,0.125,0.8407712996512124,1.3459893849884268,-0.43305699144221355,0.6578241554755643,0.9768963959479914,-0.5525024106682104
172,20261090,0.16160400712098927,249227.27560815267,0.13410885017020635,0.027495156950782917,21,0.2,0.679290638907643,1.0554961522582917,-0.6066295729205256,0.6578241554755643,0.9768963959479914,-0.5525024106682104
173,20261091,0.13888702560225766,188915.5996036455,0.13410885017020635,0.004778175432051307,23,0.0875,0.5598364543213961,0.8219954997201568,-0.6835377946753951,0.6578241554755643,0.9768963959479914,-0.5525024106682104
174,20261092,0.14820581679614103,211559.70919434942,0.13410885017020635,0.014096966625934682,26,0.0875,0.6911526133400464,1.0586009778521412,-0.5140483858888247,0.6578241554755643,0.9768963959479914,-0.5525024106682104
175,20261093,0.14408123517145338,201203.68170351465,0.13410885017020635,0.00997238500124703,19,0.1875,0.8635801579334935,1.407601195280589,-0.3055038488647489,0.6578241554755643,0.9768963959479914,-0.5525024106682104
176,20261094,0.16108685173865378,247650.61375103594,0.13410885017020635,0.02697800156844743,22,0.0875,0.7182934521048668,1.1191260557807103,-0.5342187838396204,0.6578241554755643,0.9768963959479914,-0.5525024106682104
177,20261095,0.14221876789949753,196703.42593828953,0.13410885017020635,0.008109917729291177,22,0.0875,0.7195121821005955,1.105073814507244,-0.4883312147215083,0.6578241554755643,0.9768963959479914,-0.5525024106682104
178,20261096,0.13622467565873236,182926.69118962248,0.13410885017020635,0.002115825488526013,23,0.1125,0.6856401968981123,1.0416309585940282,-0.4732494021026724,0.6578241554755643,0.9768963959479914,-0.5525024106682104
179,20261097,0.14608795565181762,206173.96933396446,0.13410885017020635,0.011979105481611269,22,0.125,0.6167136855097209,0.9219998635991075,-0.5981184959091499,0.6578241554755643,0.9768963959479914,-0.5525024106682104
180,20261098,0.1463898860950754,206932.89663873645,0.13410885017020635,0.012281035924869038,18,0.075,0.8416504382804441,1.3473380397533603,-0.3532453847943656,0.6578241554755643,0.9768963959479914,-0.5525024106682104
181,20261099,0.14272504301857136,197916.1424025624,0.13410885017020635,0.008616192848365012,22,0.1125,0.6582744876098199,1.0028065171593354,-0.5460507040725529,0.6578241554755643,0.9768963959479914,-0.5525024106682104
182,20261100,0.13820255579756804,187356.36382227653,0.13410885017020635,0.004093705627361693,21,0.1625,0.6918991145080194,1.0720478135657066,-0.4637196548211626,0.6578241554755643,0.9768963959479914,-0.5525024106682104
183,20261101,0.14344629192934394,199657.41879238555,0.13410885017020635,0.009337441759137588,21,0.0875,0.5882181447582127,0.8652690795125395,-0.5824320463422678,0.6578241554755643,0.9768963959479914,-0.5525024106682104
184,20261102,0.15600348479622309,232694.58894744999,0.13410885017020635,0.021894634626016735,22,0.075,0.7923703038701233,1.2464410997953155,-0.43450690039872775,0.6578241554755643,0.9768963959479914,-0.5525024106682104
185,20261103,0.13407579957503574,178239.41970168537,0.13410885017020635,-3.305059517061393e-05,23,0.0875,0.6094780149534936,0.9009607657222273,-0.565582091166792,0.6578241554755643,0.9768963959479914,-0.5525024106682104
186,20261104,0.14376289323561955,200426.86135084004,0.13410885017020635,0.009654043065413204,23,0.1375,0.6452030870957989,0.9615440151046826,-0.5671453533128761,0.6578241554755643,0.9768963959479914,-0.5525024106682104
187,20261105,0.1562053832810966,233270.27283310454,0.13410885017020635,0.022096533110890243,22,0.0625,0.7762537543265775,1.249636582846797,-0.4371108890570564,0.6578241554755643,0.9768963959479914,-0.5525024106682104
188,20261106,0.14029059575724606,192155.981947466,0.13410885017020635,0.006181745587039711,20,0.15,0.6429207524545918,0.9589990029470083,-0.48578721052843343,0.6578241554755643,0.9768963959479914,-0.5525024106682104
189,20261107,0.1514842308476711,220189.68977813504,0.13410885017020635,0.017375380677464747,19,0.1125,0.7234897490844966,1.0972331258810084,-0.5384245052651542,0.6578241554755643,0.9768963959479914,-0.5525024106682104
190,20261108,0.16383919545756803,256162.71967000267,0.13410885017020635,0.02973034528736168,22,0.075,0.753868348945484,1.1629647818476494,-0.5782491982316129,0.6578241554755643,0.9768963959479914,-0.5525024106682104
191,20261109,0.15004269178694488,216350.45027029148,0.13410885017020635,0.015933841616738526,23,0.1125,0.7563906268496126,1.1945486952031372,-0.4139682651602643,0.6578241554755643,0.9768963959479914,-0.5525024106682104
192,20261110,0.16262132946281876,252359.34746352077,0.13410885017020635,0.028512479292612414,17,0.125,0.8417791935161213,1.3513649781229176,-0.40308208610968266,0.6578241554755643,0.9768963959479914,-0.5525024106682104
193,20261111,0.1394979623653845,190318.90413442397,0.13410885017020635,0.005389112195178153,20,0.0875,0.5416620247976203,0.8066149707586905,-0.6312752023589994,0.6578241554755643,0.9768963959479914,-0.5525024106682104
194,20261112,0.1499982291345831,216233.1541297706,0.13410885017020635,0.015889378964376755,20,0.1125,0.5468083769829833,0.8023108854429536,-0.6752429982800667,0.6578241554755643,0.9768963959479914,-0.5525024106682104
195,20261113,0.1442937791557743,201724.0964984134,0.13410885017020635,0.010184928985567943,21,0.0875,0.6509861873509671,0.9817437085819509,-0.5191708174540209,0.6578241554755643,0.9768963959479914,-0.5525024106682104
196,20261114,0.13840495137891357,187816.00412378888,0.13410885017020635,0.004296101208707215,20,0.075,0.633564180321315,0.9503534447611991,-0.5725873994303072,0.6578241554755643,0.9768963959479914,-0.5525024106682104
197,20261115,0.1381226541937526,187175.23470855685,0.13410885017020635,0.004013804023546258,22,0.0625,0.6362634532861371,0.9403770463473805,-0.5863028332650753,0.6578241554755643,0.9768963959479914,-0.5525024106682104
198,20261116,0.16474356858646685,259025.55255059162,0.13410885017020635,0.030634718416260504,22,0.1,0.6979446768875499,1.0790558844376978,-0.6131728567442833,0.6578241554755643,0.9768963959479914,-0.5525024106682104
199,20261117,0.16476470821040493,259092.86689932432,0.13410885017020635,0.030655858040198575,22,0.0875,0.7328350422747737,1.1258034388515556,-0.5301511088629334,0.6578241554755643,0.9768963959479914,-0.5525024106682104
200,20261118,0.14484519546654778,203080.85518396017,0.13410885017020635,0.010736345296341432,23,0.1375,0.6940973215488067,1.0572765656714318,-0.5193287688568654,0.6578241554755643,0.9768963959479914,-0.5525024106682104
201,20261119,0.15380640913492177,226525.01311989012,0.13410885017020635,0.019697558964715423,23,0.1375,0.6204792745480752,0.895758397507924,-0.6111089773904759,0.6578241554755643,0.9768963959479914,-0.5525024106682104
202,20261120,0.12865287868393796,166968.0434185397,0.13410885017020635,-0.005455971486268391,23,0.1,0.5654690470597699,0.8436504239088599,-0.5536544509976804,0.6578241554755643,0.9768963959479914,-0.5525024106682104
203,20261121,0.16584588483117804,262559.95228258765,0.13410885017020635,0.03173703466097169,24,0.1,0.7814416484321602,1.2536372973324477,-0.5090244874713986,0.6578241554755643,0.9768963959479914,-0.5525024106682104
204,20261122,0.15098505065873982,218852.21346974434,0.13410885017020635,0.01687620048853347,21,0.1625,0.6930885836031306,1.0379511230931924,-0.5719945645926773,0.6578241554755643,0.9768963959479914,-0.5525024106682104
205,20261123,0.1333962042314625,176783.6649958857,0.13410885017020635,-0.0007126459387438444,22,0.2125,0.6559780954246712,0.9953388770073226,-0.4717654873322482,0.6578241554755643,0.9768963959479914,-0.5525024106682104
206,20261124,0.15938204314494003,242526.23671680622,0.13410885017020635,0.025273192974733683,23,0.1125,0.6765755693584647,1.021056263193558,-0.5957212495801978,0.6578241554755643,0.9768963959479914,-0.5525024106682104
207,20261125,0.15379594314371361,226496.03621173027,0.13410885017020635,0.019687092973507264,22,0.15,0.7270912434994659,1.1070871416849415,-0.6037570621913635,0.6578241554755643,0.9768963959479914,-0.5525024106682104
208,20261126,0.15139790972912015,219957.7950487449,0.13410885017020635,0.0172890595589138,21,0.075,0.847017959312242,1.3514221061967773,-0.4262248844969784,0.6578241554755643,0.9768963959479914,-0.5525024106682104
209,20261127,0.15560841928249705,231572.40362966078,0.13410885017020635,0.0214995691122907,24,0.05,0.7354387979073915,1.126152553117421,-0.5346747633092614,0.6578241554755643,0.9768963959479914,-0.5525024106682104
210,20261128,0.13878834369079665,188689.9570804853,0.13410885017020635,0.0046794935205903,23,0.1375,0.8480243032592811,1.3527840962952702,-0.3536151809923004,0.6578241554755643,0.9768963959479914,-0.5525024106682104
211,20261129,0.14522166572814885,204012.67028737525,0.13410885017020635,0.011112815557942496,20,0.1125,0.6228176084346051,0.9326684785337996,-0.5876794231312883,0.6578241554755643,0.9768963959479914,-0.5525024106682104
212,20261130,0.12895487756767465,167575.38434462063,0.13410885017020635,-0.005153972602531698,24,0.075,0.6612335592096023,1.0085301869885936,-0.47506742873563934,0.6578241554755643,0.9768963959479914,-0.5525024106682104
213,20261131,0.14237087606453025,197066.95649336863,0.13410885017020635,0.008262025894323899,22,0.075,0.6867822428715178,1.0482962351803418,-0.5334706196428078,0.6578241554755643,0.9768963959479914,-0.5525024106682104
214,20261132,0.13435494812556836,178841.0585635246,0.13410885017020635,0.0002460979553620124,21,0.1375,0.6945769074148332,1.0803445195437549,-0.4032989515940012,0.6578241554755643,0.9768963959479914,-0.5525024106682104
215,20261133,0.14803985706153527,211132.3861598466,0.13410885017020635,0.013931006891328923,21,0.05,0.7612933177219624,1.2231606398120447,-0.4160689100078244,0.6578241554755643,0.9768963959479914,-0.5525024106682104
216,20261134,0.15409955272459366,227338.20810693305,0.13410885017020635,0.019990702554387313,24,0.05,0.6476085501285562,0.95243355477116,-0.6043149584514265,0.6578241554755643,0.9768963959479914,-0.5525024106682104
217,20261135,0.17326494434138545,287685.5172121499,0.13410885017020635,0.0391560941711791,21,0.1125,0.7804886167548086,1.2338801744248338,-0.5225515214864005,0.6578241554755643,0.9768963959479914,-0.5525024106682104
218,20261136,0.15885297116563654,240958.47932715222,0.13410885017020635,0.02474412099543019,21,0.0375,0.634669118234603,0.9473981966906159,-0.6194113436732034,0.6578241554755643,0.9768963959479914,-0.5525024106682104
219,20261137,0.13081638350891206,171371.27374987592,0.13410885017020635,-0.003292466661294291,21,0.125,0.7046383057970441,1.0815718096318927,-0.5062806119006561,0.6578241554755643,0.9768963959479914,-0.5525024106682104
220,20261138,0.13651127846370212,183561.6450817349,0.13410885017020635,0.0024024282934957675,23,0.1,0.6445058921805075,0.9768281276623082,-0.5001977774381314,0.6578241554755643,0.9768963959479914,-0.5525024106682104
221,20261139,0.14909738218569124,213870.94729837807,0.13410885017020635,0.01498853201548489,23,0.1,0.8517886422471718,1.3834803173203154,-0.34678136563476236,0.6578241554755643,0.9768963959479914,-0.5525024106682104
222,20261140,0.14456075974366484,202379.80704123806,0.13410885017020635,0.010451909573458484,21,0.1375,0.7143716520863039,1.0955853761961625,-0.46771356063719083,0.6578241554755643,0.9768963959479914,-0.5525024106682104
223,20261141,0.14014713042469296,191822.09184877915,0.13410885017020635,0.0060382802544866054,25,0.1,0.5642012816269358,0.8309882823528345,-0.6178381054118832,0.6578241554755643,0.9768963959479914,-0.5525024106682104
224,20261142,0.1370574499788056,184778.12522741835,0.13410885017020635,0.0029485998085992393,21,0.1,0.5422501992867402,0.7985253280298305,-0.6514592397623147,0.6578241554755643,0.9768963959479914,-0.5525024106682104
225,20261143,0.14640573206655472,206972.80778211917,0.13410885017020635,0.012296881896348366,23,0.0875,0.5762829996688862,0.8399222833484311,-0.6315105218411678,0.6578241554755643,0.9768963959479914,-0.5525024106682104
226,20261144,0.15476341794637258,229191.10121750933,0.13410885017020635,0.020654567776166227,20,0.1125,0.8879934213434826,1.4606376978510893,-0.3758618330635136,0.6578241554755643,0.9768963959479914,-0.5525024106682104
227,20261145,0.13812998273185068,187191.84007605517,0.13410885017020635,0.004021132561644325,20,0.0875,0.6227121807821727,0.9422610209535541,-0.5355913143146857,0.6578241554755643,0.9768963959479914,-0.5525024106682104
228,20261146,0.14310326589278885,198827.26451472013,0.13410885017020635,0.0089944157225825,20,0.15,0.5598048350410669,0.8318649581560882,-0.6438966009063195,0.6578241554755643,0.9768963959479914,-0.5525024106682104
229,20261147,0.1507871098887419,218324.21983590853,0.13410885017020635,0.016678259718535537,22,0.1625,0.7712537616195233,1.1941747444985986,-0.4873866758940859,0.6578241554755643,0.9768963959479914,-0.5525024106682104
230,20261148,0.13705722508546866,184777.62257428432,0.13410885017020635,0.002948374915262314,21,0.075,0.7330804564606688,1.1546243699829106,-0.3961925999303383,0.6578241554755643,0.9768963959479914,-0.5525024106682104
231,20261149,0.1458204522544738,205504.02074049303,0.13410885017020635,0.011711602084267442,21,0.1125,0.7340177072844299,1.158263293688217,-0.4582525261910819,0.6578241554755643,0.9768963959479914,-0.5525024106682104
232,20261150,0.15304551013776277,224428.40018281766,0.13410885017020635,0.01893665996755642,24,0.1,0.6873431551035096,1.061189096297493,-0.5132714556244757,0.6578241554755643,0.9768963959479914,-0.5525024106682104
233,20261151,0.1438408838966787,200616.88235676938,0.13410885017020635,0.009732033726472356,21,0.1,0.6900589210866164,1.0355143775456068,-0.5555366169865195,0.6578241554755643,0.9768963959479914,-0.5525024106682104
234,20261152,0.16008276290283124,244618.99427478976,0.13410885017020635,0.025973912732624893,25,0.075,0.641193261427959,0.9526756897191252,-0.6627448606334867,0.6578241554755643,0.9768963959479914,-0.5525024106682104
235,20261153,0.1367401288334147,184070.32583389294,0.13410885017020635,0.0026312786632083363,22,0.0875,0.5661679389868994,0.8288562546703483,-0.6366397733310821,0.6578241554755643,0.9768963959479914,-0.5525024106682104
236,20261154,0.14218650681742978,196626.41450431495,0.13410885017020635,0.00807765664722343,21,0.0125,0.5513577147643294,0.8014033657396978,-0.6574091167940326,0.6578241554755643,0.9768963959479914,-0.5525024106682104
237,20261155,0.15833909301468735,239445.8510679543,0.13410885017020635,0.024230242844480998,22,0.05,0.8684106346959829,1.4001525133879837,-0.42763659940820864,0.6578241554755643,0.9768963959479914,-0.5525024106682104
238,20261156,0.1526654425277015,223388.75536581792,0.13410885017020635,0.018556592357495155,26,0.15,0.6507074079922764,0.9724247341964727,-0.6332303810578288,0.6578241554755643,0.9768963959479914,-0.5525024106682104
239,20261157,0.15705225540270268,235701.24409327446,0.13410885017020635,0.022943405232496328,25,0.05,0.6080695088465503,0.88248715758213,-0.6780184039475704,0.6578241554755643,0.9768963959479914,-0.5525024106682104
240,20261158,0.1537295805441488,226312.39002324693,0.13410885017020635,0.019620730373942435,24,0.0875,0.8045593767021904,1.2473569374105506,-0.4597627110510464,0.6578241554755643,0.9768963959479914,-0.5525024106682104
241,20261159,0.14549172524776025,204683.87281146355,0.13410885017020635,0.011382875077553894,20,0.1,0.6888698097154162,1.041178965422512,-0.5453575567101645,0.6578241554755643,0.9768963959479914,-0.5525024106682104
242,20261160,0.162840237191788,253038.64135829874,0.13410885017020635,0.02873138702158165,24,0.0625,0.6704826296497267,0.9954843303577433,-0.6634447631009054,0.6578241554755643,0.9768963959479914,-0.5525024106682104
243,20261161,0.13411947082689887,178333.401047745,0.13410885017020635,1.0620656692522656e-05,22,0.0875,0.5353446374734236,0.766628368814909,-0.644923140794281,0.6578241554755643,0.9768963959479914,-0.5525024106682104
244,20261162,0.1622054227553618,251073.96172825978,0.13410885017020635,0.028096572585155438,21,0.1125,0.7114284762953526,1.0918321438964531,-0.5676362250613454,0.6578241554755643,0.9768963959479914,-0.5525024106682104
245,20261163,0.12858260794597962,166827.06033724116,0.13410885017020635,-0.005526242224226735,21,0.0625,0.6249644869555633,0.9198558327475072,-0.5417060139863477,0.6578241554755643,0.9768963959479914,-0.5525024106682104
246,20261164,0.1553309135555906,230787.52681352012,0.13410885017020635,0.021222063385384238,20,0.0875,0.7001062219118709,1.0723800542124657,-0.5231349519836268,0.6578241554755643,0.9768963959479914,-0.5525024106682104
247,20261165,0.14147600063405727,194938.37458243922,0.13410885017020635,0.007367150463850919,21,0.075,0.5550067366131738,0.8066375062265273,-0.6809982482837122,0.6578241554755643,0.9768963959479914,-0.5525024106682104
248,20261166,0.14478149852909059,202923.6398232054,0.13410885017020635,0.010672648358884235,24,0.1375,0.6812246127899887,1.0484148687142825,-0.5047841084734582,0.6578241554755643,0.9768963959479914,-0.5525024106682104
249,20261167,0.15039643137557016,217286.02311651377,0.13410885017020635,0.016287581205363805,23,0.0875,0.5926550186389828,0.8865003579057964,-0.6779875087477562,0.6578241554755643,0.9768963959479914,-0.5525024106682104
250,20261168,0.14823264969923425,211628.88533883847,0.13410885017020635,0.014123799529027897,21,0.0625,0.8298572358681489,1.3164673495533104,-0.4277280299346672,0.6578241554755643,0.9768963959479914,-0.5525024106682104
251,20261169,0.15015193642467428,216638.92988985925,0.13410885017020635,0.01604308625446793,22,0.0625,0.6268314466425647,0.9286140256939173,-0.6525396205017557,0.6578241554755643,0.9768963959479914,-0.5525024106682104
252,20261170,0.15210463680511024,221863.90831875397,0.13410885017020635,0.017995786634903893,25,0.075,0.7390962331607465,1.131735444444758,-0.5024379929494667,0.6578241554755643,0.9768963959479914,-0.5525024106682104
253,20261171,0.14935278339776117,214537.90162257844,0.13410885017020635,0.015243933227554823,21,0.0875,0.574345563241305,0.8442491738852196,-0.6001779126348902,0.6578241554755643,0.9768963959479914,-0.5525024106682104
254,20261172,0.154100362419564,227340.45846194716,0.13410885017020635,0.019991512249357662,21,0.075,0.6606044126212788,0.9877453312201401,-0.5858330644271956,0.6578241554755643,0.9768963959479914,-0.5525024106682104
255,20261173,0.16678911619936854,265623.9859977167,0.13410885017020635,0.032680266029162186,21,0.075,0.8104787290980925,1.2782981667697784,-0.4048445692781757,0.6578241554755643,0.9768963959479914,-0.5525024106682104
256,20261174,0.1428134577155547,198128.73493787867,0.13410885017020635,0.008704607545348353,26,0.1125,0.76459712641632,1.1868573324832046,-0.48108033979284104,0.6578241554755643,0.9768963959479914,-0.5525024106682104
257,20261175,0.1529263886390294,224102.009340881,0.13410885017020635,0.01881753846882306,22,0.1125,0.7815110304912382,1.19619284813563,-0.5168822105629174,0.6578241554755643,0.9768963959479914,-0.5525024106682104
258,20261176,0.1374801360386964,185725.42000950797,0.13410885017020635,0.0033712858684900593,25,0.1375,0.6374857698868378,0.9623972528398764,-0.5785721267321156,0.6578241554755643,0.9768963959479914,-0.5525024106682104
259,20261177,0.14219420783550518,196644.7949572588,0.13410885017020635,0.008085357665298831,22,0.0875,0.561321178658171,0.8136713817334861,-0.6383318402505689,0.6578241554755643,0.9768963959479914,-0.5525024106682104
260,20261178,0.14402409073112793,201064.00442273676,0.13410885017020635,0.009915240560921579,26,0.075,0.5416147794590165,0.7971669438340268,-0.6930677993201406,0.6578241554755643,0.9768963959479914,-0.5525024106682104
261,20261179,0.14978469160968488,215670.75247636132,0.13410885017020635,0.015675841439478533,21,0.0625,0.650296465140231,0.9716850029546465,-0.5834677444009819,0.6578241554755643,0.9768963959479914,-0.5525024106682104
262,20261180,0.15267387428537332,223411.7650472772,0.13410885017020635,0.018565024115166973,23,0.1,0.6556658931811554,0.9838459056907503,-0.5636153601591032,0.6578241554755643,0.9768963959479914,-0.5525024106682104
263,20261181,0.14534389172326959,204316.16212497823,0.13410885017020635,0.011235041553063235,22,0.1375,0.6479572300825153,0.9756566178572932,-0.5857246711707395,0.6578241554755643,0.9768963959479914,-0.5525024106682104
264,20261182,0.1565980752883718,234394.23749263847,0.13410885017020635,0.02248922511816545,22,0.0375,0.8474509583976373,1.3591506210028617,-0.4280804238838052,0.6578241554755643,0.9768963959479914,-0.5525024106682104
265,20261183,0.14238132688036173,197091.9593706946,0.13410885017020635,0.00827247671015538,23,0.15,0.744587960049619,1.145456198433266,-0.4711283497908184,0.6578241554755643,0.9768963959479914,-0.5525024106682104
266,20261184,0.15445465721054866,228327.37387295492,0.13410885017020635,0.020345807040342306,20,0.1,0.7904333177392654,1.232412263587224,-0.4255455444280276,0.6578241554755643,0.9768963959479914,-0.5525024106682104
267,20261185,0.1541020166411897,227345.0560507456,0.13410885017020635,0.019993166470983342,22,0.1375,0.7752157194061864,1.1903938825256561,-0.4305279527783661,0.6578241554755643,0.9768963959479914,-0.5525024106682104
268,20261186,0.14224358465138467,196762.68840710292,0.13410885017020635,0.008134734481178324,22,0.075,0.7009072893252795,1.0746758244621883,-0.4671904293911415,0.6578241554755643,0.9768963959479914,-0.5525024106682104
269,20261187,0.14392955756211862,200833.16242697265,0.13410885017020635,0.009820707391912264,23,0.075,0.6627772203700403,0.9999506369773217,-0.5309547917979758,0.6578241554755643,0.9768963959479914,-0.5525024106682104
270,20261188,0.1397487271850526,190898.08602186872,0.13410885017020635,0.005639877014846251,24,0.0875,0.7537754532600983,1.170961940124979,-0.46293983060950006,0.6578241554755643,0.9768963959479914,-0.5525024106682104
271,20261189,0.15094580749606845,218747.4287978102,0.13410885017020635,0.0168369573258621,23,0.1625,0.7721870483868952,1.2157684280992693,-0.472262715873738,0.6578241554755643,0.9768963959479914,-0.5525024106682104
272,20261190,0.15417424107816718,227545.88466068867,0.13410885017020635,0.020065390907960834,21,0.1,0.7742615574977343,1.1926877312835145,-0.525947726965026,0.6578241554755643,0.9768963959479914,-0.5525024106682104
273,20261191,0.1533931484288213,225383.76855484047,0.13410885017020635,0.01928429825861494,19,0.1125,0.8353416645896472,1.334836766230827,-0.5042358535302836,0.6578241554755643,0.9768963959479914,-0.5525024106682104
274,20261192,0.16513605676499532,260278.30802974678,0.13410885017020635,0.03102720659478897,21,0.0625,0.606191618763086,0.8960530294311674,-0.6789679020994721,0.6578241554755643,0.9768963959479914,-0.5525024106682104
275,20261193,0.13742145309484097,185593.59742548072,0.13410885017020635,0.0033126029246346167,23,0.075,0.717571863179813,1.098083610946311,-0.47169177931692385,0.6578241554755643,0.9768963959479914,-0.5525024106682104
276,20261194,0.1516329823340653,220589.89941431914,0.13410885017020635,0.017524132163858952,23,0.1375,0.7833386527658999,1.2606864502875899,-0.37874631044981943,0.6578241554755643,0.9768963959479914,-0.5525024106682104
277,20261195,0.15450110918166365,228457.10098687685,0.13410885017020635,0.020392259011457303,22,0.1,0.772333457042758,1.2017731774523481,-0.41463020148586816,0.6578241554755643,0.9768963959479914,-0.5525024106682104
278,20261196,0.15181823959881824,221089.391288328,0.13410885017020635,0.017709389428611888,23,0.05,0.6684547485181841,0.997130762015867,-0.5509840573521751,0.6578241554755643,0.9768963959479914,-0.5525024106682104
279,20261197,0.1469521055930861,208353.91303373233,0.13410885017020635,0.012843255422879757,20,0.1,0.6720181754385509,1.0205687421207958,-0.5621706530523429,0.6578241554755643,0.9768963959479914,-0.5525024106682104
280,20261198,0.14738916865178833,209465.6735582755,0.13410885017020635,0.013280318481581982,21,0.05,0.7226155749391596,1.1160349959514104,-0.48430756818855647,0.6578241554755643,0.9768963959479914,-0.5525024106682104
281,20261199,0.15599435798315908,232668.60023863104,0.13410885017020635,0.02188550781295273,22,0.0875,0.7793234354051843,1.2631677758694762,-0.48601521229619715,0.6578241554755643,0.9768963959479914,-0.5525024106682104
282,20261200,0.152236629238239,222221.81687001468,0.13410885017020635,0.018127779068032646,23,0.125,0.7600702350323755,1.1822564295686382,-0.40661679404445705,0.6578241554755643,0.9768963959479914,-0.5525024106682104
283,20261201,0.1509165956237626,218669.46317283786,0.13410885017020635,0.01680774545355626,20,0.1,0.6995103670131838,1.0338539338080273,-0.5915023761925466,0.6578241554755643,0.9768963959479914,-0.5525024106682104
284,20261202,0.15010933410457267,216526.3830778844,0.13410885017020635,0.016000483934366316,22,0.1125,0.711403192454856,1.09268178468036,-0.5362244433548973,0.6578241554755643,0.9768963959479914,-0.5525024106682104
285,20261203,0.14620769038569317,206474.58204267474,0.13410885017020635,0.012098840215486822,23,0.1,0.6143120887235458,0.9218002461249072,-0.5869527278592215,0.6578241554755643,0.9768963959479914,-0.5525024106682104
286,20261204,0.1620995845318665,250747.9497815024,0.13410885017020635,0.027990734361660136,23,0.1375,0.7423388272295535,1.142333737595205,-0.5641842724507086,0.6578241554755643,0.9768963959479914,-0.5525024106682104
287,20261205,0.1593772613749495,242512.01979117864,0.13410885017020635,0.025268411204743157,22,0.1125,0.6733653638775441,1.0154880068472727,-0.5805722079750217,0.6578241554755643,0.9768963959479914,-0.5525024106682104
288,20261206,0.15285312169937348,223901.5058172579,0.13410885017020635,0.018744271529167134,21,0.1,0.6129728168749015,0.9238970472159056,-0.6496984748240474,0.6578241554755643,0.9768963959479914,-0.5525024106682104
289,20261207,0.15327917933436963,225070.0946515718,0.13410885017020635,0.01917032916416328,23,0.125,0.6296765776647354,0.9227670886782469,-0.6521559862995592,0.6578241554755643,0.9768963959479914,-0.5525024106682104
290,20261208,0.1350285701314727,180301.7721479886,0.13410885017020635,0.0009197199612663576,24,0.05,0.5234904941891771,0.7420861723703207,-0.6905273321093135,0.6578241554755643,0.9768963959479914,-0.5525024106682104
291,20261209,0.14010600328772638,191726.4886861143,0.13410885017020635,0.0059971531175200266,23,0.1375,0.7012432866736115,1.062165180803493,-0.4982121930453237,0.6578241554755643,0.9768963959479914,-0.5525024106682104
292,20261210,0.14409156988071772,201228.9535763667,0.13410885017020635,0.009982719710511373,23,0.1,0.758119644401544,1.2025078860631737,-0.450952673825755,0.6578241554755643,0.9768963959479914,-0.5525024106682104
293,20261211,0.15428420589264855,227852.01096489347,0.13410885017020635,0.020175355722442195,22,0.1125,0.6974108425732207,1.0612120503241809,-0.5703785544044668,0.6578241554755643,0.9768963959479914,-0.5525024106682104
294,20261212,0.1586527536040415,240367.9474608508,0.13410885017020635,0.02454390343383514,20,0.1375,0.8059209550706549,1.2667266659908847,-0.4825368941188731,0.6578241554755643,0.9768963959479914,-0.5525024106682104
295,20261213,0.14333595802810595,199390.0032810743,0.13410885017020635,0.009227107857899597,23,0.1125,0.6390004643683955,0.9652742539770023,-0.5689313894469331,0.6578241554755643,0.9768963959479914,-0.5525024106682104
296,20261214,0.14177358811163226,195643.52447381648,0.13410885017020635,0.007664737941425914,19,0.075,0.5746286655572492,0.8568685682325271,-0.5497238471789208,0.6578241554755643,0.9768963959479914,-0.5525024106682104
297,20261215,0.14834944768677008,211930.2711545064,0.13410885017020635,0.01424059751656373,24,0.0875,0.7650602326956978,1.204761169441884,-0.4349720346092846,0.6578241554755643,0.9768963959479914,-0.5525024106682104
298,20261216,0.16238659150214685,251633.03639346125,0.13410885017020635,0.028277741331940498,22,0.1,0.785904861551768,1.251985435034873,-0.4179572001523252,0.6578241554755643,0.9768963959479914,-0.5525024106682104
299,20261217,0.14201628821969386,196220.60611378084,0.13410885017020635,0.007907438049487514,22,0.025,0.4717804839455089,0.6686200206608325,-0.7263976037763079,0.6578241554755643,0.9768963959479914,-0.5525024106682104
300,20261218,0.16325372374794678,254326.9235830955,0.13410885017020635,0.029144873577740427,20,0.1125,0.7207445483461967,1.0961577906684188,-0.5916701937468036,0.6578241554755643,0.9768963959479914,-0.5525024106682104
301,20261219,0.1558567329637832,232277.07845651923,0.13410885017020635,0.02174788279357684,21,0.1125,0.7065427241844576,1.1023648394817633,-0.5388983242590204,0.6578241554755643,0.9768963959479914,-0.5525024106682104
302,20261220,0.15827222899465837,239249.76200817456,0.13410885017020635,0.02416337882445202,22,0.125,0.7633162291299859,1.1961117568790265,-0.5436362730054062,0.6578241554755643,0.9768963959479914,-0.5525024106682104
303,20261221,0.15236445528763767,222569.00381802276,0.13410885017020635,0.018255605117431323,23,0.125,0.7084070611875684,1.0980957513656489,-0.5040898854609845,0.6578241554755643,0.9768963959479914,-0.5525024106682104
304,20261222,0.13122920570772212,172225.40019864362,0.13410885017020635,-0.002879644462484232,23,0.0875,0.6404575362591359,0.9693121666248912,-0.5512749976450674,0.6578241554755643,0.9768963959479914,-0.5525024106682104
305,20261223,0.14565548687397883,205092.01422615355,0.13410885017020635,0.011546636703772484,21,0.1125,0.6469411076942935,1.0021313532389335,-0.5125241274733279,0.6578241554755643,0.9768963959479914,-0.5525024106682104
306,20261224,0.13660341089661548,183766.2548065159,0.13410885017020635,0.002494560726409134,22,0.1625,0.7148191895545848,1.0823672811521192,-0.47703251069479957,0.6578241554755643,0.9768963959479914,-0.5525024106682104
307,20261225,0.15434465603400324,228020.47879906077,0.13410885017020635,0.02023580586379689,22,0.1375,0.671344237090618,1.0173327768981535,-0.5904288912160863,0.6578241554755643,0.9768963959479914,-0.5525024106682104
308,20261226,0.1616136067837607,249256.64080103283,0.13410885017020635,0.027504756613554338,22,0.1125,0.6937792612275521,1.0505237794502176,-0.564009535312619,0.6578241554755643,0.9768963959479914,-0.5525024106682104
309,20261227,0.14446692905393232,202149.1015035863,0.13410885017020635,0.010358078883725974,22,0.1125,0.7017620810815632,1.0802638982647466,-0.4803718200356094,0.6578241554755643,0.9768963959479914,-0.5525024106682104
310,20261228,0.14809535388049,211275.1817976184,0.13410885017020635,0.013986503710283649,21,0.05,0.4593723942716732,0.6473646796911986,-0.7584427077828498,0.6578241554755643,0.9768963959479914,-0.5525024106682104
311,20261229,0.1347364330570045,179666.7420669321,0.13410885017020635,0.0006275828867981503,24,0.1625,0.5747913578516417,0.8453843351667826,-0.5958513665604227,0.6578241554755643,0.9768963959479914,-0.5525024106682104
312,20261230,0.1377389727189961,186308.0408570893,0.13410885017020635,0.0036301225487897493,23,0.075,0.7759350940295351,1.209963246598974,-0.4372584616758728,0.6578241554755643,0.9768963959479914,-0.5525024106682104
313,20261231,0.16869744424913224,271936.96890491364,0.13410885017020635,0.034588594078925894,18,0.05,0.909622287087981,1.5232202768228218,-0.3383364673012861,0.6578241554755643,0.9768963959479914,-0.5525024106682104
314,20261232,0.1501412936388447,216610.80803459135,0.13410885017020635,0.016032443468638358,21,0.125,0.8096189332284355,1.2996684740872793,-0.3474699221864893,0.6578241554755643,0.9768963959479914,-0.5525024106682104
315,20261233,0.15550693063405044,231285.03782076619,0.13410885017020635,0.021398080463844088,22,0.075,0.6822344203139039,1.0445766560486076,-0.5291806214827572,0.6578241554755643,0.9768963959479914,-0.5525024106682104
316,20261234,0.15788927299986474,238129.9045084378,0.13410885017020635,0.023780422829658393,23,0.0875,0.7701359582147612,1.2138720792402715,-0.49189169357392004,0.6578241554755643,0.9768963959479914,-0.5525024106682104
317,20261235,0.13737019341563345,185478.5310634039,0.13410885017020635,0.003261343245427095,23,0.1125,0.7210600784517787,1.1342416876550432,-0.4119875705934004,0.6578241554755643,0.9768963959479914,-0.5525024106682104
318,20261236,0.1583198853668658,239389.50453388033,0.13410885017020635,0.02421103519665946,23,0.125,0.5836606372562001,0.8538428935191321,-0.6397693427982181,0.6578241554755643,0.9768963959479914,-0.5525024106682104
319,20261237,0.145693532533585,205186.9574353345,0.13410885017020635,0.011584682363378646,23,0.1,0.6855785132701437,1.0346509075235633,-0.5853031760863634,0.6578241554755643,0.9768963959479914,-0.5525024106682104
320,20261238,0.1576245019249574,237358.84495917807,0.13410885017020635,0.023515651754751038,19,0.1,0.7760468076067326,1.2408346668490482,-0.4623235294701489,0.6578241554755643,0.9768963959479914,-0.5525024106682104
321,20261239,0.1674475510339746,267784.82937839086,0.13410885017020635,0.03333870086376825,21,0.125,0.8081381777043211,1.30284846957524,-0.44829438667716404,0.6578241554755643,0.9768963959479914,-0.5525024106682104
322,20261240,0.14095495101312608,193710.16438485085,0.13410885017020635,0.006846100842919728,22,0.1125,0.7283091669384407,1.1244487249772854,-0.47917914437498965,0.6578241554755643,0.9768963959479914,-0.5525024106682104
323,20261241,0.1358387588147689,182075.38208052976,0.13410885017020635,0.0017299086445625445,22,0.0625,0.7213543479563314,1.1122458222480636,-0.4644753416043488,0.6578241554755643,0.9768963959479914,-0.5525024106682104
324,20261242,0.14353208588305125,199865.61794045815,0.13410885017020635,0.009423235712844896,25,0.0875,0.5784603491755347,0.8501313477376182,-0.6306539014844558,0.6578241554755643,0.9768963959479914,-0.5525024106682104
325,20261243,0.14838748606194443,212028.5226557304,0.13410885017020635,0.014278635891738084,20,0.0875,0.8027338552350824,1.2496321006487905,-0.4171844693677291,0.6578241554755643,0.9768963959479914,-0.5525024106682104
326,20261244,0.13753327019526573,185844.86346287487,0.13410885017020635,0.0034244200250593826,22,0.1,0.49264337360532484,0.7134916198049981,-0.6401846282515338,0.6578241554755643,0.9768963959479914,-0.5525024106682104
327,20261245,0.15260960084773212,223236.42986118974,0.13410885017020635,0.018500750677525768,20,0.1125,0.6801329698394355,1.0246382751690992,-0.5172024910578393,0.6578241554755643,0.9768963959479914,-0.5525024106682104
328,20261246,0.1509003383973862,218626.0857215277,0.13410885017020635,0.01679148822717985,23,0.0875,0.692039785020709,1.0342319069004895,-0.5598974111196572,0.6578241554755643,0.9768963959479914,-0.5525024106682104
329,20261247,0.1430926876199691,198801.72197116233,0.13410885017020635,0.00898383744976275,23,0.0875,0.6318721405862332,0.9286686297120019,-0.6035568507020815,0.6578241554755643,0.9768963959479914,-0.5525024106682104
330,20261248,0.14473638796223778,202812.37636166636,0.13410885017020635,0.010627537792031433,23,0.0875,0.5450215840591482,0.7732564585669769,-0.6685874759960726,0.6578241554755643,0.9768963959479914,-0.5525024106682104
331,20261249,0.15454563328104923,228581.51638882043,0.13410885017020635,0.020436783110842877,21,0.0875,0.6763209799615604,1.0102264665350655,-0.6081746463910085,0.6578241554755643,0.9768963959479914,-0.5525024106682104
332,20261250,0.14422562487043689,201557.06636693235,0.13410885017020635,0.010116774700230535,19,0.1125,0.7100231331958688,1.080833345604241,-0.42533835697667277,0.6578241554755643,0.9768963959479914,-0.5525024106682104
333,20261251,0.13856329562748698,188176.43453590552,0.13410885017020635,0.004454445457280631,22,0.1,0.6357230259200355,0.944244030970708,-0.5685985554125763,0.6578241554755643,0.9768963959479914,-0.5525024106682104
334,20261252,0.1418188076337395,195750.90971895077,0.13410885017020635,0.007709957463533146,21,0.0875,0.6776960677173705,1.0291414692146945,-0.5413509766719338,0.6578241554755643,0.9768963959479914,-0.5525024106682104
335,20261253,0.1674799580535176,267891.6516351627,0.13410885017020635,0.03337110788331124,22,0.1375,0.7998303759616541,1.2726015184894093,-0.4865948892228694,0.6578241554755643,0.9768963959479914,-0.5525024106682104
336,20261254,0.1439501859596512,200883.51142588162,0.13410885017020635,0.00984133578944485,23,0.175,0.6604256708928385,0.9849407319779712,-0.5480026803331268,0.6578241554755643,0.9768963959479914,-0.5525024106682104
337,20261255,0.1537168019099268,226277.04539840616,0.13410885017020635,0.019607951739720436,20,0.05,0.6206744826005511,0.9127018859410072,-0.6455651127210604,0.6578241554755643,0.9768963959479914,-0.5525024106682104
338,20261256,0.13422473527119497,178560.14805208571,0.13410885017020635,0.00011588510098861637,22,0.125,0.6372209794141602,0.9670361766726451,-0.4485310368286973,0.6578241554755643,0.9768963959479914,-0.5525024106682104
339,20261257,0.17585613498402627,297035.92295802396,0.13410885017020635,0.041747284813819924,20,0.125,0.928633408514766,1.5530429920599356,-0.3775909663119935,0.6578241554755643,0.9768963959479914,-0.5525024106682104
340,20261258,0.1627448149937678,252742.30280375885,0.13410885017020635,0.028635964823561455,21,0.1375,0.7935304965766768,1.2381783058478555,-0.5003173329052633,0.6578241554755643,0.9768963959479914,-0.5525024106682104
341,20261259,0.14714797849257621,208851.38824042282,0.13410885017020635,0.013039128322369864,19,0.0875,0.8200030611382203,1.314629287370529,-0.3417852240393703,0.6578241554755643,0.9768963959479914,-0.5525024106682104
342,20261260,0.15694821534022632,235401.1753032603,0.13410885017020635,0.02283936517001997,23,0.075,0.6880492998346882,1.0257904922852012,-0.5372984706240633,0.6578241554755643,0.9768963959479914,-0.5525024106682104
343,20261261,0.16067383342983926,246398.89142818458,0.13410885017020635,0.026564983259632913,20,0.15,0.7073593590163857,1.0699185727092322,-0.5441961344157926,0.6578241554755643,0.9768963959479914,-0.5525024106682104
344,20261262,0.14549281097067002,204686.57593413407,0.13410885017020635,0.011383960800463666,20,0.1375,0.6993405308715981,1.059011811525618,-0.49175006734463045,0.6578241554755643,0.9768963959479914,-0.5525024106682104
345,20261263,0.1509511447140465,218761.67682035227,0.13410885017020635,0.016842294543840147,20,0.125,0.722075865958536,1.0992844978226168,-0.5371006514913568,0.6578241554755643,0.9768963959479914,-0.5525024106682104
346,20261264,0.15826456287219534,239227.29061796394,0.13410885017020635,0.02415571270198899,22,0.0625,0.6778227148264931,1.0235973829785758,-0.6138350137957517,0.6578241554755643,0.9768963959479914,-0.5525024106682104
347,20261265,0.16756486143974586,268171.7255050774,0.13410885017020635,0.03345601126953951,24,0.15,0.7500052951802809,1.1636966021883086,-0.5814360360501813,0.6578241554755643,0.9768963959479914,-0.5525024106682104
348,20261266,0.16437839233015802,257865.59279931354,0.13410885017020635,0.030269542159951673,21,0.1125,0.8201686432297409,1.2944024861854626,-0.5002656017882382,0.6578241554755643,0.9768963959479914,-0.5525024106682104
349,20261267,0.1532250238341042,224921.20402937132,0.13410885017020635,0.01911617366389784,22,0.125,0.8343388007756747,1.341260539786496,-0.39627913037794305,0.6578241554755643,0.9768963959479914,-0.5525024106682104
350,20261268,0.16817292914476623,270186.4690787204,0.13410885017020635,0.034064078974559875,21,0.1375,0.8022399442330181,1.2804451896738511,-0.4639546613191653,0.6578241554755643,0.9768963959479914,-0.5525024106682104
351,20261269,0.15185048517389557,221176.45291925574,0.13410885017020635,0.01774163500368922,23,0.0875,0.7414476443479422,1.135370937560623,-0.508152317939899,0.6578241554755643,0.9768963959479914,-0.5525024106682104
352,20261270,0.15076374605308973,218261.9864739708,0.13410885017020635,0.01665489588288338,23,0.0625,0.7884501881688584,1.2340606042915785,-0.5243376179398318,0.6578241554755643,0.9768963959479914,-0.5525024106682104
353,20261271,0.14399910085389936,201002.95412024227,0.13410885017020635,0.009890250683693008,24,0.0625,0.7073132299453447,1.085294551063156,-0.5117201266700087,0.6578241554755643,0.9768963959479914,-0.5525024106682104
354,20261272,0.17077767727138432,278995.9209131819,0.13410885017020635,0.03666882710117797,21,0.075,0.90949444856537,1.4875660430403579,-0.4235435970355306,0.6578241554755643,0.9768963959479914,-0.5525024106682104
355,20261273,0.15617867997184662,233194.04704278725,0.13410885017020635,0.022069829801640267,22,0.05,0.535147816738714,0.7449391634747908,-0.7109005408510166,0.6578241554755643,0.9768963959479914,-0.5525024106682104
356,20261274,0.15652449229798698,234183.19850269443,0.13410885017020635,0.022415642127780633,21,0.1375,0.8017376407996817,1.2986023304920211,-0.3750657022226761,0.6578241554755643,0.9768963959479914,-0.5525024106682104
357,20261275,0.16399782164980303,256662.47160699044,0.13410885017020635,0.029888971479596682,20,0.0875,0.8441914734160727,1.3389239735287686,-0.4579846558132765,0.6578241554755643,0.9768963959479914,-0.5525024106682104
358,20261276,0.1454191562778545,204503.28301277227,0.13410885017020635,0.01131030610764816,21,0.1,0.6428762798812445,0.949064983922593,-0.5875104938431639,0.6578241554755643,0.9768963959479914,-0.5525024106682104
359,20261277,0.14805813780150429,211179.4120797044,0.13410885017020635,0.013949287631297935,21,0.125,0.6640923520712885,0.9911723366494604,-0.5746780152123696,0.6578241554755643,0.9768963959479914,-0.5525024106682104
360,20261278,0.1481508223800873,211418.00583756404,0.13410885017020635,0.01404197220988096,24,0.0875,0.6115076134572595,0.8861519702198801,-0.6915557824033282,0.6578241554755643,0.9768963959479914,-0.5525024106682104
361,20261279,0.16233141236262633,251462.6203143704,0.13410885017020635,0.028222562192419975,20,0.1625,0.8333082542267074,1.3560974494436948,-0.3818387861251322,0.6578241554755643,0.9768963959479914,-0.5525024106682104
362,20261280,0.16100227994863064,247393.76690083943,0.13410885017020635,0.026893429778424294,21,0.0625,0.7791605703571647,1.230290952379497,-0.4680167992803479,0.6578241554755643,0.9768963959479914,-0.5525024106682104
363,20261281,0.1519673900261013,221492.39185291034,0.13410885017020635,0.017858539855894945,23,0.1375,0.7532782136389176,1.1634394156291772,-0.41898332371297686,0.6578241554755643,0.9768963959479914,-0.5525024106682104
364,20261282,0.14372506288665754,200334.7575165683,0.13410885017020635,0.009616212716451189,22,0.075,0.5876864949089484,0.868595504191376,-0.6415713341079181,0.6578241554755643,0.9768963959479914,-0.5525024106682104
365,20261283,0.14663864250132977,207560.37161987193,0.13410885017020635,0.012529792331123418,23,0.0625,0.6167053135048142,0.919278164235517,-0.6269777821214375,0.6578241554755643,0.9768963959479914,-0.5525024106682104
366,20261284,0.15866414130588735,240401.49444827257,0.13410885017020635,0.024555291135681,24,0.0875,0.7493899752783045,1.159298709239267,-0.4936062650083578,0.6578241554755643,0.9768963959479914,-0.5525024106682104
367,20261285,0.13754416257106558,185869.35911678403,0.13410885017020635,0.0034353124008592306,22,0.1125,0.6310319629818384,0.9316204102621167,-0.5968672348759028,0.6578241554755643,0.9768963959479914,-0.5525024106682104
368,20261286,0.147956029662751,210916.88675294135,0.13410885017020635,0.013847179492544659,22,0.1625,0.7605891950657155,1.18022191731291,-0.4346744021528379,0.6578241554755643,0.9768963959479914,-0.5525024106682104
369,20261287,0.13846393667997056,187950.1838375241,0.13410885017020635,0.004355086509764211,23,0.0625,0.5018631942311749,0.7117437870388544,-0.7272601430840715,0.6578241554755643,0.9768963959479914,-0.5525024106682104
370,20261288,0.15801671299376802,238501.962518805,0.13410885017020635,0.023907862823561665,21,0.0875,0.503998871669671,0.7241705357040041,-0.7670665467990652,0.6578241554755643,0.9768963959479914,-0.5525024106682104
371,20261289,0.1540057616162079,227077.6954508425,0.13410885017020635,0.01989691144600156,21,0.1,0.7435906484470811,1.1454650164910727,-0.530669781318277,0.6578241554755643,0.9768963959479914,-0.5525024106682104
372,20261290,0.14343835495745735,199638.1694104329,0.13410885017020635,0.009329504787251003,21,0.15,0.7848226946428317,1.2644850944357613,-0.3618758494656996,0.6578241554755643,0.9768963959479914,-0.5525024106682104
373,20261291,0.15749186339296198,236973.5575663139,0.13410885017020635,0.023383013222755628,20,0.1375,0.7656885718340541,1.1727977266477383,-0.5466003066699521,0.6578241554755643,0.9768963959479914,-0.5525024106682104
374,20261292,0.14407930085004883,201198.95200202806,0.13410885017020635,0.00997045067984248,23,0.0375,0.611465062688623,0.8962479795503656,-0.5519584217690969,0.6578241554755643,0.9768963959479914,-0.5525024106682104
375,20261293,0.13257634312438127,175044.21298894522,0.13410885017020635,-0.0015325070458250822,23,0.1375,0.622321078568642,0.9085600447291398,-0.5469607715806293,0.6578241554755643,0.9768963959479914,-0.5525024106682104
376,20261294,0.1521972667322717,222115.0189538847,0.13410885017020635,0.018088416562065363,23,0.0875,0.6187369299910519,0.8993996271913806,-0.6072699091203263,0.6578241554755643,0.9768963959479914,-0.5525024106682104
377,20261295,0.14997618881857197,216175.03466778726,0.13410885017020635,0.01586733864836562,22,0.1125,0.6944305952282481,1.0813208219196473,-0.5394244433015343,0.6578241554755643,0.9768963959479914,-0.5525024106682104
378,20261296,0.15671302159765385,234724.3053495208,0.13410885017020635,0.0226041714274475,22,0.0875,0.6528652072832255,0.9833184225699845,-0.6117159660682465,0.6578241554755643,0.9768963959479914,-0.5525024106682104
379,20261297,0.15999727397384747,244362.6705704096,0.13410885017020635,0.02588842380364112,21,0.1375,0.7699255212721253,1.2161573828776817,-0.5536027045072784,0.6578241554755643,0.9768963959479914,-0.5525024106682104
380,20261298,0.13690064599419843,184428.00759800934,0.13410885017020635,0.0027917958239920826,21,0.0875,0.7165341371418027,1.09638577445602,-0.4217527819256186,0.6578241554755643,0.9768963959479914,-0.5525024106682104
381,20261299,0.1379100511335146,186694.18514724742,0.13410885017020635,0.0038012009633082433,21,0.0875,0.6290052200125045,0.9404227373091792,-0.5391452607498863,0.6578241554755643,0.9768963959479914,-0.5525024106682104
382,20261300,0.14966762032673167,215363.0683969504,0.13410885017020635,0.01555877015652532,20,0.075,0.6869529671798504,1.029680231573886,-0.5930710060987718,0.6578241554755643,0.9768963959479914,-0.5525024106682104
383,20261301,0.14676170396181257,207871.52633093522,0.13410885017020635,0.012652853791606217,22,0.1,0.7010385618373202,1.0774551192685595,-0.513787279639867,0.6578241554755643,0.9768963959479914,-0.5525024106682104
384,20261302,0.1453233736470683,204265.1818187788,0.13410885017020635,0.011214523476861943,24,0.05,0.5629018949843705,0.8182057533507447,-0.6815919962631736,0.6578241554755643,0.9768963959479914,-0.5525024106682104
385,20261303,0.1526716889466039,223405.80117144203,0.13410885017020635,0.018562838776397556,23,0.0875,0.5999829321299756,0.8660418692551825,-0.6684163170474204,0.6578241554755643,0.9768963959479914,-0.5525024106682104
386,20261304,0.15483568756618135,229393.760815632,0.13410885017020635,0.020726837395975,20,0.15,0.7363238942302237,1.1298984735331383,-0.553230986376147,0.6578241554755643,0.9768963959479914,-0.5525024106682104
387,20261305,0.13918749793118,189604.40557462,0.13410885017020635,0.005078647760973637,24,0.05,0.7722831964245929,1.2169593060246302,-0.415604706646435,0.6578241554755643,0.9768963959479914,-0.5525024106682104
388,20261306,0.15178374254246313,220996.29047083404,0.13410885017020635,0.01767489237225678,21,0.125,0.5765947938952307,0.8566803588678443,-0.6184726262528717,0.6578241554755643,0.9768963959479914,-0.5525024106682104
389,20261307,0.14725120622866358,209114.06629796998,0.13410885017020635,0.013142356058457233,22,0.1375,0.663491979986977,1.0002189974493498,-0.563501822210064,0.6578241554755643,0.9768963959479914,-0.5525024106682104
390,20261308,0.15836362117407624,239517.8256689594,0.13410885017020635,0.024254771003869885,20,0.1125,0.8356686658170274,1.3203594153185716,-0.4479429742454333,0.6578241554755643,0.9768963959479914,-0.5525024106682104
391,20261309,0.14713772271976502,208825.3098553589,0.13410885017020635,0.013028872549558673,23,0.0625,0.661296191265491,1.0188703298306863,-0.5704405393268797,0.6578241554755643,0.9768963959479914,-0.5525024106682104
392,20261310,0.14962511011666493,215251.45793097434,0.13410885017020635,0.015516259946458583,22,0.0375,0.6479099976147548,0.9592623425221382,-0.5799355753532732,0.6578241554755643,0.9768963959479914,-0.5525024106682104
393,20261311,0.14139906368959135,194756.50449722854,0.13410885017020635,0.007290213519384997,24,0.1,0.7553558927718858,1.1762095984197007,-0.39224207009609713,0.6578241554755643,0.9768963959479914,-0.5525024106682104
394,20261312,0.15673614373442918,234790.75903621298,0.13410885017020635,0.022627293564222828,18,0.1625,0.9155369230315658,1.5339560278434539,-0.3059210117127288,0.6578241554755643,0.9768963959479914,-0.5525024106682104
395,20261313,0.15227003345541382,222312.49097163716,0.13410885017020635,0.018161183285207466,23,0.075,0.74043820149712,1.1479260675921794,-0.5345104199982046,0.6578241554755643,0.9768963959479914,-0.5525024106682104
396,20261314,0.16849848586498953,271271.59286113345,0.13410885017020635,0.03438963569478318,21,0.1375,0.7142852404509091,1.0864444412036312,-0.5867826987691345,0.6578241554755643,0.9768963959479914,-0.5525024106682104
397,20261315,0.15573896753409625,231942.6001780067,0.13410885017020635,0.021630117363889895,21,0.0625,0.7267695183088132,1.0957119193682356,-0.4775424173561804,0.6578241554755643,0.9768963959479914,-0.5525024106682104
398,20261316,0.14264911789155324,197733.7727105688,0.13410885017020635,0.00854026772134689,19,0.125,0.796009844357573,1.2668935925624718,-0.38660932470228926,0.6578241554755643,0.9768963959479914,-0.5525024106682104
399,20261317,0.16541156842291763,261161.4494100759,0.13410885017020635,0.031302718252711276,19,0.0875,0.8077084359640203,1.2893886802048145,-0.4836153525925895,0.6578241554755643,0.9768963959479914,-0.5525024106682104
400,20261318,0.1528774093647126,223967.9510469623,0.13410885017020635,0.018768559194506262,18,0.0875,0.7213623292389632,1.1028896697109691,-0.5278148984538737,0.6578241554755643,0.9768963959479914,-0.5525024106682104
401,20261319,0.15147569878342115,220166.75767994963,0.13410885017020635,0.017366848613214803,21,0.025,0.6531338570424292,0.9825385479530947,-0.5753397545020995,0.6578241554755643,0.9768963959479914,-0.5525024106682104
402,20261320,0.12832030960722737,166301.9336851766,0.13410885017020635,-0.005788540562978978,25,0.05,0.489413132352108,0.6939843714091074,-0.6775297056176476,0.6578241554755643,0.9768963959479914,-0.5525024106682104
403,20261321,0.14951517470602757,214963.10380838366,0.13410885017020635,0.01540632453582122,22,0.0875,0.621547898707643,0.9196037106489705,-0.6299011720067293,0.6578241554755643,0.9768963959479914,-0.5525024106682104
404,20261322,0.14238245513711772,197094.65884933944,0.13410885017020635,0.008273604966911374,21,0.1125,0.68010597979707,1.0237372411347467,-0.5074464460525986,0.6578241554755643,0.9768963959479914,-0.5525024106682104
405,20261323,0.1473468144221344,209357.66474686016,0.13410885017020635,0.013237964251928053,22,0.1,0.5947070800566354,0.8756781746167099,-0.6662583955418944,0.6578241554755643,0.9768963959479914,-0.5525024106682104
406,20261324,0.1530368270860291,224404.5919806954,0.13410885017020635,0.018927976915822736,21,0.1625,0.797789350206899,1.2726608280402776,-0.4206536080168798,0.6578241554755643,0.9768963959479914,-0.5525024106682104
407,20261325,0.1615446008390966,249045.63289378717,0.13410885017020635,0.027435750668890257,23,0.1625,0.6887003598098458,1.0423988030381484,-0.6118711579901289,0.6578241554755643,0.9768963959479914,-0.5525024106682104
408,20261326,0.14557607877701476,204893.9995095258,0.13410885017020635,0.011467228606808405,24,0.1125,0.6071844955276646,0.8938095765099657,-0.6326660648197782,0.6578241554755643,0.9768963959479914,-0.5525024106682104
409,20261327,0.14102667809816047,193878.75291350367,0.13410885017020635,0.006917827927954118,23,0.125,0.5452023309948316,0.8014980167429633,-0.6755610895727426,0.6578241554755643,0.9768963959479914,-0.5525024106682104
410,20261328,0.162308628350898,251392.28883595415,0.13410885017020635,0.028199778180691637,19,0.1,0.7330668142819037,1.1221770786776175,-0.5255088165180299,0.6578241554755643,0.9768963959479914,-0.5525024106682104
411,20261329,0.1490769802629619,213817.7636070728,0.13410885017020635,0.01496813009275555,20,0.025,0.775496902561281,1.2266498756069002,-0.42676597778480596,0.6578241554755643,0.9768963959479914,-0.5525024106682104
412,20261330,0.1526220920666715,223270.4940986022,0.13410885017020635,0.018513241896465138,24,0.0875,0.7766599031388961,1.23376825377493,-0.42501637588262076,0.6578241554755643,0.9768963959479914,-0.5525024106682104
413,20261331,0.13600277642915604,182436.68143592853,0.13410885017020635,0.0018939262589496852,21,0.075,0.6940567215662865,1.038797327358993,-0.5004821175437424,0.6578241554755643,0.9768963959479914,-0.5525024106682104
414,20261332,0.1367422717046035,184075.09597616972,0.13410885017020635,0.0026334215343971623,20,0.15,0.6466689157381234,0.9743865245637439,-0.5062173120622904,0.6578241554755643,0.9768963959479914,-0.5525024106682104
415,20261333,0.15495610979054608,229731.86663359823,0.13410885017020635,0.02084725962033973,21,0.075,0.7293333243693886,1.1231775412968745,-0.5020970194303721,0.6578241554755643,0.9768963959479914,-0.5525024106682104
416,20261334,0.14134003517445523,194617.08916081148,0.13410885017020635,0.00723118500424888,21,0.1125,0.7228743900762991,1.1116812026121314,-0.4930611640173792,0.6578241554755643,0.9768963959479914,-0.5525024106682104
417,20261335,0.1533714941252937,225324.1348743355,0.13410885017020635,0.01926264395508734,22,0.1375,0.7341843825803572,1.1246102329833607,-0.4421733237005723,0.6578241554755643,0.9768963959479914,-0.5525024106682104
418,20261336,0.1607611549052868,246662.98411873117,0.13410885017020635,0.026652304735080456,21,0.075,0.8532760579653742,1.3466742603030615,-0.36141834181528554,0.6578241554755643,0.9768963959479914,-0.5525024106682104
419,20261337,0.14111953793235488,194097.24207315675,0.13410885017020635,0.007010687762148526,20,0.125,0.7687122896177693,1.1914803752639054,-0.40685221309845754,0.6578241554755643,0.9768963959479914,-0.5525024106682104
420,20261338,0.1456330744198603,205036.1054054525,0.13410885017020635,0.011524224249653936,18,0.0625,0.7810511855983161,1.2159052610300722,-0.46833878765816417,0.6578241554755643,0.9768963959479914,-0.5525024106682104
421,20261339,0.1532734899117979,225054.44778306194,0.13410885017020635,0.01916463974159155,23,0.125,0.753493925494149,1.171324447786858,-0.472517240739628,0.6578241554755643,0.9768963959479914,-0.5525024106682104
422,20261340,0.1390975543933705,189397.94033005752,0.13410885017020635,0.0049887042231641365,21,0.0875,0.7188826183213378,1.1118368904694544,-0.45911448332419136,0.6578241554755643,0.9768963959479914,-0.5525024106682104
423,20261341,0.14367274599438282,200207.45735201627,0.13410885017020635,0.009563895824176466,22,0.0625,0.7181480564487197,1.1314182483992148,-0.4777640197471632,0.6578241554755643,0.9768963959479914,-0.5525024106682104
424,20261342,0.14968246207641592,215402.04966455293,0.13410885017020635,0.015573611906209567,22,0.0625,0.8370439538052354,1.3332054839323937,-0.3206315124702449,0.6578241554755643,0.9768963959479914,-0.5525024106682104
425,20261343,0.1487483264896674,212962.9382415638,0.13410885017020635,0.014639476319461053,23,0.0875,0.5692540172987391,0.851268166836313,-0.6416781589175062,0.6578241554755643,0.9768963959479914,-0.5525024106682104
426,20261344,0.14569404914819034,205188.24696856207,0.13410885017020635,0.01158519897798399,18,0.1,0.672482142141987,1.0009777930654338,-0.5911619972035578,0.6578241554755643,0.9768963959479914,-0.5525024106682104
427,20261345,0.157438090357696,236817.54390963216,0.13410885017020635,0.023329240187489636,22,0.1,0.7445682068436974,1.174524504702711,-0.4614179212020879,0.6578241554755643,0.9768963959479914,-0.5525024106682104
428,20261346,0.16227034578579186,251274.16125032282,0.13410885017020635,0.028161495615585508,22,0.1,0.8492655416794778,1.3465246371702198,-0.4089760181737996,0.6578241554755643,0.9768963959479914,-0.5525024106682104
429,20261347,0.12974207299524348,169169.56668970332,0.13410885017020635,-0.004366777174962866,23,0.075,0.6043326069228834,0.9009046968986273,-0.5750680845203918,0.6578241554755643,0.9768963959479914,-0.5525024106682104
430,20261348,0.152407577876024,222686.25660457477,0.13410885017020635,0.01829872770581764,17,0.125,0.7694917629767197,1.2129770558611637,-0.4327349406563493,0.6578241554755643,0.9768963959479914,-0.5525024106682104
431,20261349,0.14816618005132542,211457.567712787,0.13410885017020635,0.014057329881119074,23,0.1,0.7129158763175807,1.0990456855147102,-0.5153220025319499,0.6578241554755643,0.9768963959479914,-0.5525024106682104
432,20261350,0.11926648830083096,149215.363103547,0.13410885017020635,-0.01484236186937539,21,0.0875,0.6299077403244498,0.9428018540132554,-0.4643170704321722,0.6578241554755643,0.9768963959479914,-0.5525024106682104
433,20261351,0.1607816774681934,246725.09473800598,0.13410885017020635,0.026672827297987062,22,0.075,0.7385761038283274,1.1617003912970967,-0.5447831799477816,0.6578241554755643,0.9768963959479914,-0.5525024106682104
434,20261352,0.1477487713143806,210385.0673861228,0.13410885017020635,0.013639921144174255,21,0.1125,0.7339442246858857,1.1423803491974536,-0.4481204440900184,0.6578241554755643,0.9768963959479914,-0.5525024106682104
435,20261353,0.15745374033538803,236862.93870373687,0.13410885017020635,0.02334489016518168,20,0.075,0.6104296884195138,0.8905178565745088,-0.6948230830676505,0.6578241554755643,0.9768963959479914,-0.5525024106682104
436,20261354,0.14015844491918777,191848.40207593486,0.13410885017020635,0.006049594748981424,24,0.075,0.6345652238514964,0.9656006657492195,-0.540237865399358,0.6578241554755643,0.9768963959479914,-0.5525024106682104
437,20261355,0.15056021349481327,217720.629908263,0.13410885017020635,0.01645136332460692,21,0.0875,0.7851079429108937,1.2473885766676915,-0.45032060639882665,0.6578241554755643,0.9768963959479914,-0.5525024106682104
438,20261356,0.16328690143594388,254430.58881037578,0.13410885017020635,0.029178051265737526,19,0.1625,0.8086993095417528,1.2708663587295714,-0.4735080505990781,0.6578241554755643,0.9768963959479914,-0.5525024106682104
439,20261357,0.1341580556626803,178416.48003973183,0.13410885017020635,4.920549247394712e-05,23,0.075,0.6330867050219431,0.9533975997369684,-0.5177918443918583,0.6578241554755643,0.9768963959479914,-0.5525024106682104
440,20261358,0.16869160762208024,271917.4254417966,0.13410885017020635,0.03458275745187389,19,0.075,0.7489224844030844,1.1824262207617615,-0.48303993116716704,0.6578241554755643,0.9768963959479914,-0.5525024106682104
441,20261359,0.15038636769460295,217259.3481241446,0.13410885017020635,0.0162775175243966,22,0.1,0.7955944904325293,1.2706051418874975,-0.48656601134225286,0.6578241554755643,0.9768963959479914,-0.5525024106682104
442,20261360,0.14645589317225685,207099.20155333893,0.13410885017020635,0.0123470430020505,23,0.0625,0.6810769609877033,1.0407036248933397,-0.4433153892320736,0.6578241554755643,0.9768963959479914,-0.5525024106682104
443,20261361,0.1332873104370642,176551.5790766475,0.13410885017020635,-0.0008215397331421403,23,0.15,0.6010864116550187,0.9020153379932028,-0.5639650621224753,0.6578241554755643,0.9768963959479914,-0.5525024106682104
444,20261362,0.1462983087102392,206702.3996236826,0.13410885017020635,0.012189458540032838,22,0.125,0.6846036523587044,1.0560881251277947,-0.4430709200738331,0.6578241554755643,0.9768963959479914,-0.5525024106682104
445,20261363,0.14487025706642598,203142.74677818813,0.13410885017020635,0.010761406896219627,21,0.1875,0.7620991055074471,1.211763489148701,-0.3848716987997527,0.6578241554755643,0.9768963959479914,-0.5525024106682104
446,20261364,0.15241998530930895,222720.0050977111,0.13410885017020635,0.018311135139102597,22,0.125,0.7043214463221942,1.0689183770501158,-0.5040955569676597,0.6578241554755643,0.9768963959479914,-0.5525024106682104
447,20261365,0.15823523398114508,239141.3403485485,0.13410885017020635,0.024126383810938734,25,0.0625,0.7873014490758318,1.2257019346525952,-0.42641939694292186,0.6578241554755643,0.9768963959479914,-0.5525024106682104
448,20261366,0.15002351844239742,216299.86123240506,0.13410885017020635,0.015914668272191068,20,0.15,0.6962257838489122,1.0632267958980062,-0.582822674599859,0.6578241554755643,0.9768963959479914,-0.5525024106682104
449,20261367,0.15420386033536435,227628.29811596576,0.13410885017020635,0.020095010165157995,18,0.1375,0.7835028393758252,1.1972049014972606,-0.5049348304871202,0.6578241554755643,0.9768963959479914,-0.5525024106682104
450,20261368,0.12105359801392974,152433.07954079012,0.13410885017020635,-0.013055252156276606,21,0.0625,0.6207225606989506,0.9387504025564173,-0.4670915840613,0.6578241554755643,0.9768963959479914,-0.5525024106682104
451,20261369,0.15527043121286857,230616.83198953758,0.13410885017020635,0.02116158104266222,21,0.075,0.7513361870469113,1.1604260941540603,-0.47086051003537777,0.6578241554755643,0.9768963959479914,-0.5525024106682104
452,20261370,0.1446244560811793,202536.5777729189,0.13410885017020635,0.010515605910972947,20,0.15,0.708708802856094,1.0901026051261544,-0.5168499187138187,0.6578241554755643,0.9768963959479914,-0.5525024106682104
453,20261371,0.15189181603541357,221288.09689957078,0.13410885017020635,0.017782965865207223,21,0.0875,0.7045495588679412,1.060925616271416,-0.5550185543589174,0.6578241554755643,0.9768963959479914,-0.5525024106682104
454,20261372,0.14796306751200564,210934.9704347043,0.13410885017020635,0.013854217341799285,19,0.0875,0.7338938252857776,1.1253968916401413,-0.5197529605524689,0.6578241554755643,0.9768963959479914,-0.5525024106682104
455,20261373,0.15506427622201324,230036.00599869873,0.13410885017020635,0.02095542605180689,20,0.0625,0.6892788470776552,1.0665572723532641,-0.5532542166300529,0.6578241554755643,0.9768963959479914,-0.5525024106682104
456,20261374,0.15840918386817854,239651.5831473411,0.13410885017020635,0.024300333697972187,22,0.1375,0.7402278419998408,1.148871887618871,-0.501365538430634,0.6578241554755643,0.9768963959479914,-0.5525024106682104
457,20261375,0.14623485663672572,206542.85122829926,0.13410885017020635,0.012126006466519373,24,0.1,0.8147762346610622,1.2939316649704697,-0.41134021918162955,0.6578241554755643,0.9768963959479914,-0.5525024106682104
458,20261376,0.1474248443539734,209556.69664435482,0.13410885017020635,0.013315994183767055,22,0.1,0.7042330389816154,1.08596212382308,-0.48624890873496485,0.6578241554755643,0.9768963959479914,-0.5525024106682104
459,20261377,0.16864112599325506,271748.45256635634,0.13410885017020635,0.034532275823048714,21,0.1,0.9703294042609335,1.6113452864579254,-0.3363944380314019,0.6578241554755643,0.9768963959479914,-0.5525024106682104
460,20261378,0.1522194596781837,222175.22600353695,0.13410885017020635,0.018110609507977354,21,0.075,0.5827379733550715,0.8525554588618404,-0.6795135197314983,0.6578241554755643,0.9768963959479914,-0.5525024106682104
461,20261379,0.1569951887144087,235536.6049293331,0.13410885017020635,0.022886338544202356,20,0.1625,0.767918698857464,1.2293012271213257,-0.430171621499817,0.6578241554755643,0.9768963959479914,-0.5525024106682104
462,20261380,0.1464232621223658,207016.97003957702,0.13410885017020635,0.01231441195215946,21,0.1,0.5528950579310211,0.7864289061117147,-0.6586700714163554,0.6578241554755643,0.9768963959479914,-0.5525024106682104
463,20261381,0.14091170980107867,193608.6042284171,0.13410885017020635,0.006802859630872321,20,0.1125,0.6508814705395884,0.988442885128596,-0.5117855345437068,0.6578241554755643,0.9768963959479914,-0.5525024106682104
464,20261382,0.14587870032629485,205649.70496362244,0.13410885017020635,0.011769850156088502,21,0.075,0.5788417921577511,0.855975623633377,-0.6436289738546553,0.6578241554755643,0.9768963959479914,-0.5525024106682104
465,20261383,0.14891681705180448,213400.7319676508,0.13410885017020635,0.014807966881598134,17,0.125,0.7873462155234586,1.214424917175435,-0.4984736237724452,0.6578241554755643,0.9768963959479914,-0.5525024106682104
466,20261384,0.13509276485034083,180441.63317092182,0.13410885017020635,0.000983914680134479,21,0.1,0.535220674526027,0.7732624457640827,-0.648070422550384,0.6578241554755643,0.9768963959479914,-0.5525024106682104
467,20261385,0.14144595669228974,194867.3328612539,0.13410885017020635,0.007337106522083386,24,0.0875,0.7210353759283599,1.1151895290484866,-0.5149022134390656,0.6578241554755643,0.9768963959479914,-0.5525024106682104
468,20261386,0.15115806897544154,219314.82346482415,0.13410885017020635,0.01704921880523519,24,0.05,0.7668483844618118,1.1723326046326128,-0.5089577977747226,0.6578241554755643,0.9768963959479914,-0.5525024106682104
469,20261387,0.1527418928484671,223597.47368036318,0.13410885017020635,0.01863304267826074,22,0.125,0.6597794683019202,0.9994996398494217,-0.5342768033825149,0.6578241554755643,0.9768963959479914,-0.5525024106682104
470,20261388,0.14178966668395368,195681.7000136822,0.13410885017020635,0.007680816513747329,23,0.1,0.7516789809105427,1.1729065521970528,-0.42935634218122587,0.6578241554755643,0.9768963959479914,-0.5525024106682104
471,20261389,0.1556016345128681,231553.18088457352,0.13410885017020635,0.021492784342661747,20,0.1625,0.7208452150413603,1.1018620965017976,-0.554979775983871,0.6578241554755643,0.9768963959479914,-0.5525024106682104
472,20261390,0.14052890926423037,192711.97040436382,0.13410885017020635,0.0064200590940240165,21,0.1375,0.7945508424583868,1.2386132290812168,-0.4061212745584478,0.6578241554755643,0.9768963959479914,-0.5525024106682104
473,20261391,0.15306959255832647,224494.4459920153,0.13410885017020635,0.018960742388120122,23,0.075,0.6749969090273851,1.0047383089222268,-0.5619967165641329,0.6578241554755643,0.9768963959479914,-0.5525024106682104
474,20261392,0.15276894780389705,223671.38573304453,0.13410885017020635,0.018660097633690698,22,0.0875,0.4992963601424552,0.7041960784229072,-0.7382880247591113,0.6578241554755643,0.9768963959479914,-0.5525024106682104
475,20261393,0.15029721393077958,217023.1851694468,0.13410885017020635,0.016188363760573227,26,0.05,0.6756414467867385,1.0113572774937396,-0.5984959000888412,0.6578241554755643,0.9768963959479914,-0.5525024106682104
476,20261394,0.15062161501499677,217883.79755845002,0.13410885017020635,0.016512764844790417,22,0.075,0.7040369819074945,1.0771853767122666,-0.5614959632907631,0.6578241554755643,0.9768963959479914,-0.5525024106682104
477,20261395,0.13283416713398538,175589.25763653032,0.13410885017020635,-0.0012746830362209693,21,0.0625,0.7093273062793578,1.1280126131435184,-0.36257112706014216,0.6578241554755643,0.9768963959479914,-0.5525024106682104
478,20261396,0.1471312656117238,208808.89247139395,0.13410885017020635,0.013022415441517443,22,0.1,0.39494728204888085,0.5473435635750582,-0.8254326431541652,0.6578241554755643,0.9768963959479914,-0.5525024106682104
479,20261397,0.1695028062919007,274647.65264393395,0.13410885017020635,0.03539395612169435,21,0.125,0.8732714675857199,1.4150351232102059,-0.42107398679251995,0.6578241554755643,0.9768963959479914,-0.5525024106682104
480,20261398,0.13955840609975442,190458.3388173899,0.13410885017020635,0.005449555929548072,22,0.125,0.6302268966061758,0.9639857398581219,-0.565415179367085,0.6578241554755643,0.9768963959479914,-0.5525024106682104
481,20261399,0.15186393121147332,221212.76722848698,0.13410885017020635,0.017755081041266968,21,0.0625,0.7849710789250202,1.2029992605659134,-0.47051249332913014,0.6578241554755643,0.9768963959479914,-0.5525024106682104
482,20261400,0.15438583002628176,228135.3006611603,0.13410885017020635,0.020276979856075406,22,0.1125,0.7536225564842117,1.1637109476609315,-0.5162455818767235,0.6578241554755643,0.9768963959479914,-0.5525024106682104
483,20261401,0.13886008337433364,188853.96619940933,0.13410885017020635,0.004751233204127292,23,0.1125,0.6866424018611248,1.0331106507934396,-0.524659368022504,0.6578241554755643,0.9768963959479914,-0.5525024106682104
484,20261402,0.14279032482012724,198073.08882638218,0.13410885017020635,0.00868147464992089,21,0.1125,0.7161359380574841,1.098794511518218,-0.49281094951661064,0.6578241554755643,0.9768963959479914,-0.5525024106682104
485,20261403,0.1486844660506307,212797.25415240208,0.13410885017020635,0.014575615880424359,21,0.175,0.6276495876458548,0.9439719311383306,-0.5843337314208927,0.6578241554755643,0.9768963959479914,-0.5525024106682104
486,20261404,0.14770457728699224,210271.84885555343,0.13410885017020635,0.013595727116785888,24,0.1,0.5639866937126048,0.8108589906699459,-0.6425398892378578,0.6578241554755643,0.9768963959479914,-0.5525024106682104
487,20261405,0.14821156392013096,211574.5234802287,0.13410885017020635,0.014102713749924611,20,0.1,0.7155590880413202,1.1079927493368922,-0.5086222607247404,0.6578241554755643,0.9768963959479914,-0.5525024106682104
488,20261406,0.1447005024130974,202723.91187396154,0.13410885017020635,0.010591652242891048,21,0.1625,0.6591403681797755,0.9688056151599258,-0.5581413604270979,0.6578241554755643,0.9768963959479914,-0.5525024106682104
489,20261407,0.1507506658048314,218227.15322689465,0.13410885017020635,0.01664181563462505,21,0.125,0.7294222227038707,1.1147234208587442,-0.48225019305781913,0.6578241554755643,0.9768963959479914,-0.5525024106682104
490,20261408,0.15773740230916797,237687.31173973295,0.13410885017020635,0.023628552138961617,18,0.075,0.8658047592642099,1.4068894152252638,-0.33391279674771934,0.6578241554755643,0.9768963959479914,-0.5525024106682104
491,20261409,0.1573916107725958,236682.77731096084,0.13410885017020635,0.023282760602389457,25,0.125,0.6513326652832744,0.9798365782846243,-0.6469825856599237,0.6578241554755643,0.9768963959479914,-0.5525024106682104
492,20261410,0.15073785846273746,218193.0523822752,0.13410885017020635,0.01662900829253111,20,0.0625,0.733990503609931,1.1440952294471378,-0.4898083018749084,0.6578241554755643,0.9768963959479914,-0.5525024106682104
493,20261411,0.14626588594983686,206620.8573621552,0.13410885017020635,0.01215703577963051,20,0.075,0.6413293823396181,0.9630394593731264,-0.5521758638332,0.6578241554755643,0.9768963959479914,-0.5525024106682104
494,20261412,0.13845185625429296,187922.69504987288,0.13410885017020635,0.004343006084086609,22,0.15,0.6066941852690353,0.9008511214515469,-0.6348590092517284,0.6578241554755643,0.9768963959479914,-0.5525024106682104
495,20261413,0.16330391524599758,254483.76627881665,0.13410885017020635,0.029195065075791227,21,0.0875,0.8115173161833162,1.2851524863233763,-0.44814436418269665,0.6578241554755643,0.9768963959479914,-0.5525024106682104
496,20261414,0.13849241000445114,188014.9911754978,0.13410885017020635,0.0043835598342447935,21,0.025,0.7534746436386377,1.1797756915735056,-0.37494850742980534,0.6578241554755643,0.9768963959479914,-0.5525024106682104
497,20261415,0.16175054248276252,249675.9166055242,0.13410885017020635,0.02764169231255617,22,0.0625,0.6755370716128314,0.9987432790136598,-0.5795993868414087,0.6578241554755643,0.9768963959479914,-0.5525024106682104
498,20261416,0.14462085090976062,202527.70124150842,0.13410885017020635,0.010512000739554272,21,0.15,0.8161113683077686,1.3112561559299865,-0.37730124224807515,0.6578241554755643,0.9768963959479914,-0.5525024106682104
499,20261417,0.15389208558098838,226762.36894290423,0.13410885017020635,0.01978323541078203,20,0.05,0.7405953118561225,1.1560966168133222,-0.4940210465016307,0.6578241554755643,0.9768963959479914,-0.5525024106682104
500,20261418,0.13532178828228864,180941.5435106308,0.13410885017020635,0.0012129381120822846,20,0.15,0.659339615315609,1.0029515161291598,-0.5256475092344047,0.6578241554755643,0.9768963959479914,-0.5525024106682104
501,20261419,0.15165665273420656,220653.65382830135,0.13410885017020635,0.01754780256400021,22,0.125,0.8112287689441692,1.3040015583214508,-0.4501727130342218,0.6578241554755643,0.9768963959479914,-0.5525024106682104
502,20261420,0.15031906418593274,217081.04028725822,0.13410885017020635,0.016210214015726393,18,0.1125,0.7675479006931849,1.195455581978098,-0.5082732580854782,0.6578241554755643,0.9768963959479914,-0.5525024106682104
503,20261421,0.15536439201007807,230882.06729124935,0.13410885017020635,0.021255541839871717,23,0.075,0.5779446417148629,0.8296238569770981,-0.7006779647345127,0.6578241554755643,0.9768963959479914,-0.5525024106682104
504,20261422,0.15397497074956368,226992.23928515735,0.13410885017020635,0.019866120579357327,20,0.075,0.751006688743582,1.152213323370005,-0.5123983961167853,0.6578241554755643,0.9768963959479914,-0.5525024106682104
505,20261423,0.1370992909602343,184871.6680645982,0.13410885017020635,0.002990440790027943,22,0.15,0.6625372731994638,0.993946930234505,-0.5164854007753117,0.6578241554755643,0.9768963959479914,-0.5525024106682104
506,20261424,0.15188153041761157,221260.30761386617,0.13410885017020635,0.01777268024740522,22,0.0625,0.7398120777491571,1.150375121281066,-0.48722694431274793,0.6578241554755643,0.9768963959479914,-0.5525024106682104
507,20261425,0.15547205127273067,231186.3626607264,0.13410885017020635,0.02136320110252432,21,0.0875,0.7261259151921381,1.0989720868749784,-0.5846407011441497,0.6578241554755643,0.9768963959479914,-0.5525024106682104
508,20261426,0.14759908833161706,210001.86026556132,0.13410885017020635,0.013490238161410706,23,0.1125,0.5504596945428146,0.7984415455325297,-0.6725045443748092,0.6578241554755643,0.9768963959479914,-0.5525024106682104
509,20261427,0.14567750426698328,205146.9531536321,0.13410885017020635,0.011568654096776931,22,0.125,0.5592142777390108,0.8203436319907428,-0.6520809036173236,0.6578241554755643,0.9768963959479914,-0.5525024106682104
510,20261428,0.1432858722845361,199268.73527999985,0.13410885017020635,0.009177022114329747,22,0.05,0.7313108586427146,1.1245684218776815,-0.44015830209358375,0.6578241554755643,0.9768963959479914,-0.5525024106682104
511,20261429,0.13674412235924993,184079.21573452832,0.13410885017020635,0.0026352721890435804,23,0.0875,0.6227141214031511,0.9182005449945685,-0.6007346315903241,0.6578241554755643,0.9768963959479914,-0.5525024106682104
512,20261430,0.13440748588287904,178954.53178327004,0.13410885017020635,0.0002986357126726902,21,0.1,0.4766086182112013,0.6796397580408896,-0.7021634777979493,0.6578241554755643,0.9768963959479914,-0.5525024106682104
513,20261431,0.172595845909583,285320.7836786393,0.13410885017020635,0.03848699573937664,19,0.05,0.783590466396319,1.2184232382755351,-0.6106046658025015,0.6578241554755643,0.9768963959479914,-0.5525024106682104
514,20261432,0.13686576530796465,184350.2201878231,0.13410885017020635,0.0027569151377583034,21,0.1125,0.6657093801552566,1.0025235401583674,-0.5191370749848327,0.6578241554755643,0.9768963959479914,-0.5525024106682104
515,20261433,0.15493659043265892,229677.02739623343,0.13410885017020635,0.02082774026245257,22,0.175,0.7500088260418039,1.1905412987260464,-0.4485920762534539,0.6578241554755643,0.9768963959479914,-0.5525024106682104
516,20261434,0.14739660770290214,209484.65014826672,0.13410885017020635,0.013287757532695788,20,0.125,0.6057496064332353,0.8798617767149756,-0.6090703878215449,0.6578241554755643,0.9768963959479914,-0.5525024106682104
517,20261435,0.15023778206486416,216865.90316106708,0.13410885017020635,0.016128931894657805,23,0.1125,0.8424804151671796,1.3789341516697746,-0.3194065110938079,0.6578241554755643,0.9768963959479914,-0.5525024106682104
518,20261436,0.15874586098072083,240642.3752953048,0.13410885017020635,0.024637010810514476,22,0.05,0.7359069222277692,1.139869214061495,-0.48943044770468314,0.6578241554755643,0.9768963959479914,-0.5525024106682104
519,20261437,0.1416527512415555,195356.87117279938,0.13410885017020635,0.0075439010713491406,22,0.0875,0.6014388208410858,0.8977661479618196,-0.6060930696691976,0.6578241554755643,0.9768963959479914,-0.5525024106682104
520,20261438,0.1464791166553082,207157.74653415993,0.13410885017020635,0.012370266485101838,24,0.05,0.7057983492501211,1.0893222585671367,-0.4890198654899116,0.6578241554755643,0.9768963959479914,-0.5525024106682104
521,20261439,0.13534762988274826,180998.04235348033,0.13410885017020635,0.0012387797125419098,25,0.125,0.5802806262905847,0.853707787918233,-0.5803537060118797,0.6578241554755643,0.9768963959479914,-0.5525024106682104
522,20261440,0.15558630343830634,231509.75071265886,0.13410885017020635,0.021477453268099994,21,0.1125,0.69127525531349,1.0421129377856757,-0.5597914767063398,0.6578241554755643,0.9768963959479914,-0.5525024106682104
523,20261441,0.13887488014383842,188887.81285943132,0.13410885017020635,0.004766029973632069,22,0.1,0.651168019577644,0.9969610709158415,-0.5313460469487536,0.6578241554755643,0.9768963959479914,-0.5525024106682104
524,20261442,0.1556487983635309,231686.84092017208,0.13410885017020635,0.021539948193324554,21,0.0875,0.6768101552163124,1.0495740426846254,-0.5878460886987168,0.6578241554755643,0.9768963959479914,-0.5525024106682104
525,20261443,0.1609834925443307,247336.74667184494,0.13410885017020635,0.026874642374124347,22,0.0875,0.8390777265070548,1.3510121427854151,-0.41740854430797814,0.6578241554755643,0.9768963959479914,-0.5525024106682104
526,20261444,0.15281768644153226,223804.60043080896,0.13410885017020635,0.018708836271325913,21,0.1125,0.6194107917120371,0.911632530278462,-0.5998080752593695,0.6578241554755643,0.9768963959479914,-0.5525024106682104
527,20261445,0.1471766866781418,208924.40561668127,0.13410885017020635,0.013067836507935443,24,0.0625,0.679705096268999,1.0366265303368902,-0.5469071048457853,0.6578241554755643,0.9768963959479914,-0.5525024106682104
528,20261446,0.13840009201399417,187804.9545580735,0.13410885017020635,0.004291241843787819,24,0.0625,0.6500981536799662,0.9865924854260556,-0.5775600400708236,0.6578241554755643,0.9768963959479914,-0.5525024106682104
529,20261447,0.14837829452411438,212004.77692764142,0.13410885017020635,0.014269444353908034,20,0.125,0.822586010186292,1.2867377786092917,-0.47185198503032555,0.6578241554755643,0.9768963959479914,-0.5525024106682104
530,20261448,0.15172829926504589,220846.74586096033,0.13410885017020635,0.017619449094839534,22,0.075,0.762573794796458,1.1733608601818215,-0.5055225743888034,0.6578241554755643,0.9768963959479914,-0.5525024106682104
531,20261449,0.15353517449482257,225775.30271650435,0.13410885017020635,0.019426324324616218,20,0.1,0.6170569876369504,0.9087225259178123,-0.6310313169705174,0.6578241554755643,0.9768963959479914,-0.5525024106682104
532,20261450,0.14528109761920482,204160.18270788016,0.13410885017020635,0.011172247448998474,21,0.1125,0.6398962029420562,0.9652016264932912,-0.604311743889766,0.6578241554755643,0.9768963959479914,-0.5525024106682104
533,20261451,0.1432031824021347,199068.6957849796,0.13410885017020635,0.009094332231928348,25,0.075,0.65250683641466,1.0078686569891837,-0.5185968785719526,0.6578241554755643,0.9768963959479914,-0.5525024106682104
534,20261452,0.15460684100692673,228752.66705064176,0.13410885017020635,0.02049799083672038,22,0.1,0.838878127063084,1.3392833155876773,-0.3739467047661863,0.6578241554755643,0.9768963959479914,-0.5525024106682104
535,20261453,0.14771655610776166,210302.5304949497,0.13410885017020635,0.013607705937555309,22,0.025,0.47209537710433774,0.6582688554726074,-0.7099051622208383,0.6578241554755643,0.9768963959479914,-0.5525024106682104
536,20261454,0.15577748318435444,232051.93725643193,0.13410885017020635,0.021668633014148092,18,0.05,0.7168332111452168,1.101990259648085,-0.4992070470910601,0.6578241554755643,0.9768963959479914,-0.5525024106682104
537,20261455,0.1472458266220508,209100.36853862237,0.13410885017020635,0.013136976451844445,23,0.1625,0.6493970835293656,0.9623365317664551,-0.601474461085036,0.6578241554755643,0.9768963959479914,-0.5525024106682104
538,20261456,0.14035362621625605,192302.86800079508,0.13410885017020635,0.006244776046049699,23,0.125,0.6289479880673843,0.9522465115659496,-0.5702581705228449,0.6578241554755643,0.9768963959479914,-0.5525024106682104
539,20261457,0.1451543021106971,203845.606481515,0.13410885017020635,0.011045451940490753,23,0.1125,0.6082572456945057,0.9147173792651853,-0.5947605864597487,0.6578241554755643,0.9768963959479914,-0.5525024106682104
540,20261458,0.15283872169186774,223862.12058558819,0.13410885017020635,0.01872987152166139,21,0.075,0.8412569057770347,1.3379030738115538,-0.42872958793855,0.6578241554755643,0.9768963959479914,-0.5525024106682104
541,20261459,0.15511820574404667,230187.80060989916,0.13410885017020635,0.021009355573840316,23,0.0625,0.6337746162613382,0.9489262667149404,-0.6369070073315641,0.6578241554755643,0.9768963959479914,-0.5525024106682104
542,20261460,0.1422955185857286,196886.7676659635,0.13410885017020635,0.008186668415522236,26,0.075,0.5693498444890389,0.8322428507093281,-0.6904250476439318,0.6578241554755643,0.9768963959479914,-0.5525024106682104
543,20261461,0.16933534215997761,274081.7080087265,0.13410885017020635,0.035226491989771264,23,0.0375,0.7215104283747819,1.0991702792585363,-0.6234879036199477,0.6578241554755643,0.9768963959479914,-0.5525024106682104
544,20261462,0.1615179748041527,248964.26489698238,0.13410885017020635,0.027409124633946347,22,0.1,0.679369823833182,1.0458741904280675,-0.6158319613141556,0.6578241554755643,0.9768963959479914,-0.5525024106682104
545,20261463,0.1637950255621195,256023.74235150687,0.13410885017020635,0.02968617539191315,20,0.15,0.8178028723129735,1.3013433201617814,-0.48531341344203327,0.6578241554755643,0.9768963959479914,-0.5525024106682104
546,20261464,0.14573643384062132,205294.07336742926,0.13410885017020635,0.01162758367041497,23,0.1,0.634132587341526,0.9545587759418049,-0.5217114421849858,0.6578241554755643,0.9768963959479914,-0.5525024106682104
547,20261465,0.14840316367377326,212069.03116444597,0.13410885017020635,0.014294313503566913,20,0.0875,0.5982074518575893,0.8697611010966652,-0.660263957968148,0.6578241554755643,0.9768963959479914,-0.5525024106682104
548,20261466,0.14485348234137024,203101.31807891937,0.13410885017020635,0.010744632171163893,20,0.1125,0.6606675535360335,1.0086868011003653,-0.5592633090085455,0.6578241554755643,0.9768963959479914,-0.5525024106682104
549,20261467,0.1497045303832387,215460.02487295555,0.13410885017020635,0.015595680213032342,22,0.1,0.5783366000662246,0.8526049603733861,-0.6714143684575966,0.6578241554755643,0.9768963959479914,-0.5525024106682104
550,20261468,0.14129424107449956,194509.003750363,0.13410885017020635,0.00718539090429321,23,0.1125,0.6131587423496575,0.9286471028042711,-0.5797359225374423,0.6578241554755643,0.9768963959479914,-0.5525024106682104
551,20261469,0.1409167319855684,193620.3968946019,0.13410885017020635,0.0068078818153620435,22,0.1375,0.6671229340110103,1.0373839525883795,-0.48041137634129083,0.6578241554755643,0.9768963959479914,-0.5525024106682104
552,20261470,0.15458936443156265,228703.784936009,0.13410885017020635,0.020480514261356303,19,0.1,0.6464022693320609,0.943718088047781,-0.6423825548549529,0.6578241554755643,0.9768963959479914,-0.5525024106682104
553,20261471,0.15778201591679247,237817.23896870096,0.13410885017020635,0.023673165746586122,19,0.1125,0.7519764685120421,1.152872854846155,-0.4480672588503004,0.6578241554755643,0.9768963959479914,-0.5525024106682104
554,20261472,0.1525185376468853,222988.25977205334,0.13410885017020635,0.018409687476678954,23,0.2,0.7847932748821489,1.2429782711300006,-0.48633342412382985,0.6578241554755643,0.9768963959479914,-0.5525024106682104
555,20261473,0.16625396178109114,263881.04349335947,0.13410885017020635,0.03214511161088479,23,0.075,0.8760752777022922,1.425952661635886,-0.41295976726980643,0.6578241554755643,0.9768963959479914,-0.5525024106682104
556,20261474,0.1467561507844742,207857.47485123706,0.13410885017020635,0.012647300614267859,21,0.0875,0.7718935556341234,1.1862457633481867,-0.4437008605806365,0.6578241554755643,0.9768963959479914,-0.5525024106682104
557,20261475,0.13219804436013793,174247.7302876834,0.13410885017020635,-0.0019108058100684167,23,0.1375,0.5999933385604609,0.9024963904739184,-0.5894164745492254,0.6578241554755643,0.9768963959479914,-0.5525024106682104
558,20261476,0.1533894620583393,225373.61551180162,0.13410885017020635,0.01928061188813296,22,0.125,0.5723482614584695,0.8615863995130092,-0.6385197973581809,0.6578241554755643,0.9768963959479914,-0.5525024106682104
559,20261477,0.13684878811335513,184312.37190779712,0.13410885017020635,0.002739937943148779,22,0.0625,0.5772785995879167,0.8472932746204532,-0.6244596267801408,0.6578241554755643,0.9768963959479914,-0.5525024106682104
560,20261478,0.15035383142876216,217173.13032765436,0.13410885017020635,0.016244981258555807,23,0.0875,0.7471874473864254,1.1771920901914306,-0.49273432514359394,0.6578241554755643,0.9768963959479914,-0.5525024106682104
561,20261479,0.13684547635019273,184304.9897533679,0.13410885017020635,0.002736626179986379,21,0.1375,0.6383735791485773,0.9457287857769279,-0.5788970571572105,0.6578241554755643,0.9768963959479914,-0.5525024106682104
562,20261480,0.1592970267516021,242273.5995519699,0.13410885017020635,0.025188176581395744,23,0.05,0.7293399834591809,1.1059230780648093,-0.5635429007660885,0.6578241554755643,0.9768963959479914,-0.5525024106682104
563,20261481,0.14624815926793755,206576.2895847798,0.13410885017020635,0.012139309097731199,23,0.1375,0.6857989784135139,1.0335788505541255,-0.4904327731552698,0.6578241554755643,0.9768963959479914,-0.5525024106682104
564,20261482,0.1522471651197759,222250.41182255527,0.13410885017020635,0.01813831494956955,17,0.0875,0.7404309571870425,1.1495651001441691,-0.49837417006232254,0.6578241554755643,0.9768963959479914,-0.5525024106682104
565,20261483,0.16191850281581371,250191.1867787352,0.13410885017020635,0.027809652645607363,21,0.15,0.6810172417713802,1.0305907688001668,-0.5750117606160485,0.6578241554755643,0.9768963959479914,-0.5525024106682104
566,20261484,0.15360397780565582,225965.2337190504,0.13410885017020635,0.019495127635449472,23,0.1,0.704499264100736,1.0715222860256517,-0.5019570711721701,0.6578241554755643,0.9768963959479914,-0.5525024106682104
567,20261485,0.1411583745642409,194188.69746488976,0.13410885017020635,0.0070495243940345564,25,0.0875,0.6192893103367951,0.9205527126617344,-0.5986695659784937,0.6578241554755643,0.9768963959479914,-0.5525024106682104
568,20261486,0.1489884067264403,213587.03104377503,0.13410885017020635,0.014879556556233936,23,0.125,0.573585265064279,0.8457246878862504,-0.6469395328099616,0.6578241554755643,0.9768963959479914,-0.5525024106682104
569,20261487,0.14565529201973104,205091.52808489188,0.13410885017020635,0.011546441849524691,23,0.0625,0.6943372718219246,1.0530003361165055,-0.5455589545926678,0.6578241554755643,0.9768963959479914,-0.5525024106682104
570,20261488,0.136314636088354,183125.74328028123,0.13410885017020635,0.002205785918147657,21,0.0875,0.6914301760264728,1.0447330733905633,-0.5024932086370362,0.6578241554755643,0.9768963959479914,-0.5525024106682104
571,20261489,0.16216700720165722,250955.57993377786,0.13410885017020635,0.02805815703145087,24,0.0875,0.8289056005021631,1.3207242948994216,-0.4700835275603672,0.6578241554755643,0.9768963959479914,-0.5525024106682104
572,20261490,0.13470700643123226,179602.90772073332,0.13410885017020635,0.0005981562610259117,23,0.075,0.5323530496828607,0.7702224120683073,-0.6370045737719849,0.6578241554755643,0.9768963959479914,-0.5525024106682104
573,20261491,0.1436354237925334,200116.69508167362,0.13410885017020635,0.009526573622327061,21,0.1125,0.7623983667003406,1.170625639310403,-0.4366880776875419,0.6578241554755643,0.9768963959479914,-0.5525024106682104
574,20261492,0.136011270766659,182455.413490296,0.13410885017020635,0.001902420596452653,19,0.1375,0.6224663824121622,0.9372576394850209,-0.5688530163856973,0.6578241554755643,0.9768963959479914,-0.5525024106682104
575,20261493,0.16436456945017816,257821.7913589918,0.13410885017020635,0.03025571927997181,21,0.125,0.7198443164413737,1.1186872180072738,-0.5679279157301582,0.6578241554755643,0.9768963959479914,-0.5525024106682104
576,20261494,0.16163444212132794,249320.38809975775,0.13410885017020635,0.027525591951121586,22,0.0875,0.9209233605103133,1.5107674337890018,-0.4086001479917626,0.6578241554755643,0.9768963959479914,-0.5525024106682104
577,20261495,0.1610291551945975,247475.35770392042,0.13410885017020635,0.02692030502439116,19,0.1,0.8014629681017525,1.2736675227828556,-0.46717744196456823,0.6578241554755643,0.9768963959479914,-0.5525024106682104
578,20261496,0.16040306262663523,245581.84899902082,0.13410885017020635,0.026294212456428878,20,0.1,0.7057126268996664,1.071618920255286,-0.6015965734135988,0.6578241554755643,0.9768963959479914,-0.5525024106682104
579,20261497,0.13858016591368744,188214.8785069532,0.13410885017020635,0.004471315743481086,23,0.0625,0.4945137706953128,0.7243193164580309,-0.6916518672985597,0.6578241554755643,0.9768963959479914,-0.5525024106682104
580,20261498,0.1460026797457181,205960.15131985943,0.13410885017020635,0.011893829575511744,23,0.125,0.5346458591953948,0.7674580894653267,-0.6689782878077919,0.6578241554755643,0.9768963959479914,-0.5525024106682104
581,20261499,0.14451368281793026,202264.0223842724,0.13410885017020635,0.010404832647723905,22,0.1375,0.7016061061651842,1.092577843991457,-0.47479697268512544,0.6578241554755643,0.9768963959479914,-0.5525024106682104
582,20261500,0.1590196328258244,241451.19248177318,0.13410885017020635,0.024910782655618052,24,0.025,0.5940298707416114,0.8695257772271618,-0.6889405311900274,0.6578241554755643,0.9768963959479914,-0.5525024106682104
583,20261501,0.1519094770364484,221335.82123300602,0.13410885017020635,0.017800626866242036,20,0.1125,0.7137847096643378,1.0936967724656694,-0.5073539905204284,0.6578241554755643,0.9768963959479914,-0.5525024106682104
584,20261502,0.15406395480905039,227239.2951561711,0.13410885017020635,0.019955104638844035,23,0.1625,0.6828778257565757,1.034665588002685,-0.5606593861651679,0.6578241554755643,0.9768963959479914,-0.5525024106682104
585,20261503,0.1251329659034612,160059.6823993043,0.13410885017020635,-0.008975884266745143,20,0.1125,0.5485900244711485,0.8024659743628512,-0.6158932971634189,0.6578241554755643,0.9768963959479914,-0.5525024106682104
586,20261504,0.16051351712190548,245914.80093564984,0.13410885017020635,0.02640466695169913,23,0.0625,0.8047149028687062,1.244646744491907,-0.467547473564781,0.6578241554755643,0.9768963959479914,-0.5525024106682104
587,20261505,0.14232819364930155,196964.87636165816,0.13410885017020635,0.008219343479095198,23,0.075,0.7775778519057648,1.218868164506629,-0.4208829944726694,0.6578241554755643,0.9768963959479914,-0.5525024106682104
588,20261506,0.14385959935382525,200662.5099946308,0.13410885017020635,0.0097507491836189,21,0.1,0.7000961609127554,1.0757885466059547,-0.4761905208587115,0.6578241554755643,0.9768963959479914,-0.5525024106682104
589,20261507,0.154998038518361,229849.71078567853,0.13410885017020635,0.020889188348154647,21,0.075,0.74491785254898,1.1575632887439982,-0.4886578769425556,0.6578241554755643,0.9768963959479914,-0.5525024106682104
590,20261508,0.15458542689075583,228692.7731107992,0.13410885017020635,0.020476576720549478,19,0.075,0.7567508741574015,1.1529545130284806,-0.4933578217036948,0.6578241554755643,0.9768963959479914,-0.5525024106682104
591,20261509,0.159583248729135,243125.23875231322,0.13410885017020635,0.025474398558928663,18,0.1125,0.7784011937621895,1.1988475067672324,-0.47133485271764974,0.6578241554755643,0.9768963959479914,-0.5525024106682104
592,20261510,0.1507750467810782,218292.08547355345,0.13410885017020635,0.016666196610871847,24,0.1,0.6939691532586765,1.0462918359470814,-0.5645920985181707,0.6578241554755643,0.9768963959479914,-0.5525024106682104
593,20261511,0.1531004999130695,224579.2389036649,0.13410885017020635,0.01899164974286316,20,0.0875,0.8087333718586818,1.2735351293368118,-0.4581502075806192,0.6578241554755643,0.9768963959479914,-0.5525024106682104
594,20261512,0.15148452310697977,220190.47534384253,0.13410885017020635,0.017375672936773418,23,0.1125,0.7766413538937675,1.2032317821708522,-0.4913877536773713,0.6578241554755643,0.9768963959479914,-0.5525024106682104
595,20261513,0.14393402479494144,200844.06475023608,0.13410885017020635,0.009825174624735089,21,0.0625,0.5563604256935932,0.8068532718373568,-0.6529541342580099,0.6578241554755643,0.9768963959479914,-0.5525024106682104
596,20261514,0.15152702011426541,220304.73456626068,0.13410885017020635,0.017418169944059064,23,0.15,0.8137493429406796,1.2810296484168433,-0.4062651532622933,0.6578241554755643,0.9768963959479914,-0.5525024106682104
597,20261515,0.14455880301921936,202374.99313225425,0.13410885017020635,0.010449952849013011,23,0.05,0.7558752412678809,1.163131354217808,-0.433341526833504,0.6578241554755643,0.9768963959479914,-0.5525024106682104
598,20261516,0.16374255299985654,255858.7430808381,0.13410885017020635,0.029633702829650194,21,0.075,0.7843702358627167,1.2273523207319996,-0.5361436322593203,0.6578241554755643,0.9768963959479914,-0.5525024106682104
599,20261517,0.16586127605982096,262609.6544934116,0.13410885017020635,0.031752425889614605,21,0.125,0.7969719952423615,1.2590346797935157,-0.3524484208121169,0.6578241554755643,0.9768963959479914,-0.5525024106682104
600,20261518,0.14662646012047695,207529.59570614007,0.13410885017020635,0.012517609950270597,20,0.125,0.7074025543963569,1.1146761615050342,-0.48675805793675553,0.6578241554755643,0.9768963959479914,-0.5525024106682104
601,20261519,0.16476090539738666,259080.7563624211,0.13410885017020635,0.030652055227180314,19,0.05,0.6708533396057041,0.9995743779105912,-0.6354062813005804,0.6578241554755643,0.9768963959479914,-0.5525024106682104
602,20261520,0.16343394591495106,254890.56485563805,0.13410885017020635,0.029325095744744706,21,0.0625,0.6934154568474099,1.0611434091721181,-0.5893045611265788,0.6578241554755643,0.9768963959479914,-0.5525024106682104
603,20261521,0.16255504356250594,252154.02936898987,0.13410885017020635,0.02844619339229959,21,0.0625,0.6737257091004043,1.0106691170717812,-0.5791096712504984,0.6578241554755643,0.9768963959479914,-0.5525024106682104
604,20261522,0.1480338781671501,211117.0082587621,0.13410885017020635,0.013925027996943756,24,0.175,0.6282434120403113,0.9374418864864554,-0.6362970034761932,0.6578241554755643,0.9768963959479914,-0.5525024106682104
605,20261523,0.14795138531598453,210904.95404247456,0.13410885017020635,0.013842535145778184,21,0.125,0.7326473282169809,1.1311583185560274,-0.48230797102240297,0.6578241554755643,0.9768963959479914,-0.5525024106682104
606,20261524,0.14593743225581254,205796.70926404747,0.13410885017020635,0.011828582085606193,23,0.075,0.660798698758089,1.008029912827413,-0.5375832976960878,0.6578241554755643,0.9768963959479914,-0.5525024106682104
607,20261525,0.1428892167562138,198311.0883734309,0.13410885017020635,0.008780366586007449,24,0.05,0.6696887985947945,1.0087157571208207,-0.5441274231932302,0.6578241554755643,0.9768963959479914,-0.5525024106682104
608,20261526,0.14606139726461334,206107.35270406897,0.13410885017020635,0.01195254709440699,22,0.1125,0.5987766246435857,0.8931705108537552,-0.625856285160117,0.6578241554755643,0.9768963959479914,-0.5525024106682104
609,20261527,0.15628900611131905,233509.14621055272,0.13410885017020635,0.022180155941112695,21,0.1375,0.7734398317820446,1.2104919996743897,-0.48481048854061615,0.6578241554755643,0.9768963959479914,-0.5525024106682104
610,20261528,0.13796137265001615,186810.18879055444,0.13410885017020635,0.0038525224798098,23,0.0875,0.6225493374811681,0.9310588238293058,-0.577225229332353,0.6578241554755643,0.9768963959479914,-0.5525024106682104
611,20261529,0.14597167755610466,205882.47521323944,0.13410885017020635,0.011862827385898306,17,0.1375,0.6772841830877402,1.049060755257149,-0.5450174656251028,0.6578241554755643,0.9768963959479914,-0.5525024106682104
612,20261530,0.12708928197282532,163860.80379753074,0.13410885017020635,-0.007019568197381032,24,0.05,0.5068294742256811,0.7176911764415225,-0.6404948818193866,0.6578241554755643,0.9768963959479914,-0.5525024106682104
613,20261531,0.13687162868380365,184363.2936738708,0.13410885017020635,0.002762778513597297,23,0.175,0.7214988984632372,1.130283222223866,-0.4050092793123745,0.6578241554755643,0.9768963959479914,-0.5525024106682104
614,20261532,0.16454884169568132,258406.34204188746,0.13410885017020635,0.03043999152547497,23,0.1,0.7058461228010965,1.0811286787926206,-0.6144516022149112,0.6578241554755643,0.9768963959479914,-0.5525024106682104
615,20261533,0.14187755759053214,195890.5192157806,0.13410885017020635,0.007768707420325788,20,0.1125,0.6468709255661872,0.9641874694288308,-0.5399620493967887,0.6578241554755643,0.9768963959479914,-0.5525024106682104
616,20261534,0.15701266711426584,235587.0179064395,0.13410885017020635,0.02290381694405949,22,0.05,0.6896559426868629,1.0654763705111143,-0.5180187667610896,0.6578241554755643,0.9768963959479914,-0.5525024106682104
617,20261535,0.15901255762398467,241430.2542637994,0.13410885017020635,0.024903707453778318,22,0.0875,0.6754806239503303,1.0017079542521734,-0.5868429085999765,0.6578241554755643,0.9768963959479914,-0.5525024106682104
618,20261536,0.13946301847850995,190238.34296438628,0.13410885017020635,0.005354168308303597,24,0.1,0.6160115403768772,0.9121092880685279,-0.6003243810201176,0.6578241554755643,0.9768963959479914,-0.5525024106682104
619,20261537,0.1670052922191758,266331.4297334268,0.13410885017020635,0.03289644204896944,21,0.1125,0.8629764851002533,1.3700875444228626,-0.44846127034690764,0.6578241554755643,0.9768963959479914,-0.5525024106682104
620,20261538,0.1388338147610155,188793.89421401935,0.13410885017020635,0.00472496459080915,21,0.075,0.6325336785260914,0.9459283758360021,-0.5402446616022267,0.6578241554755643,0.9768963959479914,-0.5525024106682104
621,20261539,0.1436983310790779,200269.70166031044,0.13410885017020635,0.009589480908871545,18,0.125,0.6215842121668876,0.9266593052917028,-0.5920668390862334,0.6578241554755643,0.9768963959479914,-0.5525024106682104
622,20261540,0.14601438419400625,205989.48486829753,0.13410885017020635,0.011905534023799902,20,0.125,0.5646693558875507,0.8215163861408329,-0.65981451671783,0.6578241554755643,0.9768963959479914,-0.5525024106682104
623,20261541,0.12902754030584287,167721.8648498853,0.13410885017020635,-0.005081309864363476,20,0.075,0.5874958443092595,0.8826090139592185,-0.506533784909598,0.6578241554755643,0.9768963959479914,-0.5525024106682104
624,20261542,0.14878344756697356,213054.11654076996,0.13410885017020635,0.014674597396767214,21,0.1,0.7143181269985102,1.073543318471797,-0.49637458686478575,0.6578241554755643,0.9768963959479914,-0.5525024106682104
625,20261543,0.15882407827536066,240873.16791854505,0.13410885017020635,0.024715228105154308,21,0.0125,0.7808475183466248,1.2182514455444722,-0.47631447158343443,0.6578241554755643,0.9768963959479914,-0.5525024106682104
626,20261544,0.14474220627865578,202826.72340817124,0.13410885017020635,0.010633356108449427,22,0.125,0.5107680187348672,0.7405737213471026,-0.7031318196183935,0.6578241554755643,0.9768963959479914,-0.5525024106682104
627,20261545,0.16225390153338132,251223.4373379322,0.13410885017020635,0.028145051363174967,20,0.1125,0.7302811067332111,1.1030879507148303,-0.5896044625947107,0.6578241554755643,0.9768963959479914,-0.5525024106682104
628,20261546,0.15652294195970243,234178.75420309906,0.13410885017020635,0.022414091789496077,22,0.075,0.7553413310875111,1.1823289260556,-0.49667978267958746,0.6578241554755643,0.9768963959479914,-0.5525024106682104
629,20261547,0.13875576213822247,188615.51979760488,0.13410885017020635,0.004646911968016115,23,0.2,0.6424493107253529,0.9827773114086572,-0.5388126727703125,0.6578241554755643,0.9768963959479914,-0.5525024106682104
630,20261548,0.14628128347124045,206659.5774477997,0.13410885017020635,0.012172433301034097,24,0.15,0.5173060278088932,0.744021323888079,-0.6989279403248396,0.6578241554755643,0.9768963959479914,-0.5525024106682104
631,20261549,0.16909995141342613,273288.24594251753,0.13410885017020635,0.034991101243219774,21,0.1125,0.7207462332083735,1.1055789085085093,-0.5650154569839743,0.6578241554755643,0.9768963959479914,-0.5525024106682104
632,20261550,0.1557309545123703,231919.8598104477,0.13410885017020635,0.02162210434216394,23,0.1125,0.8163320954980174,1.2800474256415726,-0.4303826076347045,0.6578241554755643,0.9768963959479914,-0.5525024106682104
633,20261551,0.14206522541304317,196337.18399447226,0.13410885017020635,0.007956375242836822,20,0.05,0.5798834777250758,0.8419769774359075,-0.6226067855618164,0.6578241554755643,0.9768963959479914,-0.5525024106682104
634,20261552,0.13775987195601733,186355.16761329724,0.13410885017020635,0.003651021785810976,25,0.1,0.6071391156389542,0.8925702272194067,-0.5802436544956091,0.6578241554755643,0.9768963959479914,-0.5525024106682104
635,20261553,0.14156693806556742,195153.57112309567,0.13410885017020635,0.007458087895361065,21,0.075,0.6710867864529653,1.0258538491641034,-0.5509170052504744,0.6578241554755643,0.9768963959479914,-0.5525024106682104
636,20261554,0.154761120888423,229184.6628393807,0.13410885017020635,0.020652270718216653,24,0.15,0.7317840596257109,1.1070169770716933,-0.5591067127742277,0.6578241554755643,0.9768963959479914,-0.5525024106682104
637,20261555,0.143782480792335,200474.5677981924,0.13410885017020635,0.009673630622128643,19,0.1125,0.7948257218476875,1.2805026897836351,-0.41580726745193675,0.6578241554755643,0.9768963959479914,-0.5525024106682104
638,20261556,0.15648353648160482,234065.82146358705,0.13410885017020635,0.022374686311398467,22,0.0875,0.6249972462991955,0.9180987919453684,-0.6191502329493976,0.6578241554755643,0.9768963959479914,-0.5525024106682104
639,20261557,0.15833338573601718,239429.10705550856,0.13410885017020635,0.024224535565810834,21,0.1,0.7546084063817413,1.1721373301772344,-0.5088665213529404,0.6578241554755643,0.9768963959479914,-0.5525024106682104
640,20261558,0.15542205660489408,231045.00232572306,0.13410885017020635,0.02131320643468773,20,0.075,0.7886581723045512,1.2523989747217437,-0.42382167865915576,0.6578241554755643,0.9768963959479914,-0.5525024106682104
641,20261559,0.14394883301405945,200880.2088013255,0.13410885017020635,0.009839982843853096,23,0.1,0.722865461044131,1.1159221417471379,-0.4331083657843541,0.6578241554755643,0.9768963959479914,-0.5525024106682104
642,20261560,0.15989355317257853,244052.05717323595,0.13410885017020635,0.025784703002372178,21,0.1125,0.7889149560676404,1.2734884654157563,-0.43689355992878987,0.6578241554755643,0.9768963959479914,-0.5525024106682104
643,20261561,0.15909883629482627,241685.7148877312,0.13410885017020635,0.024989986124619917,22,0.1375,0.8210394761433523,1.2991056459403183,-0.4124424871209327,0.6578241554755643,0.9768963959479914,-0.5525024106682104
644,20261562,0.145376992167377,204398.4334524904,0.13410885017020635,0.011268141997170661,21,0.0875,0.6612141171929685,0.9874081730300514,-0.5037141489030994,0.6578241554755643,0.9768963959479914,-0.5525024106682104
645,20261563,0.14185143674904424,195828.4344297451,0.13410885017020635,0.00774258657883789,22,0.1,0.6706118567610517,1.0176577424107691,-0.502733792462168,0.6578241554755643,0.9768963959479914,-0.5525024106682104
646,20261564,0.14157316959466745,195168.32673024325,0.13410885017020635,0.007464319424461102,23,0.05,0.7280857742141299,1.1222268901074102,-0.49367748013760027,0.6578241554755643,0.9768963959479914,-0.5525024106682104
647,20261565,0.1316698285729604,173142.0378304913,0.13410885017020635,-0.0024390215972459606,23,0.1375,0.6049830186543723,0.8928969258228441,-0.5242618917469843,0.6578241554755643,0.9768963959479914,-0.5525024106682104
648,20261566,0.15139554638586028,219951.44971477072,0.13410885017020635,0.01728669621565393,24,0.075,0.6744565089492278,1.0112377670980262,-0.5684293494062501,0.6578241554755643,0.9768963959479914,-0.5525024106682104
649,20261567,0.16078257853977043,246727.8221638068,0.13410885017020635,0.02667372836956408,22,0.1,0.674535131036516,1.0155838391798444,-0.551577342512614,0.6578241554755643,0.9768963959479914,-0.5525024106682104
650,20261568,0.1487207481891018,212891.37053326948,0.13410885017020635,0.014611898018895453,22,0.125,0.706096872800776,1.0711633337429258,-0.5765430947772481,0.6578241554755643,0.9768963959479914,-0.5525024106682104
651,20261569,0.136780141853061,184159.41846973225,0.13410885017020635,0.002671291682854654,23,0.0625,0.6086986677365778,0.8951183334939051,-0.5934040874677822,0.6578241554755643,0.9768963959479914,-0.5525024106682104
652,20261570,0.14358939332027276,200004.8151857479,0.13410885017020635,0.009480543150066412,21,0.125,0.5573738872547792,0.833101652639877,-0.601865646909985,0.6578241554755643,0.9768963959479914,-0.5525024106682104
653,20261571,0.1389039022284047,188954.21762347172,0.13410885017020635,0.004795052058198357,23,0.15,0.5739009666701582,0.8350007322275128,-0.6271857844504292,0.6578241554755643,0.9768963959479914,-0.5525024106682104
654,20261572,0.14061126205224853,192904.49488432435,0.13410885017020635,0.006502411882042175,23,0.15,0.5602879296343345,0.8274112454437087,-0.6476191059913692,0.6578241554755643,0.9768963959479914,-0.5525024106682104
655,20261573,0.14840310802691586,212068.88736727016,0.13410885017020635,0.014294257856709514,22,0.1125,0.7161241561141354,1.0994054680304208,-0.4448839235474499,0.6578241554755643,0.9768963959479914,-0.5525024106682104
656,20261574,0.1605393608945699,245992.7717179072,0.13410885017020635,0.02643051072436356,21,0.075,0.7459814504584457,1.1680945789164243,-0.5508524738544576,0.6578241554755643,0.9768963959479914,-0.5525024106682104
657,20261575,0.16192278267480098,250204.33100643114,0.13410885017020635,0.02781393250459463,25,0.1625,0.6957873062509021,1.0538078179621475,-0.574290580022482,0.6578241554755643,0.9768963959479914,-0.5525024106682104
658,20261576,0.14479581648815495,202958.96793407635,0.13410885017020635,0.010686966317948604,21,0.0625,0.6030281857648301,0.8726739327885606,-0.597815614215234,0.6578241554755643,0.9768963959479914,-0.5525024106682104
659,20261577,0.1548196593208871,229348.79801052375,0.13410885017020635,0.020710809150680742,23,0.1875,0.7105058604225497,1.0802718627347356,-0.5679120398935763,0.6578241554755643,0.9768963959479914,-0.5525024106682104
660,20261578,0.1510810120410583,219108.6651262871,0.13410885017020635,0.01697216187085196,23,0.0875,0.7182415199465129,1.1001159023986682,-0.5421674485034531,0.6578241554755643,0.9768963959479914,-0.5525024106682104
661,20261579,0.1551908808427252,230392.52360901027,0.13410885017020635,0.021082030672518848,20,0.0625,0.7704601656297714,1.2048415512018096,-0.4720736666043016,0.6578241554755643,0.9768963959479914,-0.5525024106682104
662,20261580,0.165053672598742,260014.83131882767,0.13410885017020635,0.030944822428535662,19,0.1,0.7247214553862436,1.104992791308558,-0.568355612485702,0.6578241554755643,0.9768963959479914,-0.5525024106682104
663,20261581,0.14918239463221072,214092.7069454961,0.13410885017020635,0.015073544462004373,22,0.1125,0.5515437009965529,0.7833428042240962,-0.6845246926283315,0.6578241554755643,0.9768963959479914,-0.5525024106682104
664,20261582,0.1468144816643521,208005.1221767943,0.13410885017020635,0.012705631494145747,24,0.1125,0.5673487084322382,0.8174187549152641,-0.678002576232541,0.6578241554755643,0.9768963959479914,-0.5525024106682104
665,20261583,0.14708272197598474,208685.51225940272,0.13410885017020635,0.012973871805778386,21,0.1,0.6947481859970638,1.0498455448261577,-0.49305481524419525,0.6578241554755643,0.9768963959479914,-0.5525024106682104
666,20261584,0.15050079921269127,217562.86497631486,0.13410885017020635,0.01639194904248492,21,0.0625,0.6961832672933712,1.0791917273228513,-0.5324297398198556,0.6578241554755643,0.9768963959479914,-0.5525024106682104
667,20261585,0.148341880200715,211910.7303580278,0.13410885017020635,0.014233030030508659,20,0.15,0.503084979090731,0.7223911222351115,-0.6969260811519842,0.6578241554755643,0.9768963959479914,-0.5525024106682104
668,20261586,0.14309001212882722,198795.2622155367,0.13410885017020635,0.008981161958620865,21,0.0875,0.6707228014180087,1.017853393616519,-0.4775935431553159,0.6578241554755643,0.9768963959479914,-0.5525024106682104
669,20261587,0.14946868384557369,214841.282873956,0.13410885017020635,0.015359833675367335,21,0.1,0.7137258571781613,1.1258145339189765,-0.4553489154577337,0.6578241554755643,0.9768963959479914,-0.5525024106682104
670,20261588,0.13808049932092795,187079.74832020918,0.13410885017020635,0.003971649150721596,19,0.15,0.784709528628715,1.2440330910294553,-0.3804138721579743,0.6578241554755643,0.9768963959479914,-0.5525024106682104
671,20261589,0.13316740013809816,176296.38745184225,0.13410885017020635,-0.0009414500321081876,22,0.125,0.6553992335013329,1.0059765874826947,-0.44672277068636956,0.6578241554755643,0.9768963959479914,-0.5525024106682104
672,20261590,0.15416909081198643,227531.55759776934,0.13410885017020635,0.02006024064178008,23,0.1,0.756900250363628,1.2034251290797278,-0.44687998272106366,0.6578241554755643,0.9768963959479914,-0.5525024106682104
673,20261591,0.14506009290535404,203612.20603564108,0.13410885017020635,0.010951242735147693,19,0.1125,0.7646776497935741,1.2023478228315374,-0.3789048935756766,0.6578241554755643,0.9768963959479914,-0.5525024106682104
674,20261592,0.15682499257545232,235046.29584363714,0.13410885017020635,0.02271614240524597,22,0.15,0.6124215522379283,0.9165338880872861,-0.6660357504130335,0.6578241554755643,0.9768963959479914,-0.5525024106682104
675,20261593,0.14736180557314169,209395.88745093686,0.13410885017020635,0.013252955402935335,22,0.1,0.7289146039435743,1.1160919435079175,-0.5296876503647463,0.6578241554755643,0.9768963959479914,-0.5525024106682104
676,20261594,0.1468629021350628,208127.7679089044,0.13410885017020635,0.012754051964856461,20,0.05,0.6957526449845286,1.0313068201660174,-0.6059677550440903,0.6578241554755643,0.9768963959479914,-0.5525024106682104
677,20261595,0.16022478369743795,245045.43790643808,0.13410885017020635,0.0261159335272316,24,0.0625,0.7007427921714011,1.0937524422895495,-0.5567852518740264,0.6578241554755643,0.9768963959479914,-0.5525024106682104
678,20261596,0.14047087616911919,192576.42230219755,0.13410885017020635,0.006362025998912835,23,0.0875,0.5732152407522749,0.8297668995950115,-0.6202125498666724,0.6578241554755643,0.9768963959479914,-0.5525024106682104
679,20261597,0.15819368993598282,239019.64783934344,0.13410885017020635,0.024084839765776467,20,0.125,0.828116361381892,1.30330427847062,-0.43347434372323757,0.6578241554755643,0.9768963959479914,-0.5525024106682104
680,20261598,0.1361784788949149,182824.5623294527,0.13410885017020635,0.002069628724708561,21,0.05,0.594476045980003,0.8891841033476013,-0.5890402951368932,0.6578241554755643,0.9768963959479914,-0.5525024106682104
681,20261599,0.13697378715850458,184591.23244569445,0.13410885017020635,0.0028649369882982334,19,0.1,0.5660413955172274,0.8285732420795232,-0.5568883491061849,0.6578241554755643,0.9768963959479914,-0.5525024106682104
682,20261600,0.16160358736860142,249225.99167538428,0.13410885017020635,0.02749473719839507,21,0.05,0.7597464093553491,1.1779401065114374,-0.5255785641852903,0.6578241554755643,0.9768963959479914,-0.5525024106682104
683,20261601,0.15092620026574863,218695.0944669178,0.13410885017020635,0.016817350095542277,22,0.15,0.7113646465472969,1.1096287212193992,-0.47024629103564586,0.6578241554755643,0.9768963959479914,-0.5525024106682104
684,20261602,0.14366241984616812,200182.34129775257,0.13410885017020635,0.00955356967596177,24,0.1,0.6767026086401551,1.0268112871745567,-0.5419928099178647,0.6578241554755643,0.9768963959479914,-0.5525024106682104
685,20261603,0.1655422755472625,261581.51273347784,0.13410885017020635,0.03143342537705615,22,0.0625,0.7974658290562398,1.2595438473816927,-0.5402777327564205,0.6578241554755643,0.9768963959479914,-0.5525024106682104
686,20261604,0.13587882598252116,182163.57239676118,0.13410885017020635,0.0017699758123148057,24,0.1125,0.639672355713894,0.9644545637292725,-0.4966925697542317,0.6578241554755643,0.9768963959479914,-0.5525024106682104
687,20261605,0.15451965521452898,228508.91627922974,0.13410885017020635,0.020410805044322633,23,0.1375,0.587546559209605,0.8829915536203743,-0.6525484630895965,0.6578241554755643,0.9768963959479914,-0.5525024106682104
688,20261606,0.15246076475114323,222830.9637844516,0.13410885017020635,0.01835191458093688,20,0.1,0.856137985791184,1.3717683206138824,-0.32406031965511106,0.6578241554755643,0.9768963959479914,-0.5525024106682104
689,20261607,0.15879535146398885,240788.37808687377,0.13410885017020635,0.024686501293782498,22,0.1125,0.7814208988840146,1.2319396028442038,-0.45184653340370373,0.6578241554755643,0.9768963959479914,-0.5525024106682104
690,20261608,0.14551038479293665,204730.33467274543,0.13410885017020635,0.011401534622730303,21,0.1,0.6991778957574809,1.0666152989055444,-0.5334227472919868,0.6578241554755643,0.9768963959479914,-0.5525024106682104
691,20261609,0.14877727185769504,213038.08073281284,0.13410885017020635,0.014668421687488692,23,0.0875,0.7069480046756866,1.0697845622544693,-0.5515399033191806,0.6578241554755643,0.9768963959479914,-0.5525024106682104
692,20261610,0.15381906355745392,226560.05425435922,0.13410885017020635,0.01971021338724757,25,0.1375,0.7116018005319856,1.0955566041847735,-0.5522159839261767,0.6578241554755643,0.9768963959479914,-0.5525024106682104
693,20261611,0.14060586458338767,192891.87046161806,0.13410885017020635,0.006497014413181318,24,0.025,0.6721528784185057,1.036403328509109,-0.4785051153463883,0.6578241554755643,0.9768963959479914,-0.5525024106682104
694,20261612,0.14262834291293455,197683.9027355851,0.13410885017020635,0.008519492742728202,20,0.0375,0.8883430178406581,1.470993039549162,-0.3222053205417198,0.6578241554755643,0.9768963959479914,-0.5525024106682104
695,20261613,0.14947149412396307,214848.64464718627,0.13410885017020635,0.015362643953756722,21,0.0625,0.5970274417599616,0.8650153162997455,-0.6076063478701086,0.6578241554755643,0.9768963959479914,-0.5525024106682104
696,20261614,0.14926470357179394,214307.64408228212,0.13410885017020635,0.015155853401587593,23,0.15,0.5717242183124692,0.8342490031982154,-0.6067669039916501,0.6578241554755643,0.9768963959479914,-0.5525024106682104
697,20261615,0.14897281845227003,213546.45088103897,0.13410885017020635,0.014863968282063683,24,0.1,0.6753595884003176,1.0165856826124218,-0.585445359730062,0.6578241554755643,0.9768963959479914,-0.5525024106682104
698,20261616,0.15600933580143841,232711.2513483311,0.13410885017020635,0.021900485631232064,23,0.1875,0.6188699074663477,0.9363645617455869,-0.5851855819150278,0.6578241554755643,0.9768963959479914,-0.5525024106682104
699,20261617,0.16077281814177757,246698.2803864371,0.13410885017020635,0.026663967971571223,22,0.075,0.8114214819950718,1.2742307309577992,-0.4434444956819743,0.6578241554755643,0.9768963959479914,-0.5525024106682104
700,20261618,0.13456577967056438,179296.88275265676,0.13410885017020635,0.0004569295003580276,23,0.125,0.6761537515388568,1.04561950337296,-0.4892977574815458,0.6578241554755643,0.9768963959479914,-0.5525024106682104
701,20261619,0.1509690622336637,218809.51581916216,0.13410885017020635,0.016860212063457336,24,0.1,0.7699912205995925,1.195720800906303,-0.5040911659717465,0.6578241554755643,0.9768963959479914,-0.5525024106682104
702,20261620,0.1433609840158416,199450.62551092883,0.13410885017020635,0.009252133845635252,21,0.075,0.5966044326937981,0.8687364201852751,-0.6544135002087883,0.6578241554755643,0.9768963959479914,-0.5525024106682104
703,20261621,0.13464505557375656,179468.5980151064,0.13410885017020635,0.0005362054035502051,22,0.0875,0.7598051193992346,1.1736179641216216,-0.4541119278404606,0.6578241554755643,0.9768963959479914,-0.5525024106682104
704,20261622,0.14658426589958504,207423.0389994258,0.13410885017020635,0.012475415729378686,20,0.125,0.6427674972407803,0.9605732639294247,-0.512801959299277,0.6578241554755643,0.9768963959479914,-0.5525024106682104
705,20261623,0.15161327826650547,220536.84272143294,0.13410885017020635,0.017504428096299124,19,0.125,0.6830376010170994,1.0257251073625215,-0.540826533354196,0.6578241554755643,0.9768963959479914,-0.5525024106682104
706,20261624,0.14037208738932194,192345.9123085813,0.13410885017020635,0.006263237219115592,23,0.1375,0.7006942244920781,1.0827377382396437,-0.5055347687782097,0.6578241554755643,0.9768963959479914,-0.5525024106682104
707,20261625,0.1512892679712368,219666.30109204,0.13410885017020635,0.01718041780103044,25,0.1,0.6518703407443487,1.000558286201611,-0.5479428197456312,0.6578241554755643,0.9768963959479914,-0.5525024106682104
708,20261626,0.1507003590943767,218093.23861165237,0.13410885017020635,0.016591508924170356,22,0.0625,0.6396025618349511,0.9412929537307316,-0.6133565245578798,0.6578241554755643,0.9768963959479914,-0.5525024106682104
709,20261627,0.14168505401139944,195433.457511657,0.13410885017020635,0.007576203841193091,21,0.15,0.669764933103742,1.0190657948940902,-0.48272903870296413,0.6578241554755643,0.9768963959479914,-0.5525024106682104
710,20261628,0.1536291568769786,226034.7820929684,0.13410885017020635,0.01952030670677224,25,0.075,0.742972561129864,1.1732680968925524,-0.488026334057139,0.6578241554755643,0.9768963959479914,-0.5525024106682104
711,20261629,0.13644477458034707,183414.10160748352,0.13410885017020635,0.002335924410140716,21,0.075,0.6993828204679431,1.069157206501758,-0.4543560679727373,0.6578241554755643,0.9768963959479914,-0.5525024106682104
712,20261630,0.14350419945070203,199797.91991293465,0.13410885017020635,0.00939534928049568,23,0.0875,0.879749008778861,1.4399702332388271,-0.37649869095343247,0.6578241554755643,0.9768963959479914,-0.5525024106682104
713,20261631,0.15193087528592983,221393.65895692608,0.13410885017020635,0.017822025115723478,22,0.175,0.7591325635909207,1.1972261464234026,-0.46029957174492997,0.6578241554755643,0.9768963959479914,-0.5525024106682104
714,20261632,0.13261126411143095,175117.9313523884,0.13410885017020635,-0.0014975860587753964,21,0.0375,0.5377504199685702,0.7620486108593127,-0.6441024099522867,0.6578241554755643,0.9768963959479914,-0.5525024106682104
715,20261633,0.1376356945430432,186075.3385235815,0.13410885017020635,0.003526844372836846,25,0.0875,0.6208071051601174,0.9372269458721987,-0.4996546130921824,0.6578241554755643,0.9768963959479914,-0.5525024106682104
716,20261634,0.16024297230813714,245100.10844273822,0.13410885017020635,0.026134122137930788,22,0.075,0.6165447205192617,0.9225934645407801,-0.6921350234810298,0.6578241554755643,0.9768963959479914,-0.5525024106682104
717,20261635,0.15869770353541574,240500.39367328407,0.13410885017020635,0.024588853365209384,21,0.05,0.6831064160760268,1.0513939202799045,-0.6010906813231521,0.6578241554755643,0.9768963959479914,-0.5525024106682104
718,20261636,0.1617218027504448,249587.85923941366,0.13410885017020635,0.027612952580238437,22,0.125,0.6791521369953631,1.0292218197769778,-0.6213137378560604,0.6578241554755643,0.9768963959479914,-0.5525024106682104
719,20261637,0.1491989545926713,214135.93256488288,0.13410885017020635,0.015090104422464945,20,0.1,0.8317152547653217,1.3132130627044407,-0.4002592192770369,0.6578241554755643,0.9768963959479914,-0.5525024106682104
720,20261638,0.15255689766211308,223092.76524412626,0.13410885017020635,0.018448047491906733,21,0.125,0.7222584983695368,1.1259731798398396,-0.46996802366585344,0.6578241554755643,0.9768963959479914,-0.5525024106682104
721,20261639,0.16066906544921594,246384.4797525032,0.13410885017020635,0.02656021527900959,22,0.15,0.7421586969757862,1.1509322754327338,-0.4488425846524806,0.6578241554755643,0.9768963959479914,-0.5525024106682104
722,20261640,0.1420115473421922,196209.31630092693,0.13410885017020635,0.007902697171985856,23,0.1125,0.6777268887807089,1.0364005413962223,-0.5308356273177699,0.6578241554755643,0.9768963959479914,-0.5525024106682104
723,20261641,0.15346786495602285,225589.65676588094,0.13410885017020635,0.019359014785816503,22,0.0375,0.7834299108141382,1.2185851306172384,-0.50538933032178,0.6578241554755643,0.9768963959479914,-0.5525024106682104
724,20261642,0.16485365698646343,259376.3031621477,0.13410885017020635,0.030744806816257075,23,0.1375,0.7947433058204346,1.2369373442467757,-0.4911465136098181,0.6578241554755643,0.9768963959479914,-0.5525024106682104
725,20261643,0.15002654018040998,216307.83329170322,0.13410885017020635,0.015917690010203628,23,0.1375,0.7508057784101301,1.1593191803778957,-0.4927575802830564,0.6578241554755643,0.9768963959479914,-0.5525024106682104
726,20261644,0.15809488179482434,238730.474265319,0.13410885017020635,0.023986031624617987,23,0.1125,0.7484260855545289,1.1634134406085868,-0.5563246648990778,0.6578241554755643,0.9768963959479914,-0.5525024106682104
727,20261645,0.13586272327431964,182128.12390563224,0.13410885017020635,0.0017538731041132904,23,0.05,0.6897826467760035,1.0385405772860015,-0.48209953049989607,0.6578241554755643,0.9768963959479914,-0.5525024106682104
728,20261646,0.14931981224346355,214451.67834792924,0.13410885017020635,0.0152109620732572,23,0.0625,0.6838613560491423,1.0552768556718028,-0.567567901732256,0.6578241554755643,0.9768963959479914,-0.5525024106682104
729,20261647,0.15360167255048623,225958.86737627652,0.13410885017020635,0.019492822380279884,20,0.075,0.8149736005321373,1.2885490854455166,-0.4483426078957097,0.6578241554755643,0.9768963959479914,-0.5525024106682104
730,20261648,0.16053376327797927,245975.8814999391,0.13410885017020635,0.026424913107772924,20,0.1125,0.9444738885263024,1.5552776658387029,-0.3379365697391822,0.6578241554755643,0.9768963959479914,-0.5525024106682104
731,20261649,0.15923710002667205,242095.6842897466,0.13410885017020635,0.025128249856465695,22,0.1375,0.7435867398164901,1.146985084785945,-0.436692905334369,0.6578241554755643,0.9768963959479914,-0.5525024106682104
732,20261650,0.1527999314118977,223756.06195582947,0.13410885017020635,0.01869108124169136,21,0.05,0.7385956047350108,1.1577175061319296,-0.46883312739510397,0.6578241554755643,0.9768963959479914,-0.5525024106682104
733,20261651,0.13204215974315242,173920.64572546165,0.13410885017020635,-0.00206669042705393,22,0.125,0.6409767608955481,0.951336901907327,-0.4488611059018186,0.6578241554755643,0.9768963959479914,-0.5525024106682104
734,20261652,0.16141059062915056,248636.38410765489,0.13410885017020635,0.027301740458944207,22,0.1125,0.7684159109102799,1.2156160485418628,-0.42092157432446653,0.6578241554755643,0.9768963959479914,-0.5525024106682104
735,20261653,0.15096000470787108,218785.33124964652,0.13410885017020635,0.016851154537664725,22,0.1375,0.7950558960444122,1.2497188830189612,-0.4450620275052717,0.6578241554755643,0.9768963959479914,-0.5525024106682104
736,20261654,0.1482922558195597,211782.6368914177,0.13410885017020635,0.014183405649353359,23,0.0875,0.7376266742650417,1.156352119458119,-0.43294786317245604,0.6578241554755643,0.9768963959479914,-0.5525024106682104
737,20261655,0.142795737269834,198086.10698282617,0.13410885017020635,0.008686887099627644,20,0.0875,0.7281139570023627,1.1330180557165401,-0.47221885150170384,0.6578241554755643,0.9768963959479914,-0.5525024106682104
738,20261656,0.14279835992072734,198092.41537104477,0.13410885017020635,0.00868950975052099,22,0.125,0.7671684186971125,1.1988926500541732,-0.41867122370228427,0.6578241554755643,0.9768963959479914,-0.5525024106682104
739,20261657,0.14148547985003804,194960.79474475578,0.13410885017020635,0.007376629679831687,23,0.1,0.6287735556162991,0.9424912692796606,-0.5654940622812342,0.6578241554755643,0.9768963959479914,-0.5525024106682104
740,20261658,0.15617285852199253,233177.43290557488,0.13410885017020635,0.02206400835178618,22,0.1375,0.7462924566021581,1.1612795482609515,-0.5179027745857145,0.6578241554755643,0.9768963959479914,-0.5525024106682104
741,20261659,0.15294695389824556,224158.3223187682,0.13410885017020635,0.018838103728039207,22,0.1,0.7534549312729446,1.176017017480616,-0.4857268378293971,0.6578241554755643,0.9768963959479914,-0.5525024106682104
742,20261660,0.1512886985697199,219664.7744111418,0.13410885017020635,0.01717984839951356,21,0.1,0.8152445362610129,1.3113869449509443,-0.36464629146576866,0.6578241554755643,0.9768963959479914,-0.5525024106682104
743,20261661,0.14102938665033235,193885.12217052915,0.13410885017020635,0.006920536480125999,22,0.0875,0.6998130585286593,1.0744878694358566,-0.5516753292067373,0.6578241554755643,0.9768963959479914,-0.5525024106682104
744,20261662,0.14826920133522833,211723.15489643769,0.13410885017020635,0.014160351165021984,24,0.0375,0.6953661986266324,1.0494069061858153,-0.589621501011948,0.6578241554755643,0.9768963959479914,-0.5525024106682104
745,20261663,0.1528875428240594,223995.67985978923,0.13410885017020635,0.01877869265385304,20,0.0875,0.8240736394433468,1.290035362151479,-0.44646531543522505,0.6578241554755643,0.9768963959479914,-0.5525024106682104
746,20261664,0.13528644427608458,180864.2993018467,0.13410885017020635,0.0011775941058782269,23,0.0375,0.44235213157803344,0.622844341883058,-0.7482423368208397,0.6578241554755643,0.9768963959479914,-0.5525024106682104
747,20261665,0.1458013879376952,205456.36255068358,0.13410885017020635,0.011692537767488853,21,0.1,0.7293067491337778,1.1426144307482913,-0.41708580099431525,0.6578241554755643,0.9768963959479914,-0.5525024106682104
748,20261666,0.15219092678426796,222097.8224996621,0.13410885017020635,0.01808207661406161,23,0.075,0.7892694369098266,1.2293386914622007,-0.5083508958482548,0.6578241554755643,0.9768963959479914,-0.5525024106682104
749,20261667,0.1391347465149629,189483.28597969902,0.13410885017020635,0.0050258963447565586,23,0.0625,0.6625710035493043,0.9907331989288511,-0.5806443510705412,0.6578241554755643,0.9768963959479914,-0.5525024106682104
750,20261668,0.15315113257029953,224718.21966503622,0.13410885017020635,0.019042282400093175,24,0.125,0.7456482330546291,1.1622780508118737,-0.513243613341517,0.6578241554755643,0.9768963959479914,-0.5525024106682104
751,20261669,0.13682794872860973,184265.92465254094,0.13410885017020635,0.002719098558403382,20,0.0875,0.784609245605927,1.2169431428894377,-0.38760932562549166,0.6578241554755643,0.9768963959479914,-0.5525024106682104
752,20261670,0.14527275878021273,204139.47860161666,0.13410885017020635,0.011163908610006379,22,0.0875,0.7544032649304135,1.2035705708959403,-0.4218238436526721,0.6578241554755643,0.9768963959479914,-0.5525024106682104
753,20261671,0.15054558439302604,217681.77359693157,0.13410885017020635,0.016436734222819688,21,0.125,0.6231278242828326,0.9062065349516155,-0.5984662086512421,0.6578241554755643,0.9768963959479914,-0.5525024106682104
754,20261672,0.15700165805800467,235555.26315570125,0.13410885017020635,0.022892807887798322,21,0.0875,0.7088077328976009,1.0707002877854113,-0.5296581454038722,0.6578241554755643,0.9768963959479914,-0.5525024106682104
755,20261673,0.15604090002099785,232801.1609214616,0.13410885017020635,0.021932049850791502,23,0.1,0.776324198604899,1.224258065382576,-0.4209887896642356,0.6578241554755643,0.9768963959479914,-0.5525024106682104
756,20261674,0.14217710545725223,196603.97820322117,0.13410885017020635,0.008068255287045883,23,0.0875,0.7189680378426012,1.11062071171668,-0.5073673405487297,0.6578241554755643,0.9768963959479914,-0.5525024106682104
757,20261675,0.15221905583785947,222174.13027610243,0.13410885017020635,0.018110205667653118,21,0.05,0.6916723860932043,1.0322558367967165,-0.5906776562478818,0.6578241554755643,0.9768963959479914,-0.5525024106682104
758,20261676,0.14876996251616179,213019.10297826256,0.13410885017020635,0.014661112345955435,21,0.0875,0.8092484929776841,1.2947260219600134,-0.40337332487424304,0.6578241554755643,0.9768963959479914,-0.5525024106682104
759,20261677,0.14684164249147008,208073.90933935766,0.13410885017020635,0.01273279232126373,22,0.0625,0.7542546480608723,1.1662511062746095,-0.45603814425913103,0.6578241554755643,0.9768963959479914,-0.5525024106682104
760,20261678,0.16383336842755972,256144.38086396677,0.13410885017020635,0.029724518257353366,20,0.1125,0.8619092026853259,1.3855889097725886,-0.4209500630806735,0.6578241554755643,0.9768963959479914,-0.5525024106682104
761,20261679,0.15274643423651918,223609.87861787112,0.13410885017020635,0.01863758406631283,23,0.1,0.682287277052048,1.0313804451192001,-0.5558065300847845,0.6578241554755643,0.9768963959479914,-0.5525024106682104
762,20261680,0.14550818710685037,204724.86190627812,0.13410885017020635,0.011399336936644022,25,0.075,0.682870084489323,1.0406158801858383,-0.5200415233044763,0.6578241554755643,0.9768963959479914,-0.5525024106682104
763,20261681,0.15687358359155137,235186.1704450591,0.13410885017020635,0.022764733421345024,23,0.0875,0.7100278173032422,1.0835399414083056,-0.6149788793509934,0.6578241554755643,0.9768963959479914,-0.5525024106682104
764,20261682,0.16085801835973898,246956.27994100662,0.13410885017020635,0.02674916818953263,21,0.15,0.824026244404669,1.3215283673780183,-0.46487377705709054,0.6578241554755643,0.9768963959479914,-0.5525024106682104
765,20261683,0.1457581531941532,205348.32463166694,0.13410885017020635,0.011649303023946844,19,0.1,0.7335586469959579,1.1461794065349402,-0.4926244929609931,0.6578241554755643,0.9768963959479914,-0.5525024106682104
766,20261684,0.14610823612853874,206224.85426228397,0.13410885017020635,0.011999385958332387,24,0.1625,0.6461105529004146,0.9885367879112616,-0.5952347826552613,0.6578241554755643,0.9768963959479914,-0.5525024106682104
767,20261685,0.15384256230096574,226625.13923438214,0.13410885017020635,0.01973371213075939,18,0.0625,0.8078129143158103,1.2718248202053977,-0.4062364704336211,0.6578241554755643,0.9768963959479914,-0.5525024106682104
768,20261686,0.13998253210280145,191439.77248161362,0.13410885017020635,0.005873681932595104,22,0.0875,0.6486804301611554,0.976331526409831,-0.5422783839990108,0.6578241554755643,0.9768963959479914,-0.5525024106682104
769,20261687,0.13952037228796055,190370.58790897817,0.13410885017020635,0.005411522117754197,22,0.1,0.7544172527555492,1.1870121831985925,-0.3778331422536221,0.6578241554755643,0.9768963959479914,-0.5525024106682104
770,20261688,0.1556325805792473,231640.87143144762,0.13410885017020635,0.02152373040904096,21,0.1125,0.7189440215030426,1.0767178657871268,-0.5014568954328689,0.6578241554755643,0.9768963959479914,-0.5525024106682104
771,20261689,0.15502368019980078,229921.8099611475,0.13410885017020635,0.020914830029594433,22,0.1125,0.7376268467788338,1.138874310316475,-0.4892112203555157,0.6578241554755643,0.9768963959479914,-0.5525024106682104
772,20261690,0.1381193912537929,187167.84187716577,0.13410885017020635,0.004010541083586561,23,0.075,0.556688063694458,0.8076607698848994,-0.6642496624288245,0.6578241554755643,0.9768963959479914,-0.5525024106682104
773,20261691,0.13958207863611807,190512.97721603667,0.13410885017020635,0.0054732284659117225,21,0.125,0.6895585901776747,1.0279798056350884,-0.5295808884807632,0.6578241554755643,0.9768963959479914,-0.5525024106682104
774,20261692,0.16304176653334074,253665.68837692545,0.13410885017020635,0.028932916363134387,21,0.075,0.8537220477254476,1.3583644257015242,-0.4159577512451593,0.6578241554755643,0.9768963959479914,-0.5525024106682104
775,20261693,0.16607715189727945,263307.8021085771,0.13410885017020635,0.0319683017270731,23,0.1,0.8031717004535862,1.2598415458924737,-0.47221514993500036,0.6578241554755643,0.9768963959479914,-0.5525024106682104
776,20261694,0.15655905719227134,234282.3073132079,0.13410885017020635,0.02245020702206499,22,0.1125,0.69332210684778,1.051020220657454,-0.6293300397122963,0.6578241554755643,0.9768963959479914,-0.5525024106682104
777,20261695,0.16959091597496775,274945.9046342826,0.13410885017020635,0.035482065804761403,23,0.0875,0.7527192193832711,1.162641272455375,-0.5462542248139184,0.6578241554755643,0.9768963959479914,-0.5525024106682104
778,20261696,0.15617546577074412,233184.87371505506,0.13410885017020635,0.02206661560053777,22,0.075,0.7471853735045184,1.1754950019766193,-0.41751512886181674,0.6578241554755643,0.9768963959479914,-0.5525024106682104
779,20261697,0.14602813499453127,206023.9525690966,0.13410885017020635,0.011919284824324916,26,0.15,0.6739517257807042,1.0337949247023444,-0.5649263902527606,0.6578241554755643,0.9768963959479914,-0.5525024106682104
780,20261698,0.1507879346870027,218326.41715934183,0.13410885017020635,0.01667908451679634,19,0.15,0.7424119597092879,1.1387061615014606,-0.5114711195472371,0.6578241554755643,0.9768963959479914,-0.5525024106682104
781,20261699,0.13243079411484007,174737.31288429262,0.13410885017020635,-0.0016780560553662782,23,0.125,0.6391313128097309,0.9803529184240314,-0.5209966720650404,0.6578241554755643,0.9768963959479914,-0.5525024106682104
782,20261700,0.1512634166617172,219596.99968719995,0.13410885017020635,0.017154566491510842,23,0.05,0.6294382094198114,0.9306221746094764,-0.601865005501544,0.6578241554755643,0.9768963959479914,-0.5525024106682104
783,20261701,0.14199228279737444,196163.4472144418,0.13410885017020635,0.007883432627168091,22,0.075,0.6070063031732372,0.9117888105797805,-0.5713288680579598,0.6578241554755643,0.9768963959479914,-0.5525024106682104
784,20261702,0.13695805652937854,184556.11442964562,0.13410885017020635,0.002849206359172185,21,0.075,0.6298427552548305,0.9513284290679195,-0.5751714012375009,0.6578241554755643,0.9768963959479914,-0.5525024106682104
785,20261703,0.15165987394022767,220662.3313915274,0.13410885017020635,0.017551023770021323,22,0.1125,0.6551508529295306,0.990291329375938,-0.6032068402306902,0.6578241554755643,0.9768963959479914,-0.5525024106682104
786,20261704,0.14564837491659863,205074.27141027935,0.13410885017020635,0.011539524746392277,21,0.1375,0.7948397807945318,1.262522994997768,-0.41950890669115104,0.6578241554755643,0.9768963959479914,-0.5525024106682104
787,20261705,0.15457837206879646,228673.04480441805,0.13410885017020635,0.02046952189859011,22,0.125,0.76743915806673,1.1772567341559041,-0.4772158168090477,0.6578241554755643,0.9768963959479914,-0.5525024106682104
788,20261706,0.15162068064183915,220556.77336169643,0.13410885017020635,0.017511830471632794,21,0.125,0.7942054214361695,1.2458042408532977,-0.4802689926596878,0.6578241554755643,0.9768963959479914,-0.5525024106682104
789,20261707,0.16386539019982047,256245.1765064937,0.13410885017020635,0.029756540029614115,22,0.125,0.7177074353561101,1.1181516869453192,-0.5566414820753485,0.6578241554755643,0.9768963959479914,-0.5525024106682104
790,20261708,0.15700938039735662,235577.53716432082,0.13410885017020635,0.022900530227150273,24,0.0875,0.8609407244721624,1.4025410429909975,-0.40125723800616364,0.6578241554755643,0.9768963959479914,-0.5525024106682104
791,20261709,0.13550566830080787,181343.97676651392,0.13410885017020635,0.0013968181306015237,22,0.075,0.5973227470361148,0.8827597276501297,-0.5912309363836428,0.6578241554755643,0.9768963959479914,-0.5525024106682104
792,20261710,0.1609783975003276,247321.285446562,0.13410885017020635,0.026869547330121257,21,0.075,0.658364705181251,0.982929009323209,-0.6491221963762088,0.6578241554755643,0.9768963959479914,-0.5525024106682104
793,20261711,0.14622266308493034,206512.20572136514,0.13410885017020635,0.012113812914723993,23,0.15,0.6668168697838506,1.0116196394210586,-0.5496195107762707,0.6578241554755643,0.9768963959479914,-0.5525024106682104
794,20261712,0.13687657447565335,184374.32199842227,0.13410885017020635,0.002767724305447,20,0.1125,0.767977991452677,1.2067605420013487,-0.41160226713040604,0.6578241554755643,0.9768963959479914,-0.5525024106682104
795,20261713,0.1528118131973354,223788.5430113385,0.13410885017020635,0.018702963027129038,20,0.1625,0.8215817685729062,1.3168771997394815,-0.43468384371488866,0.6578241554755643,0.9768963959479914,-0.5525024106682104
796,20261714,0.1503533306475789,217171.8035885892,0.13410885017020635,0.016244480477372536,18,0.05,0.583051556215471,0.8444838202296248,-0.6763870549631246,0.6578241554755643,0.9768963959479914,-0.5525024106682104
797,20261715,0.14899832286519882,213612.84943274036,0.13410885017020635,0.014889472694992467,23,0.1125,0.7021932972959002,1.0789998452076213,-0.5331649069386493,0.6578241554755643,0.9768963959479914,-0.5525024106682104
798,20261716,0.1628318897695063,253012.70360081253,0.13410885017020635,0.02872303959929995,20,0.0875,0.7579658264302186,1.1732764958707411,-0.5463171075745501,0.6578241554755643,0.9768963959479914,-0.5525024106682104
799,20261717,0.15225005488081958,222258.25546320603,0.13410885017020635,0.01814120471061323,22,0.1,0.697926755992313,1.0826051611354652,-0.5113172341268437,0.6578241554755643,0.9768963959479914,-0.5525024106682104
800,20261718,0.13940789799543482,190111.3389650095,0.13410885017020635,0.00529904782522847,21,0.125,0.68063308748822,1.0293817020071243,-0.5345673392735086,0.6578241554755643,0.9768963959479914,-0.5525024106682104
801,20261719,0.13133120438924922,172437.13085328517,0.13410885017020635,-0.0027776457809571276,23,0.1625,0.6256149333953955,0.9824016146528225,-0.5151924442771006,0.6578241554755643,0.9768963959479914,-0.5525024106682104
802,20261720,0.14547822880758937,204650.27387752617,0.13410885017020635,0.01136937863738302,21,0.0875,0.719301420833233,1.1004423497281506,-0.5043191390675049,0.6578241554755643,0.9768963959479914,-0.5525024106682104
803,20261721,0.16611918604638792,263443.9653306716,0.13410885017020635,0.03201033587618157,20,0.1625,0.9330769233930147,1.5358226103648043,-0.34696002255545333,0.6578241554755643,0.9768963959479914,-0.5525024106682104
804,20261722,0.1391080623186599,189422.0490018277,0.13410885017020635,0.004999212148453558,24,0.0375,0.6391528440509076,0.9812433951897712,-0.546112330525333,0.6578241554755643,0.9768963959479914,-0.5525024106682104
805,20261723,0.14353315026268257,199868.20234210606,0.13410885017020635,0.009424300092476218,24,0.075,0.55709350959874,0.8079946304429118,-0.6141026147728819,0.6578241554755643,0.9768963959479914,-0.5525024106682104
806,20261724,0.15699044092173842,235522.91280687365,0.13410885017020635,0.022881590751532066,24,0.1125,0.7308826566447278,1.1382872377901103,-0.5566409622045982,0.6578241554755643,0.9768963959479914,-0.5525024106682104
807,20261725,0.14589391090154358,205687.76599572148,0.13410885017020635,0.011785060731337227,22,0.1,0.6248439297232429,0.9283153800991232,-0.6260186711087439,0.6578241554755643,0.9768963959479914,-0.5525024106682104
808,20261726,0.14284087073474294,198194.6981921237,0.13410885017020635,0.008732020564536591,22,0.1,0.7324824379606881,1.1273672091795552,-0.5052606899994881,0.6578241554755643,0.9768963959479914,-0.5525024106682104
809,20261727,0.1517060810843639,220786.84751394426,0.13410885017020635,0.017597230914157547,22,0.125,0.7726757010561517,1.2184456103787402,-0.46628638073268636,0.6578241554755643,0.9768963959479914,-0.5525024106682104
810,20261728,0.13674133755901638,184073.0165036209,0.13410885017020635,0.0026324873888100286,25,0.1125,0.5273212660978558,0.782645445930468,-0.5671746293817458,0.6578241554755643,0.9768963959479914,-0.5525024106682104
811,20261729,0.15140049701095779,219964.74185456443,0.13410885017020635,0.017291646840751435,20,0.1625,0.7364734468804663,1.13420334211038,-0.45737800696322584,0.6578241554755643,0.9768963959479914,-0.5525024106682104
812,20261730,0.14931211169855363,214431.5457916439,0.13410885017020635,0.015203261528347278,23,0.0875,0.6700341402881348,1.0272681906502226,-0.5507273969885067,0.6578241554755643,0.9768963959479914,-0.5525024106682104
813,20261731,0.1300095865896643,169714.98595180985,0.13410885017020635,-0.004099263580542051,22,0.125,0.5012950090134664,0.709661496769413,-0.6692067794708219,0.6578241554755643,0.9768963959479914,-0.5525024106682104
814,20261732,0.14025269406145055,192067.71291342328,0.13410885017020635,0.0061438438912441995,22,0.125,0.6051061872685746,0.8867970821020735,-0.6004974143122266,0.6578241554755643,0.9768963959479914,-0.5525024106682104
815,20261733,0.14565056678271504,205079.73947645747,0.13410885017020635,0.01154171661250869,23,0.1,0.7227278308461841,1.133941286515208,-0.5172591848968171,0.6578241554755643,0.9768963959479914,-0.5525024106682104
816,20261734,0.16911657019713427,273344.1869260971,0.13410885017020635,0.035007720026927924,21,0.05,0.7836017628895898,1.237709410728441,-0.47046823427726414,0.6578241554755643,0.9768963959479914,-0.5525024106682104
817,20261735,0.14920088144734597,214140.9627295802,0.13410885017020635,0.015092031277139623,22,0.125,0.6226430156401741,0.9251209867113149,-0.5734309002450865,0.6578241554755643,0.9768963959479914,-0.5525024106682104
818,20261736,0.15504578159943766,229983.97354161897,0.13410885017020635,0.02093693142923131,22,0.1375,0.8274133960509417,1.3013086857556497,-0.3929111930246091,0.6578241554755643,0.9768963959479914,-0.5525024106682104
819,20261737,0.16362371697474215,255485.4729961547,0.13410885017020635,0.0295148668045358,21,0.1,0.6006731700614485,0.9023701816770001,-0.7094542680078901,0.6578241554755643,0.9768963959479914,-0.5525024106682104
820,20261738,0.1417539828172573,195596.98601848463,0.13410885017020635,0.0076451326470509395,19,0.1375,0.6298056297826937,0.9600255366658461,-0.5133330646175536,0.6578241554755643,0.9768963959479914,-0.5525024106682104
821,20261739,0.14738949456572564,209466.50490811392,0.13410885017020635,0.013280644395519292,23,0.1125,0.7663145340679571,1.1931194114970474,-0.47245116141984367,0.6578241554755643,0.9768963959479914,-0.5525024106682104
822,20261740,0.1578394308187134,237984.55610205082,0.13410885017020635,0.023730580648507055,21,0.0375,0.8300035863244626,1.3148491304990986,-0.4418002233996454,0.6578241554755643,0.9768963959479914,-0.5525024106682104
823,20261741,0.1451099712852152,203735.74318219355,0.13410885017020635,0.011001121115008838,21,0.1,0.7390860984386702,1.1474215932436378,-0.4580888913215977,0.6578241554755643,0.9768963959479914,-0.5525024106682104
824,20261742,0.14851054024195226,212346.693833972,0.13410885017020635,0.01440169007174591,21,0.1125,0.708129870065103,1.109269561313329,-0.4631012654148169,0.6578241554755643,0.9768963959479914,-0.5525024106682104
825,20261743,0.1543945007128082,228159.48829433162,0.13410885017020635,0.02028565054260184,22,0.125,0.6865875470643159,1.0444097326850879,-0.5595054549620582,0.6578241554755643,0.9768963959479914,-0.5525024106682104
826,20261744,0.14274547032716062,197965.23837448534,0.13410885017020635,0.008636620156954267,21,0.1375,0.6968733386614623,1.045763762970676,-0.4430960815466545,0.6578241554755643,0.9768963959479914,-0.5525024106682104
827,20261745,0.15596934927617687,232597.40317194475,0.13410885017020635,0.021860499105970516,22,0.1,0.8146712103782091,1.3116554911626046,-0.40693334014170823,0.6578241554755643,0.9768963959479914,-0.5525024106682104
828,20261746,0.15293951904372144,224137.9620637308,0.13410885017020635,0.01883066887351509,20,0.1,0.678963935482376,1.0357941571978821,-0.5353471074402834,0.6578241554755643,0.9768963959479914,-0.5525024106682104
829,20261747,0.1518632100711122,221210.8194544088,0.13410885017020635,0.017754359900905847,20,0.0875,0.7409374383871995,1.1396744563414536,-0.517494192030308,0.6578241554755643,0.9768963959479914,-0.5525024106682104
830,20261748,0.1574343927157278,236806.81974366808,0.13410885017020635,0.023325542545521438,21,0.125,0.7824776266944121,1.2372738414544113,-0.46955162506105885,0.6578241554755643,0.9768963959479914,-0.5525024106682104
831,20261749,0.14678531060058297,207931.27051464215,0.13410885017020635,0.012676460430376624,21,0.1125,0.6418558065437562,0.9800031781577075,-0.5228946243669692,0.6578241554755643,0.9768963959479914,-0.5525024106682104
832,20261750,0.1426993218639122,197854.34118802348,0.13410885017020635,0.008590471693705859,23,0.125,0.8024065557389058,1.2973329855636597,-0.2945791234332681,0.6578241554755643,0.9768963959479914,-0.5525024106682104
833,20261751,0.140138746821512,191802.59944310514,0.13410885017020635,0.006029896651305655,23,0.075,0.7543520289148342,1.1987963059367803,-0.3830213361191286,0.6578241554755643,0.9768963959479914,-0.5525024106682104
834,20261752,0.1415511523991905,195116.1975839208,0.13410885017020635,0.007442302228984149,22,0.1125,0.6062459452765524,0.894735570043047,-0.6034001931666433,0.6578241554755643,0.9768963959479914,-0.5525024106682104
835,20261753,0.16509929808551596,260160.71413424192,0.13410885017020635,0.03099044791530961,18,0.075,0.7907720795855234,1.2333275571393236,-0.5786236241308833,0.6578241554755643,0.9768963959479914,-0.5525024106682104
836,20261754,0.13782868533638257,186510.427492621,0.13410885017020635,0.0037198351661762163,21,0.1,0.7294724738406565,1.117294493197627,-0.46150020076997944,0.6578241554755643,0.9768963959479914,-0.5525024106682104
837,20261755,0.1467309590600246,207793.74351010853,0.13410885017020635,0.01262210888981824,21,0.0375,0.7143307880713657,1.080041065282158,-0.5610574431121526,0.6578241554755643,0.9768963959479914,-0.5525024106682104
838,20261756,0.14361023832584038,200055.47209548863,0.13410885017020635,0.009501388155634033,23,0.075,0.6193549124061297,0.9229228366611515,-0.5686762189955651,0.6578241554755643,0.9768963959479914,-0.5525024106682104
839,20261757,0.15503168904695813,229944.33404590518,0.13410885017020635,0.02092283887675178,21,0.1625,0.7654564380412587,1.218443562443806,-0.5178276949282304,0.6578241554755643,0.9768963959479914,-0.5525024106682104
840,20261758,0.14002913075178108,191547.9274271541,0.13410885017020635,0.005920280581574733,22,0.125,0.5414993311711356,0.7732412688194347,-0.6501576240694766,0.6578241554755643,0.9768963959479914,-0.5525024106682104
841,20261759,0.14474934098984588,202844.3179327399,0.13410885017020635,0.010640490819639525,19,0.1,0.525176154328126,0.7409865850219806,-0.6855896948341342,0.6578241554755643,0.9768963959479914,-0.5525024106682104
842,20261760,0.1451548331879333,203846.92300638676,0.13410885017020635,0.01104598301772694,21,0.075,0.6488131502934957,0.9768890824599292,-0.5891562578070169,0.6578241554755643,0.9768963959479914,-0.5525024106682104
843,20261761,0.1598107962180095,243804.51922139703,0.13410885017020635,0.025701946047803154,21,0.125,0.7247502561255388,1.1181793035336343,-0.5513327115531858,0.6578241554755643,0.9768963959479914,-0.5525024106682104
844,20261762,0.14609596818710716,206194.07168718733,0.13410885017020635,0.011987118016900805,20,0.1125,0.8703667885651017,1.4041517908355416,-0.36067991600697613,0.6578241554755643,0.9768963959479914,-0.5525024106682104
845,20261763,0.14638465050218594,206919.7115627626,0.13410885017020635,0.012275800331979586,23,0.0625,0.7418335830754341,1.1508979324009267,-0.48430998182693485,0.6578241554755643,0.9768963959479914,-0.5525024106682104
846,20261764,0.1432682044560636,199225.9763230058,0.13410885017020635,0.009159354285857263,21,0.1125,0.8076338863863379,1.2822434650250545,-0.4078575951751683,0.6578241554755643,0.9768963959479914,-0.5525024106682104
847,20261765,0.15425097226550594,227759.44794937628,0.13410885017020635,0.020142122095299586,21,0.15,0.6920038997551928,1.0408695479404733,-0.5138723598183339,0.6578241554755643,0.9768963959479914,-0.5525024106682104
848,20261766,0.14666763927655865,207633.6444247737,0.13410885017020635,0.012558789106352303,22,0.125,0.653881118642423,0.9894109521398348,-0.5148878517033915,0.6578241554755643,0.9768963959479914,-0.5525024106682104
849,20261767,0.16393014034980308,256449.11788138776,0.13410885017020635,0.029821290179596727,21,0.125,0.7718258494490927,1.1966235284507198,-0.5618665853599774,0.6578241554755643,0.9768963959479914,-0.5525024106682104
850,20261768,0.1481005173567307,211288.4727903377,0.13410885017020635,0.013991667186524337,19,0.075,0.6999250654951731,1.0703682225056899,-0.522343309816018,0.6578241554755643,0.9768963959479914,-0.5525024106682104
851,20261769,0.14391921814904457,200807.9313820676,0.13410885017020635,0.00981036797883822,23,0.025,0.7026661541631858,1.1010968648957353,-0.49350216445013806,0.6578241554755643,0.9768963959479914,-0.5525024106682104
852,20261770,0.13991805142202707,191290.21982427844,0.13410885017020635,0.005809201251820717,21,0.0875,0.7522592207102317,1.1903276661724542,-0.4014066062098719,0.6578241554755643,0.9768963959479914,-0.5525024106682104
853,20261771,0.15095381789394466,218768.81339924716,0.13410885017020635,0.016844967723738308,22,0.15,0.7113398429656502,1.0954502387034757,-0.5456332199301852,0.6578241554755643,0.9768963959479914,-0.5525024106682104
854,20261772,0.13772725244480785,186281.6177265823,0.13410885017020635,0.003618402274601501,20,0.125,0.8004500156048425,1.2492122411632893,-0.3642900215195969,0.6578241554755643,0.9768963959479914,-0.5525024106682104
855,20261773,0.15884888746567152,240946.41956501766,0.13410885017020635,0.024740037295465173,23,0.0875,0.7863410488249708,1.2178898202576127,-0.48360563738485096,0.6578241554755643,0.9768963959479914,-0.5525024106682104
856,20261774,0.14508014893251323,203661.87067906625,0.13410885017020635,0.010971298762306875,23,0.1125,0.7091201933883623,1.0861891968641826,-0.5282019535794851,0.6578241554755643,0.9768963959479914,-0.5525024106682104
857,20261775,0.15603555643179207,232785.93734570828,0.13410885017020635,0.021926706261585716,23,0.1375,0.7118922047570059,1.09387151227484,-0.5675256911103368,0.6578241554755643,0.9768963959479914,-0.5525024106682104
858,20261776,0.15930760612554296,242305.022585951,0.13410885017020635,0.025198755955336605,24,0.225,0.7213339630995537,1.1350053651265177,-0.5097543818788268,0.6578241554755643,0.9768963959479914,-0.5525024106682104
859,20261777,0.15213709505213732,221951.8656102036,0.13410885017020635,0.01802824488193097,21,0.1125,0.5112171159914888,0.7271508241455452,-0.7232925037613431,0.6578241554755643,0.9768963959479914,-0.5525024106682104
860,20261778,0.162019235299118,250500.74513424112,0.13410885017020635,0.02791038512891164,20,0.1375,0.8292718116610043,1.3455727792212515,-0.4060650028154055,0.6578241554755643,0.9768963959479914,-0.5525024106682104
861,20261779,0.1371513778671621,184988.1874506899,0.13410885017020635,0.00304252769695576,20,0.175,0.6501308669493663,0.9864634693190376,-0.5385817252163558,0.6578241554755643,0.9768963959479914,-0.5525024106682104
862,20261780,0.13719429336440947,185084.24858074987,0.13410885017020635,0.003085443194203119,23,0.125,0.6589540723974531,0.9965177488128736,-0.5140188832937583,0.6578241554755643,0.9768963959479914,-0.5525024106682104
863,20261781,0.1529450447778937,224153.09403226434,0.13410885017020635,0.018836194607687345,24,0.1125,0.5508986572747594,0.7947571183119462,-0.664343213540809,0.6578241554755643,0.9768963959479914,-0.5525024106682104
864,20261782,0.1497849032221246,215671.3090483377,0.13410885017020635,0.015676053051918243,20,0.175,0.7811551733526091,1.2171434990681158,-0.4882969373476771,0.6578241554755643,0.9768963959479914,-0.5525024106682104
865,20261783,0.16298897402439036,253501.27156448938,0.13410885017020635,0.02888012385418401,22,0.1125,0.7447965531582637,1.1615197167721756,-0.5039799303757675,0.6578241554755643,0.9768963959479914,-0.5525024106682104
866,20261784,0.16994672392084575,276153.7317412131,0.13410885017020635,0.035837873750639404,21,0.125,0.8874178436204888,1.4381625224694972,-0.3707745740352768,0.6578241554755643,0.9768963959479914,-0.5525024106682104
867,20261785,0.15474430294397676,229137.5299121428,0.13410885017020635,0.020635452773770407,22,0.1,0.7605503850489276,1.1661324133597335,-0.4998437096270797,0.6578241554755643,0.9768963959479914,-0.5525024106682104
868,20261786,0.15023553087967398,216859.94791526147,0.13410885017020635,0.016126680709467628,21,0.05,0.8286136595388488,1.3196376327080606,-0.4117434784698538,0.6578241554755643,0.9768963959479914,-0.5525024106682104
869,20261787,0.1346005452460302,179372.16514981617,0.13410885017020635,0.0004916950758238614,21,0.0625,0.6927199368015179,1.0402678925482562,-0.5099149764110993,0.6578241554755643,0.9768963959479914,-0.5525024106682104
870,20261788,0.15185273334802218,221182.52422825477,0.13410885017020635,0.017743883177815833,20,0.1125,0.7888795380126674,1.2383354193662162,-0.46486703688534714,0.6578241554755643,0.9768963959479914,-0.5525024106682104
871,20261789,0.1513060233035447,219711.2305085376,0.13410885017020635,0.01719717313333835,24,0.075,0.6564210330088566,0.9926102809736392,-0.5008156980949716,0.6578241554755643,0.9768963959479914,-0.5525024106682104
872,20261790,0.16360538423912782,255427.9393116531,0.13410885017020635,0.02949653406892147,23,0.0875,0.8002363513896094,1.238131239966708,-0.5574715999585396,0.6578241554755643,0.9768963959479914,-0.5525024106682104
873,20261791,0.14386941573639705,200686.44636265893,0.13410885017020635,0.009760565566190704,23,0.0625,0.6954548561345842,1.0600176022540526,-0.5074050223513382,0.6578241554755643,0.9768963959479914,-0.5525024106682104
874,20261792,0.1611834030252829,247944.18186745068,0.13410885017020635,0.02707455285507654,21,0.1625,0.78092551489603,1.2276280254908425,-0.4866115990536287,0.6578241554755643,0.9768963959479914,-0.5525024106682104
875,20261793,0.14387829224347357,200708.09351588617,0.13410885017020635,0.009769442073267215,22,0.05,0.6348002811135341,0.9475916547132553,-0.554816427087203,0.6578241554755643,0.9768963959479914,-0.5525024106682104
876,20261794,0.14298378772125897,198538.97054482737,0.13410885017020635,0.00887493755105262,21,0.0375,0.6237039065706843,0.9331388933486514,-0.5772736477998387,0.6578241554755643,0.9768963959479914,-0.5525024106682104
877,20261795,0.15905731783111646,241562.74864785874,0.13410885017020635,0.024948467660910106,22,0.1125,0.5629525462812716,0.8296447973117113,-0.6804310832008765,0.6578241554755643,0.9768963959479914,-0.5525024106682104
878,20261796,0.14469866905011444,202719.3933864441,0.13410885017020635,0.010589818879908092,23,0.1,0.585346031856019,0.8684999179627608,-0.6175694309221992,0.6578241554755643,0.9768963959479914,-0.5525024106682104
879,20261797,0.14266402836279204,197769.57320625632,0.13410885017020635,0.008555178192585694,22,0.0875,0.7881335924784185,1.2243049177554919,-0.461233859306706,0.6578241554755643,0.9768963959479914,-0.5525024106682104
880,20261798,0.1536373599032785,226057.44491536645,0.13410885017020635,0.019528509733072158,25,0.0125,0.7257298361814286,1.1325360401147866,-0.47932242826946325,0.6578241554755643,0.9768963959479914,-0.5525024106682104
881,20261799,0.14354632922302177,199900.2048608186,0.13410885017020635,0.009437479052815417,22,0.1375,0.6648115963498813,0.9841354773404071,-0.5282992311852563,0.6578241554755643,0.9768963959479914,-0.5525024106682104
882,20261800,0.1389501158567251,189060.0088613643,0.13410885017020635,0.004841265686518742,20,0.05,0.7479531460100749,1.1585040455266675,-0.4878694446091989,0.6578241554755643,0.9768963959479914,-0.5525024106682104
883,20261801,0.1395886375013958,190528.11860981298,0.13410885017020635,0.005479787331189451,22,0.1,0.7571855060900176,1.187291513060134,-0.42206334590638417,0.6578241554755643,0.9768963959479914,-0.5525024106682104
884,20261802,0.1493765887854314,214600.1779817074,0.13410885017020635,0.01526773861522504,24,0.0875,0.7017514360789778,1.0948004490187309,-0.525772023146273,0.6578241554755643,0.9768963959479914,-0.5525024106682104
885,20261803,0.13665547834052635,183881.99403518756,0.13410885017020635,0.0025466281703200033,22,0.1375,0.62587379838155,0.9289723309420078,-0.5174205827503865,0.6578241554755643,0.9768963959479914,-0.5525024106682104
886,20261804,0.163762158701966,255920.38002057758,0.13410885017020635,0.029653308531759653,19,0.1375,0.7704176774825084,1.2031270428003613,-0.5298608561997038,0.6578241554755643,0.9768963959479914,-0.5525024106682104
887,20261805,0.1664846559815934,264630.93178724236,0.13410885017020635,0.03237580581138705,21,0.1,0.8206588105235382,1.3044242687913967,-0.5100839991851708,0.6578241554755643,0.9768963959479914,-0.5525024106682104
888,20261806,0.1602614889456998,245155.77799068173,0.13410885017020635,0.026152638775493453,23,0.125,0.8429541925590559,1.3508395656580323,-0.45674452056890835,0.6578241554755643,0.9768963959479914,-0.5525024106682104
889,20261807,0.15061771283939793,217873.42415384186,0.13410885017020635,0.016508862669191576,22,0.05,0.7549642328990063,1.1633623109986249,-0.5216368660442507,0.6578241554755643,0.9768963959479914,-0.5525024106682104
890,20261808,0.15175566479108735,220920.54439669393,0.13410885017020635,0.017646814620880996,22,0.1375,0.6875351931045456,1.0476675489204326,-0.5917481761562762,0.6578241554755643,0.9768963959479914,-0.5525024106682104
891,20261809,0.14872052091116605,212890.78083520962,0.13410885017020635,0.014611670740959704,19,0.1125,0.7715159683895767,1.2089287800614092,-0.4379520434217907,0.6578241554755643,0.9768963959479914,-0.5525024106682104
892,20261810,0.1620519537890086,250601.3771358169,0.13410885017020635,0.027943103618802256,18,0.15,0.8909737168119607,1.4597943080141862,-0.32329783296109516,0.6578241554755643,0.9768963959479914,-0.5525024106682104
893,20261811,0.13893600005564583,189027.6886406052,0.13410885017020635,0.0048271498854394745,26,0.1,0.6313335873480105,0.9378305984909435,-0.5692572606095563,0.6578241554755643,0.9768963959479914,-0.5525024106682104
894,20261812,0.14779114144858155,210493.6734529197,0.13410885017020635,0.013682291278375197,24,0.1625,0.7004175262504649,1.0739153783009765,-0.5263474836604423,0.6578241554755643,0.9768963959479914,-0.5525024106682104
895,20261813,0.15367643426505465,226165.42979849805,0.13410885017020635,0.019567584094848295,23,0.125,0.6906662072859051,1.0570126397777175,-0.5851612537921782,0.6578241554755643,0.9768963959479914,-0.5525024106682104
896,20261814,0.14674864844348035,207838.4928905126,0.13410885017020635,0.012639798273273994,23,0.1375,0.628307155454076,0.9293348261509473,-0.5792204364384513,0.6578241554755643,0.9768963959479914,-0.5525024106682104
897,20261815,0.14313658374091306,198907.73715144853,0.13410885017020635,0.009027733570706714,24,0.05,0.608370595475946,0.9149300039356776,-0.6019328032890849,0.6578241554755643,0.9768963959479914,-0.5525024106682104
898,20261816,0.14294875232994228,198454.51565147145,0.13410885017020635,0.00883990215973593,23,0.1125,0.6799703448987332,1.0495962952429914,-0.5257790114570335,0.6578241554755643,0.9768963959479914,-0.5525024106682104
899,20261817,0.1653358862212388,260918.54386152813,0.13410885017020635,0.031227036051032442,20,0.0875,0.9406798312319413,1.5336847230967006,-0.3368237683933879,0.6578241554755643,0.9768963959479914,-0.5525024106682104
900,20261818,0.13780186851117135,186449.90589720517,0.13410885017020635,0.0036930183409649986,23,0.075,0.6797858700646938,1.0434428635849362,-0.473011809750274,0.6578241554755643,0.9768963959479914,-0.5525024106682104
901,20261819,0.14592796594801632,205773.00790929707,0.13410885017020635,0.011819115777809974,21,0.0625,0.7579082800924385,1.1428440613410324,-0.5199063925228029,0.6578241554755643,0.9768963959479914,-0.5525024106682104
902,20261820,0.16365344274583532,255578.79009338137,0.13410885017020635,0.02954459257562897,24,0.1375,0.7648935345864644,1.1730241870036404,-0.5522607964153767,0.6578241554755643,0.9768963959479914,-0.5525024106682104
903,20261821,0.15929637239221572,242271.65610213488,0.13410885017020635,0.025187522222009373,19,0.1125,0.8204257687232699,1.310836877110269,-0.4395810896273421,0.6578241554755643,0.9768963959479914,-0.5525024106682104
904,20261822,0.15173519184903284,220865.33114463085,0.13410885017020635,0.017626341678826485,21,0.15,0.6518606109377292,0.9870704059647926,-0.48380301930890224,0.6578241554755643,0.9768963959479914,-0.5525024106682104
905,20261823,0.15904599006611572,241529.21025011735,0.13410885017020635,0.02493713989590937,23,0.05,0.8354041372517702,1.3508515293188657,-0.35500756514460086,0.6578241554755643,0.9768963959479914,-0.5525024106682104
906,20261824,0.1528733115064616,223956.7388430036,0.13410885017020635,0.018764461336255256,22,0.0875,0.7375989553733593,1.1587301175474194,-0.45720200332870864,0.6578241554755643,0.9768963959479914,-0.5525024106682104
907,20261825,0.15120584385657623,219442.74251433506,0.13410885017020635,0.017096993686369882,21,0.1,0.879596200155213,1.4255997785030432,-0.3458392014995417,0.6578241554755643,0.9768963959479914,-0.5525024106682104
908,20261826,0.15282563814170302,223826.34225862226,0.13410885017020635,0.018716787971496673,19,0.0875,0.587056961198143,0.8608829835788873,-0.6854576040185727,0.6578241554755643,0.9768963959479914,-0.5525024106682104
909,20261827,0.1384184089237561,187846.6084212213,0.13410885017020635,0.0043095587535497415,21,0.1125,0.6652277155551971,1.0026621146129184,-0.49670729022067417,0.6578241554755643,0.9768963959479914,-0.5525024106682104
910,20261828,0.1514661104987043,220140.98970379573,0.13410885017020635,0.017357260328497937,19,0.125,0.752482758606999,1.1904608787954145,-0.3684857754131984,0.6578241554755643,0.9768963959479914,-0.5525024106682104
911,20261829,0.15494718753746875,229706.79804895978,0.13410885017020635,0.0208383373672624,21,0.075,0.7770960715416816,1.216739464832237,-0.5150810862128363,0.6578241554755643,0.9768963959479914,-0.5525024106682104
912,20261830,0.15654807002150542,234250.79877182905,0.13410885017020635,0.02243921985129907,20,0.0875,0.8689411098838886,1.366935644592895,-0.37470693894396834,0.6578241554755643,0.9768963959479914,-0.5525024106682104
913,20261831,0.12298604446768346,155996.29010630338,0.13410885017020635,-0.011122805702522887,23,0.225,0.4578831978704166,0.6490559025085075,-0.6327907154926,0.6578241554755643,0.9768963959479914,-0.5525024106682104
914,20261832,0.13802713566308442,186958.94637429208,0.13410885017020635,0.003918285492878065,21,0.0625,0.6763522736993158,1.0262290698519874,-0.5090899195913006,0.6578241554755643,0.9768963959479914,-0.5525024106682104
915,20261833,0.1301996295843128,170103.5904428729,0.13410885017020635,-0.003909220585893547,19,0.1125,0.719178130400953,1.1275995436340762,-0.3904687562295359,0.6578241554755643,0.9768963959479914,-0.5525024106682104
916,20261834,0.15305388950107124,224451.37820141859,0.13410885017020635,0.018945039330864888,19,0.1125,0.7459161219846931,1.1479893001798995,-0.503971946659619,0.6578241554755643,0.9768963959479914,-0.5525024106682104
917,20261835,0.1465470702468744,207329.15327052082,0.13410885017020635,0.01243822007666806,22,0.0625,0.7260633498816386,1.117487710748742,-0.4812298662712773,0.6578241554755643,0.9768963959479914,-0.5525024106682104
918,20261836,0.12516099397188643,160113.47171820002,0.13410885017020635,-0.00894785619831992,24,0.0875,0.5301707418492376,0.7684165862225485,-0.6332784151253132,0.6578241554755643,0.9768963959479914,-0.5525024106682104
919,20261837,0.13550560019331317,181343.82753353304,0.13410885017020635,0.0013967500231068242,22,0.125,0.7123800888245811,1.1060629011038101,-0.4697704107709113,0.6578241554755643,0.9768963959479914,-0.5525024106682104
920,20261838,0.14694555442414786,208337.2959891756,0.13410885017020635,0.012836704253941511,25,0.125,0.5515942236067216,0.8028056415790081,-0.6208843030225019,0.6578241554755643,0.9768963959479914,-0.5525024106682104
921,20261839,0.13497589675809044,180187.09844742535,0.13410885017020635,0.000867046587884085,24,0.1,0.5874509669478024,0.852132504634935,-0.5959865963406685,0.6578241554755643,0.9768963959479914,-0.5525024106682104
922,20261840,0.15821567849562318,239084.0495810716,0.13410885017020635,0.02410682832541683,22,0.075,0.5635544306765834,0.8391674911188282,-0.6687571577371559,0.6578241554755643,0.9768963959479914,-0.5525024106682104
923,20261841,0.1545170843406216,228501.73284659878,0.13410885017020635,0.020408234170415263,20,0.1,0.8021129853855159,1.2874931945114354,-0.42435217542737613,0.6578241554755643,0.9768963959479914,-0.5525024106682104
924,20261842,0.15825382225344928,239195.8107830627,0.13410885017020635,0.024144972083242927,21,0.1375,0.5843959375727744,0.851225424990084,-0.6845713017720904,0.6578241554755643,0.9768963959479914,-0.5525024106682104
925,20261843,0.1382543327948357,187473.83610603574,0.13410885017020635,0.004145482624629354,21,0.1375,0.7719253923009374,1.229366080104815,-0.4355077742642266,0.6578241554755643,0.9768963959479914,-0.5525024106682104
926,20261844,0.13808667066029992,187093.72400661063,0.13410885017020635,0.00397782049009357,23,0.0625,0.5166817576314514,0.7518284724714848,-0.632637567938519,0.6578241554755643,0.9768963959479914,-0.5525024106682104
927,20261845,0.15461066584026356,228763.3665944684,0.13410885017020635,0.02050181567005721,20,0.1125,0.7601387352371878,1.1799541731205634,-0.5135322321880638,0.6578241554755643,0.9768963959479914,-0.5525024106682104
928,20261846,0.15212146012973804,221909.49261163617,0.13410885017020635,0.01801260995953169,21,0.0875,0.7301067805499593,1.1100690284027166,-0.5872304558895356,0.6578241554755643,0.9768963959479914,-0.5525024106682104
929,20261847,0.1363400137770118,183181.93698930487,0.13410885017020635,0.0022311636068054475,22,0.125,0.5669534909778653,0.8426539178661359,-0.6094546476158724,0.6578241554755643,0.9768963959479914,-0.5525024106682104
930,20261848,0.15830770601111827,239353.78298349184,0.13410885017020635,0.024198855840911915,20,0.075,0.6605082125097164,1.0086944165465521,-0.5755386958044952,0.6578241554755643,0.9768963959479914,-0.5525024106682104
931,20261849,0.1512229121722981,219488.46251482534,0.13410885017020635,0.017114062002091757,21,0.0875,0.8060060333313744,1.2810273651467077,-0.4158153462447115,0.6578241554755643,0.9768963959479914,-0.5525024106682104
932,20261850,0.15546984524316346,231180.12318979017,0.13410885017020635,0.021360995072957106,21,0.1375,0.7479271472014856,1.182471134617129,-0.49666298405582965,0.6578241554755643,0.9768963959479914,-0.5525024106682104
933,20261851,0.13982386750578693,191071.9968064971,0.13410885017020635,0.00571501733558058,19,0.1375,0.5541678643865,0.8032618900506443,-0.6566082722359294,0.6578241554755643,0.9768963959479914,-0.5525024106682104
934,20261852,0.15297171285322309,224226.1383515891,0.13410885017020635,0.018862862683016735,21,0.1125,0.7658714043712935,1.1781212435258122,-0.5314854862202232,0.6578241554755643,0.9768963959479914,-0.5525024106682104
935,20261853,0.1348327254545892,179875.79452034758,0.13410885017020635,0.0007238752843828355,22,0.15,0.6730142524009953,1.0268149544397673,-0.505296205338525,0.6578241554755643,0.9768963959479914,-0.5525024106682104
936,20261854,0.15411142847885237,227371.21628097777,0.13410885017020635,0.02000257830864602,21,0.125,0.8411755337268971,1.3562937245088642,-0.3201732510325507,0.6578241554755643,0.9768963959479914,-0.5525024106682104
937,20261855,0.13332709765953646,176636.34030450942,0.13410885017020635,-0.0007817525106698919,19,0.1375,0.6248743796269981,0.9404401450662409,-0.5525609882723785,0.6578241554755643,0.9768963959479914,-0.5525024106682104
938,20261856,0.13937301075866287,190031.00098115762,0.13410885017020635,0.0052641605884565235,21,0.1125,0.6478336123260108,1.0068447232126074,-0.4393469757786115,0.6578241554755643,0.9768963959479914,-0.5525024106682104
939,20261857,0.14131443962689738,194556.6695296923,0.13410885017020635,0.007205589456691031,21,0.125,0.8012262421485414,1.2676458062054627,-0.3928002675330672,0.6578241554755643,0.9768963959479914,-0.5525024106682104
940,20261858,0.15324237872705382,224968.90690879396,0.13410885017020635,0.019133528556847468,21,0.075,0.6716515404398556,1.0314674629101703,-0.565016687279545,0.6578241554755643,0.9768963959479914,-0.5525024106682104
941,20261859,0.1544609970120946,228345.07459500918,0.13410885017020635,0.02035214684188824,23,0.0375,0.6058588461461998,0.911845591853186,-0.6305690208011143,0.6578241554755643,0.9768963959479914,-0.5525024106682104
942,20261860,0.14776818468534625,210434.82178284624,0.13410885017020635,0.013659334515139898,18,0.225,0.6409063521574404,0.966243610602464,-0.572461846430417,0.6578241554755643,0.9768963959479914,-0.5525024106682104
943,20261861,0.1492851043225117,214360.9524863105,0.13410885017020635,0.015176254152305363,21,0.0875,0.7308681515880012,1.1147104470267521,-0.5165898760720969,0.6578241554755643,0.9768963959479914,-0.5525024106682104
944,20261862,0.13955864932667472,190458.90012344715,0.13410885017020635,0.005449799156468371,22,0.1125,0.5623226713240845,0.8252264414733885,-0.6503136525869091,0.6578241554755643,0.9768963959479914,-0.5525024106682104
945,20261863,0.1584459723675001,239759.63920315861,0.13410885017020635,0.024337122197293753,21,0.0375,0.8988616573742608,1.468227584329726,-0.32584153460612164,0.6578241554755643,0.9768963959479914,-0.5525024106682104
946,20261864,0.16327194012688542,254383.83607123978,0.13410885017020635,0.029163089956679072,20,0.1,0.8016604954815155,1.2549544479515322,-0.5405784084999633,0.6578241554755643,0.9768963959479914,-0.5525024106682104
947,20261865,0.16512100418304113,260230.14697255503,0.13410885017020635,0.031012154012834775,21,0.15,0.8081775688805952,1.3105142999565824,-0.45724348196409503,0.6578241554755643,0.9768963959479914,-0.5525024106682104
948,20261866,0.13948817785329504,190296.34286083851,0.13410885017020635,0.005379327683088686,21,0.075,0.7520108264977056,1.1642982853797135,-0.45956817038299946,0.6578241554755643,0.9768963959479914,-0.5525024106682104
949,20261867,0.13953409613771062,190402.24639862825,0.13410885017020635,0.005425245967504266,20,0.1,0.5722372709774575,0.8399303031378491,-0.6082487162137549,0.6578241554755643,0.9768963959479914,-0.5525024106682104
950,20261868,0.1438707330846163,200689.65882676965,0.13410885017020635,0.009761882914409936,23,0.0875,0.6703601397966361,1.0288120107936802,-0.5730791565330181,0.6578241554755643,0.9768963959479914,-0.5525024106682104
951,20261869,0.14985773056707058,215862.94516520473,0.13410885017020635,0.01574888039686423,22,0.1125,0.5919086471318633,0.8618184736910104,-0.6087733512891793,0.6578241554755643,0.9768963959479914,-0.5525024106682104
952,20261870,0.16681879804563057,265721.00540113414,0.13410885017020635,0.03270994787542422,23,0.075,0.8558089745659934,1.3987312743821836,-0.4019186486112013,0.6578241554755643,0.9768963959479914,-0.5525024106682104
953,20261871,0.15075787557966652,218246.35243791871,0.13410885017020635,0.016649025409460172,23,0.05,0.6789450018571274,1.0548505515860838,-0.5475194930900312,0.6578241554755643,0.9768963959479914,-0.5525024106682104
954,20261872,0.1623005541353798,251367.36962086117,0.13410885017020635,0.028191703965173454,19,0.1375,0.8516061262944354,1.3787591527756928,-0.3890962858378585,0.6578241554755643,0.9768963959479914,-0.5525024106682104
955,20261873,0.15969909096223406,243470.8072728721,0.13410885017020635,0.025590240792027708,19,0.0625,0.71231472177534,1.0697602917676592,-0.5704510168340988,0.6578241554755643,0.9768963959479914,-0.5525024106682104
956,20261874,0.1522824950572208,222346.32729022347,0.13410885017020635,0.01817364488701445,23,0.075,0.6130936536683717,0.8963448583054878,-0.6878855158316992,0.6578241554755643,0.9768963959479914,-0.5525024106682104
957,20261875,0.15954840589647837,243021.39918325795,0.13410885017020635,0.025439555726272017,20,0.1625,0.7362491604372685,1.1409712019795877,-0.5472697963816326,0.6578241554755643,0.9768963959479914,-0.5525024106682104
958,20261876,0.14789272814130053,210754.3072514742,0.13410885017020635,0.013783877971094177,22,0.075,0.7632974031070362,1.1912199387280928,-0.4895088674511069,0.6578241554755643,0.9768963959479914,-0.5525024106682104
959,20261877,0.15598243216068153,232634.64588310075,0.13410885017020635,0.021873581990475177,22,0.1,0.616458970198989,0.8952184968618766,-0.6479284639944536,0.6578241554755643,0.9768963959479914,-0.5525024106682104
960,20261878,0.14951462894507492,214961.67332003245,0.13410885017020635,0.015405778774868567,22,0.1875,0.7253508143521766,1.1222217943128245,-0.5498430810020497,0.6578241554755643,0.9768963959479914,-0.5525024106682104
961,20261879,0.1501064555716726,216518.78077961225,0.13410885017020635,0.015997605401466247,23,0.1,0.5950204233491659,0.8875440822241208,-0.642512334963997,0.6578241554755643,0.9768963959479914,-0.5525024106682104
962,20261880,0.14618522920979202,206418.1546853637,0.13410885017020635,0.012076379039585666,20,0.1,0.6968969708744334,1.0508378683154984,-0.5435857723418023,0.6578241554755643,0.9768963959479914,-0.5525024106682104
963,20261881,0.16302082952224634,253600.46896440117,0.13410885017020635,0.028911979352039985,19,0.15,0.8673558715307917,1.3621199337483056,-0.4536099815547995,0.6578241554755643,0.9768963959479914,-0.5525024106682104
964,20261882,0.14403123190279157,201081.453898956,0.13410885017020635,0.009922381732585223,22,0.1125,0.597335773922019,0.8787182853793837,-0.6335860210541207,0.6578241554755643,0.9768963959479914,-0.5525024106682104
965,20261883,0.15626183821236223,233431.51157563808,0.13410885017020635,0.022152988042155874,20,0.1375,0.7954873618610462,1.2570244568071582,-0.4733275865313511,0.6578241554755643,0.9768963959479914,-0.5525024106682104
966,20261884,0.1653168113637793,260857.35921721067,0.13410885017020635,0.031207961193572942,21,0.0875,0.830659330430817,1.343037021018255,-0.501278109775052,0.6578241554755643,0.9768963959479914,-0.5525024106682104
967,20261885,0.1582895444679144,239300.52624149434,0.13410885017020635,0.024180694297708055,21,0.1,0.5774133746580686,0.8647237562072801,-0.6955962694955435,0.6578241554755643,0.9768963959479914,-0.5525024106682104
968,20261886,0.1558263951772585,232190.86472029117,0.13410885017020635,0.02171754500705214,19,0.1625,0.6231626696548835,0.9344115458997986,-0.6442617577536449,0.6578241554755643,0.9768963959479914,-0.5525024106682104
969,20261887,0.13907621979016838,189349.00163035069,0.13410885017020635,0.004967369619962025,23,0.1,0.6423478430871752,0.9839390821974588,-0.5153087630797517,0.6578241554755643,0.9768963959479914,-0.5525024106682104
970,20261888,0.1547244035740641,229081.77425192654,0.13410885017020635,0.02061555340385776,21,0.1375,0.6959903728809225,1.0971382169510016,-0.5136407470890489,0.6578241554755643,0.9768963959479914,-0.5525024106682104
971,20261889,0.1664342011656847,264466.7361362391,0.13410885017020635,0.03232535099547834,19,0.1125,0.83028241817928,1.3139994200437448,-0.44869476928191177,0.6578241554755643,0.9768963959479914,-0.5525024106682104
972,20261890,0.12528905140041277,160359.47530720208,0.13410885017020635,-0.00881979876979358,23,0.075,0.501343276516627,0.7263734204964076,-0.619577272639579,0.6578241554755643,0.9768963959479914,-0.5525024106682104
973,20261891,0.14656687128919482,207379.12762037507,0.13410885017020635,0.012458021118988472,22,0.0375,0.6132651739571023,0.8954761939223158,-0.5932300858639161,0.6578241554755643,0.9768963959479914,-0.5525024106682104
974,20261892,0.14921357577464794,214174.10509650692,0.13410885017020635,0.015104725604441593,21,0.075,0.7051740543117323,1.0841684903524262,-0.46667340957355663,0.6578241554755643,0.9768963959479914,-0.5525024106682104
975,20261893,0.15228551776060073,222354.53548653916,0.13410885017020635,0.01817666759039438,22,0.1375,0.6491586933097657,0.9584082255312513,-0.604088454852661,0.6578241554755643,0.9768963959479914,-0.5525024106682104
976,20261894,0.15860536443007012,240228.39625408244,0.13410885017020635,0.024496514259863766,22,0.05,0.6245245859372621,0.9303654192902424,-0.6553974601137154,0.6578241554755643,0.9768963959479914,-0.5525024106682104
977,20261895,0.1440627936544801,201158.59423024647,0.13410885017020635,0.009953943484273753,21,0.125,0.5545623820900332,0.809302645663673,-0.6731923201154897,0.6578241554755643,0.9768963959479914,-0.5525024106682104
978,20261896,0.147848621177314,210641.1035513799,0.13410885017020635,0.01373977100710766,23,0.1,0.6511429172159943,0.9831633961144478,-0.5541339204102926,0.6578241554755643,0.9768963959479914,-0.5525024106682104
979,20261897,0.15405337093225618,227209.89529811378,0.13410885017020635,0.019944520762049833,22,0.0875,0.647388794689405,0.9685749880567434,-0.6164457599757752,0.6578241554755643,0.9768963959479914,-0.5525024106682104
980,20261898,0.15549485618848,231250.8737375338,0.13410885017020635,0.021386006018273646,23,0.075,0.5874874305810198,0.8663576893211992,-0.6610902146796764,0.6578241554755643,0.9768963959479914,-0.5525024106682104
981,20261899,0.1654056875945616,261142.56621204418,0.13410885017020635,0.03129683742435524,21,0.0875,0.9061348106405305,1.445784580085551,-0.436712562356823,0.6578241554755643,0.9768963959479914,-0.5525024106682104
982,20261900,0.145209521293897,203982.54108931444,0.13410885017020635,0.011100671123690647,22,0.05,0.6239796383877824,0.9103102955199189,-0.6159929534059359,0.6578241554755643,0.9768963959479914,-0.5525024106682104
983,20261901,0.1385401374013818,188123.6751312145,0.13410885017020635,0.004431287231175446,23,0.075,0.5067639462444797,0.7169442053703841,-0.6779265910676192,0.6578241554755643,0.9768963959479914,-0.5525024106682104
984,20261902,0.15959051964752438,243146.91357010236,0.13410885017020635,0.02548166947731803,25,0.0625,0.8088055853284231,1.2566394461962698,-0.49869129144225766,0.6578241554755643,0.9768963959479914,-0.5525024106682104
985,20261903,0.15300592300913218,224319.8770135264,0.13410885017020635,0.018897072838925832,20,0.1,0.7115562484405268,1.1150047742327829,-0.4744808680427073,0.6578241554755643,0.9768963959479914,-0.5525024106682104
986,20261904,0.1551457392007105,230265.33895044378,0.13410885017020635,0.021036889030504158,21,0.0875,0.6483672089955798,0.9659997964326202,-0.6279918497726461,0.6578241554755643,0.9768963959479914,-0.5525024106682104
987,20261905,0.14918287116435885,214093.9506851737,0.13410885017020635,0.015074020994152504,22,0.1125,0.5574969434412858,0.8313738066780737,-0.6382206383124216,0.6578241554755643,0.9768963959479914,-0.5525024106682104
988,20261906,0.14921699037289018,214183.02085212953,0.13410885017020635,0.015108140202683834,23,0.0875,0.6077548547676259,0.8809506344160464,-0.6553544447540234,0.6578241554755643,0.9768963959479914,-0.5525024106682104
989,20261907,0.15714859131130962,235979.44859854423,0.13410885017020635,0.02303974114110327,22,0.0875,0.7336468501567189,1.1334434267927276,-0.5472800024186883,0.6578241554755643,0.9768963959479914,-0.5525024106682104
990,20261908,0.13682138119046994,184251.2893527041,0.13410885017020635,0.0027125310202635866,23,0.075,0.5357200943961473,0.765073961338544,-0.6721731591541099,0.6578241554755643,0.9768963959479914,-0.5525024106682104
991,20261909,0.14815700644037968,211433.93524977512,0.13410885017020635,0.014048156270173334,22,0.1,0.5399553600025714,0.7546645172491706,-0.7129344747658449,0.6578241554755643,0.9768963959479914,-0.5525024106682104
992,20261910,0.15853496314416604,240021.23505012676,0.13410885017020635,0.02442611297395969,22,0.1375,0.6711475349331475,0.9974864033572498,-0.6209517109954926,0.6578241554755643,0.9768963959479914,-0.5525024106682104
993,20261911,0.14321389594430653,199094.60155781687,0.13410885017020635,0.009105045774100179,20,0.1375,0.7929218854584601,1.2368287562613343,-0.3972595386276374,0.6578241554755643,0.9768963959479914,-0.5525024106682104
994,20261912,0.15449423561638148,228437.90022475738,0.13410885017020635,0.02038538544617513,22,0.0375,0.6927176739907414,1.0515773166591398,-0.5605911213907273,0.6578241554755643,0.9768963959479914,-0.5525024106682104
995,20261913,0.1591373084929354,241799.71713617723,0.13410885017020635,0.02502845832272904,22,0.125,0.6728345641634943,1.0214316402973294,-0.5449236298640641,0.6578241554755643,0.9768963959479914,-0.5525024106682104
996,20261914,0.1590054693424617,241409.2792349108,0.13410885017020635,0.024896619172255358,20,0.125,0.689806824893599,1.024603476381995,-0.5577517021600711,0.6578241554755643,0.9768963959479914,-0.5525024106682104
997,20261915,0.1547147152271806,229054.63379010017,0.13410885017020635,0.02060586505697426,19,0.075,0.8085371894017515,1.2463983002216634,-0.47418953792602203,0.6578241554755643,0.9768963959479914,-0.5525024106682104
998,20261916,0.14608850197834858,206175.3399269529,0.13410885017020635,0.011979651808142228,23,0.075,0.713715975734347,1.1068735551035211,-0.5286323174997349,0.6578241554755643,0.9768963959479914,-0.5525024106682104
999,20261917,0.14288074522089964,198290.68845356698,0.13410885017020635,0.008771895050693285,21,0.05,0.6143686017305486,0.9270557071008128,-0.5806147189767359,0.6578241554755643,0.9768963959479914,-0.5525024106682104
